[Licensing::Module] Trying to connect to existing licensing client channel...
[Licensing::IpcConnector] Channel LicenseClient-Orion doesn't exist
[Licensing::Module] Successfully launched the LicensingClient (PId: 57984)
[Licensing::IpcConnector] Successfully connected to: "LicenseClient-Orion" at "2026-09-06T15:27:23.1294784Z"
[Licensing::Client] Code 10 while verifying Licensing Client signature (process Id: 57984, path: "C:/Program Files/Unity/Hub/Editor/6000.1.8f1/Editor/Data/Resources/Licensing/Client/Unity.Licensing.Client.exe")
[Licensing::Module] LicensingClient has failed validation; ignoring
[Licensing::Client] Handshaking with LicensingClient:
  Version:                 1.16.2+bdef8f5
  Session Id:              fb363d0023b944bb98411b34b5cce622
  Correlation Id:          e1ebf0f035bb843927dcc30128cc4ba7
  External correlation Id: 6675524203787484149
  Machine Id:              5fBk8XKXslKAr4Qk6SjsjOIfkv8=
[Licensing::Module] Successfully connected to LicensingClient on channel: "LicenseClient-Orion" (connect: 0.57s, validation: 0.05s, handshake: 0.03s)
[Licensing::IpcConnector] Successfully connected to: "LicenseClient-Orion-notifications" at "2026-09-06T15:27:23.2079999Z"
[Licensing::Module] Connected to LicensingClient (PId: 57984, launch time: 0.00, total connection time: 0.65s)
[Licensing::Module] Error: Access token is unavailable; failed to update
[Licensing::Client] Successfully resolved entitlement details
[Licensing::Module] Serial number assigned to: "6381265-UnityPersXXXX"
[Licensing::Client] Successfully updated license, isAync: True, time: 0.03
Built from '6000.1/staging' branch; Version is '6000.1.8f1 (2a5b1522e5ab) revision 2775829'; Using compiler version '194234433'; Build Type 'Release'
OS: 'Windows 10  (10.0.19045) 64bit Professional' Language: 'en' Physical Memory: 32605 MB
[Licensing::Client] Successfully resolved entitlement details
BatchMode: 1, IsHumanControllingUs: 0, StartBugReporterOnCrash: 0, Is64bit: 1, IsPro: 0
Date: 2026-09-06T15:27:23Z

COMMAND LINE ARGUMENTS:
C:\Program Files\Unity\Hub\Editor\6000.1.8f1\Editor\Unity.exe
-batchmode
-nographics
-quit
-projectPath
C:\Repos\BizarreChess2
-executeMethod
BizarreChess.Editor.WebGLBuilder.Build
-logFile
C:\Repos\BizarreChess2\BuildWeb\unity-webgl-build.log
Successfully changed project path to: C:\Repos\BizarreChess2
C:/Repos/BizarreChess2
[UnityMemory] Configuration Parameters - Can be set up in boot.config
    "memorysetup-allocator-temp-initial-block-size-main=262144"
    "memorysetup-allocator-temp-initial-block-size-worker=262144"
    "memorysetup-bucket-allocator-granularity=16"
    "memorysetup-bucket-allocator-bucket-count=8"
    "memorysetup-bucket-allocator-block-size=33554432"
    "memorysetup-bucket-allocator-block-count=8"
    "memorysetup-main-allocator-block-size=16777216"
    "memorysetup-thread-allocator-block-size=16777216"
    "memorysetup-gfx-main-allocator-block-size=16777216"
    "memorysetup-gfx-thread-allocator-block-size=16777216"
    "memorysetup-cache-allocator-block-size=4194304"
    "memorysetup-typetree-allocator-block-size=2097152"
    "memorysetup-profiler-bucket-allocator-granularity=16"
    "memorysetup-profiler-bucket-allocator-bucket-count=8"
    "memorysetup-profiler-bucket-allocator-block-size=33554432"
    "memorysetup-profiler-bucket-allocator-block-count=8"
    "memorysetup-profiler-allocator-block-size=16777216"
    "memorysetup-profiler-editor-allocator-block-size=1048576"
    "memorysetup-temp-allocator-size-main=16777216"
    "memorysetup-job-temp-allocator-block-size=2097152"
    "memorysetup-job-temp-allocator-block-size-background=1048576"
    "memorysetup-job-temp-allocator-reduction-small-platforms=262144"
    "memorysetup-temp-allocator-size-background-worker=32768"
    "memorysetup-temp-allocator-size-job-worker=262144"
    "memorysetup-temp-allocator-size-preload-manager=33554432"
    "memorysetup-temp-allocator-size-nav-mesh-worker=65536"
    "memorysetup-temp-allocator-size-audio-worker=65536"
    "memorysetup-temp-allocator-size-cloud-worker=32768"
    "memorysetup-temp-allocator-size-gi-baking-worker=262144"
    "memorysetup-temp-allocator-size-gi-baking-worker=262144"
    "memorysetup-temp-allocator-size-gi-baking-worker=262144"
    "memorysetup-temp-allocator-size-gi-baking-worker=262144"
    "memorysetup-temp-allocator-size-gi-baking-worker=262144"
    "memorysetup-temp-allocator-size-gfx=262144"
Player connection [70252]  Target information:

Player connection [70252]  * "[IP] 192.168.56.1 [Port] 55504 [Flags] 2 [Guid] 952104126 [EditorId] 952104126 [Version] 1048832 [Id] WindowsEditor(7,DESKTOP-CNG9I9A) [Debug] 1 [PackageName] WindowsEditor [ProjectName] Editor" 

Player connection [70252]  * "[IP] 192.168.1.134 [Port] 55504 [Flags] 2 [Guid] 952104126 [EditorId] 952104126 [Version] 1048832 [Id] WindowsEditor(7,DESKTOP-CNG9I9A) [Debug] 1 [PackageName] WindowsEditor [ProjectName] Editor" 

Player connection [70252]  * "[IP] 172.17.144.1 [Port] 55504 [Flags] 2 [Guid] 952104126 [EditorId] 952104126 [Version] 1048832 [Id] WindowsEditor(7,DESKTOP-CNG9I9A) [Debug] 1 [PackageName] WindowsEditor [ProjectName] Editor" 

Player connection [70252] Host joined multi-casting on [225.0.0.222:54997]...
Player connection [70252] Host joined alternative multi-casting on [225.0.0.222:34997]...
Input System module state changed to: Initialized.
[Physics::Module] Initialized fallback backend.
[Physics::Module] Id: 0xdecafbad
[Package Manager] Connected to IPC stream "Upm-70172" after 0.2 seconds.
Library Redirect Path: Library/
[Package Manager] Restoring resolved packages state from cache
[Licensing::Client] Successfully resolved entitlement details
[Package Manager] Registered 63 packages:
  Packages from [https://packages.unity.com]:
    com.unity.cloud.gltfast@6.20.0 (location: C:\Repos\BizarreChess2\Library\PackageCache\com.unity.cloud.gltfast@11ddc2436f97)
    com.unity.dedicated-server@1.6.2 (location: C:\Repos\BizarreChess2\Library\PackageCache\com.unity.dedicated-server@5a2666836321)
    com.unity.inputsystem@1.14.2 (location: C:\Repos\BizarreChess2\Library\PackageCache\com.unity.inputsystem@be6c4fd0abf5)
    com.unity.multiplayer.center.quickstart@1.1.1 (location: C:\Repos\BizarreChess2\Library\PackageCache\com.unity.multiplayer.center.quickstart@c025a98340af)
    com.unity.multiplayer.playmode@1.6.2 (location: C:\Repos\BizarreChess2\Library\PackageCache\com.unity.multiplayer.playmode@96fe8db2c047)
    com.unity.multiplayer.tools@2.2.6 (location: C:\Repos\BizarreChess2\Library\PackageCache\com.unity.multiplayer.tools@8395f16a9a9a)
    com.unity.multiplayer.widgets@1.0.5 (location: C:\Repos\BizarreChess2\Library\PackageCache\com.unity.multiplayer.widgets@5e458f651b7a)
    com.unity.netcode.gameobjects@2.7.0 (location: C:\Repos\BizarreChess2\Library\PackageCache\com.unity.netcode.gameobjects@bd2a018756ed)
    com.unity.services.multiplayer@1.2.0 (location: C:\Repos\BizarreChess2\Library\PackageCache\com.unity.services.multiplayer@b65d52ffeb93)
    com.unity.services.vivox@16.8.0 (location: C:\Repos\BizarreChess2\Library\PackageCache\com.unity.services.vivox@8d492b6dcbe5)
    com.unity.settings-manager@2.1.0 (location: C:\Repos\BizarreChess2\Library\PackageCache\com.unity.settings-manager@41738c275190)
    com.unity.nuget.newtonsoft-json@3.2.1 (location: C:\Repos\BizarreChess2\Library\PackageCache\com.unity.nuget.newtonsoft-json@74deb55db2a0)
    com.unity.services.qos@1.3.0 (location: C:\Repos\BizarreChess2\Library\PackageCache\com.unity.services.qos@f4a3648d24d3)
    com.unity.services.core@1.15.1 (location: C:\Repos\BizarreChess2\Library\PackageCache\com.unity.services.core@874e9d230d57)
    com.unity.services.wire@1.4.0 (location: C:\Repos\BizarreChess2\Library\PackageCache\com.unity.services.wire@2d36cce58c62)
    com.unity.services.deployment@1.6.2 (location: C:\Repos\BizarreChess2\Library\PackageCache\com.unity.services.deployment@3b0f19f59670)
    com.unity.services.authentication@3.5.1 (location: C:\Repos\BizarreChess2\Library\PackageCache\com.unity.services.authentication@c43f6f840fa0)
    com.unity.transport@2.6.0 (location: C:\Repos\BizarreChess2\Library\PackageCache\com.unity.transport@6e74a0e6481d)
    com.unity.profiling.core@1.0.2 (location: C:\Repos\BizarreChess2\Library\PackageCache\com.unity.profiling.core@aac7b93912bc)
    com.unity.burst@1.8.30 (location: C:\Repos\BizarreChess2\Library\PackageCache\com.unity.burst@2f3d916873ea)
    com.unity.collections@2.6.8 (location: C:\Repos\BizarreChess2\Library\PackageCache\com.unity.collections@84e8eb3fc12e)
    com.unity.mathematics@1.3.3 (location: C:\Repos\BizarreChess2\Library\PackageCache\com.unity.mathematics@19a9377c4ffa)
    com.unity.services.deployment.api@1.1.2 (location: C:\Repos\BizarreChess2\Library\PackageCache\com.unity.services.deployment.api@3c4a519a9319)
    com.unity.test-framework.performance@3.1.0 (location: C:\Repos\BizarreChess2\Library\PackageCache\com.unity.test-framework.performance@92d1d09a72ed)
    com.unity.nuget.mono-cecil@1.11.6 (location: C:\Repos\BizarreChess2\Library\PackageCache\com.unity.nuget.mono-cecil@ecb9724e46ff)
  Built-in packages:
    com.unity.multiplayer.center@1.0.0 (location: C:\Repos\BizarreChess2\Library\PackageCache\com.unity.multiplayer.center@f3fb577b3546)
    com.unity.modules.accessibility@1.0.0 (location: C:\Program Files\Unity\Hub\Editor\6000.1.8f1\Editor\Data\Resources\PackageManager\BuiltInPackages\com.unity.modules.accessibility)
    com.unity.modules.ai@1.0.0 (location: C:\Program Files\Unity\Hub\Editor\6000.1.8f1\Editor\Data\Resources\PackageManager\BuiltInPackages\com.unity.modules.ai)
    com.unity.modules.androidjni@1.0.0 (location: C:\Program Files\Unity\Hub\Editor\6000.1.8f1\Editor\Data\Resources\PackageManager\BuiltInPackages\com.unity.modules.androidjni)
    com.unity.modules.animation@1.0.0 (location: C:\Program Files\Unity\Hub\Editor\6000.1.8f1\Editor\Data\Resources\PackageManager\BuiltInPackages\com.unity.modules.animation)
    com.unity.modules.assetbundle@1.0.0 (location: C:\Program Files\Unity\Hub\Editor\6000.1.8f1\Editor\Data\Resources\PackageManager\BuiltInPackages\com.unity.modules.assetbundle)
    com.unity.modules.audio@1.0.0 (location: C:\Program Files\Unity\Hub\Editor\6000.1.8f1\Editor\Data\Resources\PackageManager\BuiltInPackages\com.unity.modules.audio)
    com.unity.modules.cloth@1.0.0 (location: C:\Program Files\Unity\Hub\Editor\6000.1.8f1\Editor\Data\Resources\PackageManager\BuiltInPackages\com.unity.modules.cloth)
    com.unity.modules.director@1.0.0 (location: C:\Program Files\Unity\Hub\Editor\6000.1.8f1\Editor\Data\Resources\PackageManager\BuiltInPackages\com.unity.modules.director)
    com.unity.modules.imageconversion@1.0.0 (location: C:\Program Files\Unity\Hub\Editor\6000.1.8f1\Editor\Data\Resources\PackageManager\BuiltInPackages\com.unity.modules.imageconversion)
    com.unity.modules.imgui@1.0.0 (location: C:\Program Files\Unity\Hub\Editor\6000.1.8f1\Editor\Data\Resources\PackageManager\BuiltInPackages\com.unity.modules.imgui)
    com.unity.modules.jsonserialize@1.0.0 (location: C:\Program Files\Unity\Hub\Editor\6000.1.8f1\Editor\Data\Resources\PackageManager\BuiltInPackages\com.unity.modules.jsonserialize)
    com.unity.modules.particlesystem@1.0.0 (location: C:\Program Files\Unity\Hub\Editor\6000.1.8f1\Editor\Data\Resources\PackageManager\BuiltInPackages\com.unity.modules.particlesystem)
    com.unity.modules.physics@1.0.0 (location: C:\Program Files\Unity\Hub\Editor\6000.1.8f1\Editor\Data\Resources\PackageManager\BuiltInPackages\com.unity.modules.physics)
    com.unity.modules.physics2d@1.0.0 (location: C:\Program Files\Unity\Hub\Editor\6000.1.8f1\Editor\Data\Resources\PackageManager\BuiltInPackages\com.unity.modules.physics2d)
    com.unity.modules.screencapture@1.0.0 (location: C:\Program Files\Unity\Hub\Editor\6000.1.8f1\Editor\Data\Resources\PackageManager\BuiltInPackages\com.unity.modules.screencapture)
    com.unity.modules.terrain@1.0.0 (location: C:\Program Files\Unity\Hub\Editor\6000.1.8f1\Editor\Data\Resources\PackageManager\BuiltInPackages\com.unity.modules.terrain)
    com.unity.modules.terrainphysics@1.0.0 (location: C:\Program Files\Unity\Hub\Editor\6000.1.8f1\Editor\Data\Resources\PackageManager\BuiltInPackages\com.unity.modules.terrainphysics)
    com.unity.modules.tilemap@1.0.0 (location: C:\Program Files\Unity\Hub\Editor\6000.1.8f1\Editor\Data\Resources\PackageManager\BuiltInPackages\com.unity.modules.tilemap)
    com.unity.modules.ui@1.0.0 (location: C:\Program Files\Unity\Hub\Editor\6000.1.8f1\Editor\Data\Resources\PackageManager\BuiltInPackages\com.unity.modules.ui)
    com.unity.modules.uielements@1.0.0 (location: C:\Program Files\Unity\Hub\Editor\6000.1.8f1\Editor\Data\Resources\PackageManager\BuiltInPackages\com.unity.modules.uielements)
    com.unity.modules.umbra@1.0.0 (location: C:\Program Files\Unity\Hub\Editor\6000.1.8f1\Editor\Data\Resources\PackageManager\BuiltInPackages\com.unity.modules.umbra)
    com.unity.modules.unityanalytics@1.0.0 (location: C:\Program Files\Unity\Hub\Editor\6000.1.8f1\Editor\Data\Resources\PackageManager\BuiltInPackages\com.unity.modules.unityanalytics)
    com.unity.modules.unitywebrequest@1.0.0 (location: C:\Program Files\Unity\Hub\Editor\6000.1.8f1\Editor\Data\Resources\PackageManager\BuiltInPackages\com.unity.modules.unitywebrequest)
    com.unity.modules.unitywebrequestassetbundle@1.0.0 (location: C:\Program Files\Unity\Hub\Editor\6000.1.8f1\Editor\Data\Resources\PackageManager\BuiltInPackages\com.unity.modules.unitywebrequestassetbundle)
    com.unity.modules.unitywebrequestaudio@1.0.0 (location: C:\Program Files\Unity\Hub\Editor\6000.1.8f1\Editor\Data\Resources\PackageManager\BuiltInPackages\com.unity.modules.unitywebrequestaudio)
    com.unity.modules.unitywebrequesttexture@1.0.0 (location: C:\Program Files\Unity\Hub\Editor\6000.1.8f1\Editor\Data\Resources\PackageManager\BuiltInPackages\com.unity.modules.unitywebrequesttexture)
    com.unity.modules.unitywebrequestwww@1.0.0 (location: C:\Program Files\Unity\Hub\Editor\6000.1.8f1\Editor\Data\Resources\PackageManager\BuiltInPackages\com.unity.modules.unitywebrequestwww)
    com.unity.modules.vehicles@1.0.0 (location: C:\Program Files\Unity\Hub\Editor\6000.1.8f1\Editor\Data\Resources\PackageManager\BuiltInPackages\com.unity.modules.vehicles)
    com.unity.modules.video@1.0.0 (location: C:\Program Files\Unity\Hub\Editor\6000.1.8f1\Editor\Data\Resources\PackageManager\BuiltInPackages\com.unity.modules.video)
    com.unity.modules.vr@1.0.0 (location: C:\Program Files\Unity\Hub\Editor\6000.1.8f1\Editor\Data\Resources\PackageManager\BuiltInPackages\com.unity.modules.vr)
    com.unity.modules.wind@1.0.0 (location: C:\Program Files\Unity\Hub\Editor\6000.1.8f1\Editor\Data\Resources\PackageManager\BuiltInPackages\com.unity.modules.wind)
    com.unity.modules.xr@1.0.0 (location: C:\Program Files\Unity\Hub\Editor\6000.1.8f1\Editor\Data\Resources\PackageManager\BuiltInPackages\com.unity.modules.xr)
    com.unity.modules.subsystems@1.0.0 (location: C:\Program Files\Unity\Hub\Editor\6000.1.8f1\Editor\Data\Resources\PackageManager\BuiltInPackages\com.unity.modules.subsystems)
    com.unity.modules.hierarchycore@1.0.0 (location: C:\Program Files\Unity\Hub\Editor\6000.1.8f1\Editor\Data\Resources\PackageManager\BuiltInPackages\com.unity.modules.hierarchycore)
    com.unity.ugui@2.0.0 (location: C:\Repos\BizarreChess2\Library\PackageCache\com.unity.ugui@57cef44123c7)
    com.unity.test-framework@1.5.1 (location: C:\Repos\BizarreChess2\Library\PackageCache\com.unity.test-framework@7056e7f856e9)
    com.unity.ext.nunit@2.0.5 (location: C:\Repos\BizarreChess2\Library\PackageCache\com.unity.ext.nunit@031a54704bff)
[Physics::Module] Selected backend.
[Physics::Module] Name: PhysX
[Physics::Module] Id: 0xf2b8ea05
[Physics::Module] SDK Version: 4.1.2
[Physics::Module] Integration Version: 1.0.0
[Physics::Module] Threading Mode: Multi-Threaded
[Subsystems] No new subsystems found in resolved package list.
Package Manager log level set to [2]
[Package Manager] Done registering packages in 0.09 seconds
Artifact Garbage Collection - Removed 1 unused hashed content files
Refreshing native plugins compatible for Editor in 17.92 ms, found 2 plugins.
Preloading 1 native plugins for Editor in 1.95 ms.
Initialize engine version: 6000.1.8f1 (2a5b1522e5ab)
[Subsystems] Discovering subsystems at path C:/Program Files/Unity/Hub/Editor/6000.1.8f1/Editor/Data/Resources/UnitySubsystems
[Subsystems] Discovering subsystems at path C:/Repos/BizarreChess2/Assets
Forcing GfxDevice: Null
GfxDevice: creating device client; kGfxThreadingModeNonThreaded
NullGfxDevice:
    Version:  NULL 1.0 [1.0]
    Renderer: Null Device
    Vendor:   Unity Technologies
[Licensing::Client] Successfully resolved entitlement details
Initialize mono
Mono path[0] = 'C:/Program Files/Unity/Hub/Editor/6000.1.8f1/Editor/Data/Managed'
Mono path[1] = 'C:/Program Files/Unity/Hub/Editor/6000.1.8f1/Editor/Data/MonoBleedingEdge/lib/mono/unityjit-win32'
Mono config path = 'C:/Program Files/Unity/Hub/Editor/6000.1.8f1/Editor/Data/MonoBleedingEdge/etc'
Using monoOptions --debugger-agent=transport=dt_socket,embedding=1,server=y,suspend=n,address=127.0.0.1:56172
Using cacheserver namespaces - metadata:defaultmetadata, artifacts:defaultartifacts
Using cacheserver namespaces - metadata:defaultmetadata, artifacts:defaultartifacts
ImportWorker Server TCP listen port: 0
AcceleratorClientConnectionCallback - disconnected - :0
Begin MonoManager ReloadAssembly
Registering precompiled unity dll's ...
Register platform support module: C:/Program Files/Unity/Hub/Editor/6000.1.8f1/Editor/Data/PlaybackEngines/WebGLSupport/UnityEditor.WebGL.Extensions.dll
Register platform support module: C:/Program Files/Unity/Hub/Editor/6000.1.8f1/Editor/Data/PlaybackEngines/WindowsStandaloneSupport/UnityEditor.WindowsStandalone.Extensions.dll
Registered in 0.002042 seconds.
- Loaded All Assemblies, in  0.300 seconds
Native extension for WindowsStandalone target not found
Native extension for WebGL target not found
Mono: successfully reloaded assembly
- Finished resetting the current domain, in  0.269 seconds
Domain Reload Profiling: 568ms
	BeginReloadAssembly (103ms)
		ExecutionOrderSort (0ms)
		DisableScriptedObjects (0ms)
		BackupInstance (0ms)
		ReleaseScriptingObjects (0ms)
		CreateAndSetChildDomain (1ms)
	RebuildCommonClasses (27ms)
	RebuildNativeTypeToScriptingClass (9ms)
	initialDomainReloadingComplete (39ms)
	LoadAllAssembliesAndSetupDomain (120ms)
		LoadAssemblies (101ms)
		RebuildTransferFunctionScriptingTraits (0ms)
		AnalyzeDomain (117ms)
			TypeCache.Refresh (116ms)
				TypeCache.ScanAssembly (105ms)
			BuildScriptInfoCaches (0ms)
			ResolveRequiredComponents (0ms)
	FinalizeReload (270ms)
		ReleaseScriptCaches (0ms)
		RebuildScriptCaches (0ms)
		SetupLoadedEditorAssemblies (239ms)
			LogAssemblyErrors (0ms)
			InitializePlatformSupportModulesInManaged (49ms)
			SetLoadedEditorAssemblies (3ms)
			BeforeProcessingInitializeOnLoad (46ms)
			ProcessInitializeOnLoadAttributes (96ms)
			ProcessInitializeOnLoadMethodAttributes (46ms)
			AfterProcessingInitializeOnLoad (0ms)
			EditorAssembliesLoaded (0ms)
		ExecutionOrderSort2 (0ms)
		AwakeInstancesAfterBackupRestoration (0ms)
[Licensing::Client] Successfully resolved entitlement details
Application.AssetDatabase Initial Refresh Start
[ScriptCompilation] Requested script compilation because: Assetdatabase observed changes in script compilation related files
Connectivity with IL Post Processor runner cannot be established yet. Retrying.Starting: C:\Program Files\Unity\Hub\Editor\6000.1.8f1\Editor\Data\bee_backend.exe --ipc --defer-dag-verification --dagfile="Library/Bee/1900b0aE.dag" --continue-on-failure --profile="Library/Bee/backend1.traceevents" ScriptAssemblies
WorkingDir: C:/Repos/BizarreChess2
DisplayProgressbar: Compiling Scripts
Starting: C:\Program Files\Unity\Hub\Editor\6000.1.8f1\Editor\Data\Tools\netcorerun\netcorerun.exe "C:\Program Files\Unity\Hub\Editor\6000.1.8f1\Editor\Data\Tools\BuildPipeline\ScriptCompilationBuildProgram.exe" "Library/Bee/1900b0aE.dag.json" "Library/Bee/1900b0aE-inputdata.json" "Library\Bee\buildprogram0.traceevents"
WorkingDir: C:/Repos/BizarreChess2
ExitCode: 4 Duration: 6s372ms
Rebuilding DAG because FileSignature timestamp changed: Library/Bee/1900b0aE-inputdata.json
[1088/1448  0s] Csc Library/Bee/artifacts/1900b0aE.dag/BizarreChess.dll (+2 others)
Assets\Scripts\Networking\NetworkedGameState.cs(299,20): warning CS0618: 'ServerRpcAttribute.RequireOwnership' is obsolete: 'ServerRpc with RequireOwnership is deprecated. Use [Rpc(SendTo.Server, InvokePermission = RpcInvokePermission.Everyone)] or [Rpc(SendTo.Server, InvokePermission = RpcInvokePermission.Owner)] instead.)]'

Assets\Scripts\Networking\NetworkedGameState.cs(366,20): warning CS0618: 'ServerRpcAttribute.RequireOwnership' is obsolete: 'ServerRpc with RequireOwnership is deprecated. Use [Rpc(SendTo.Server, InvokePermission = RpcInvokePermission.Everyone)] or [Rpc(SendTo.Server, InvokePermission = RpcInvokePermission.Owner)] instead.)]'

Assets\Scripts\Networking\NetworkedGameState.cs(393,20): warning CS0618: 'ServerRpcAttribute.RequireOwnership' is obsolete: 'ServerRpc with RequireOwnership is deprecated. Use [Rpc(SendTo.Server, InvokePermission = RpcInvokePermission.Everyone)] or [Rpc(SendTo.Server, InvokePermission = RpcInvokePermission.Owner)] instead.)]'

Assets\Scripts\Networking\NetworkedGameState.cs(415,20): warning CS0618: 'ServerRpcAttribute.RequireOwnership' is obsolete: 'ServerRpc with RequireOwnership is deprecated. Use [Rpc(SendTo.Server, InvokePermission = RpcInvokePermission.Everyone)] or [Rpc(SendTo.Server, InvokePermission = RpcInvokePermission.Owner)] instead.)]'

Assets\Scripts\Networking\NetworkedGameState.cs(459,20): warning CS0618: 'ServerRpcAttribute.RequireOwnership' is obsolete: 'ServerRpc with RequireOwnership is deprecated. Use [Rpc(SendTo.Server, InvokePermission = RpcInvokePermission.Everyone)] or [Rpc(SendTo.Server, InvokePermission = RpcInvokePermission.Owner)] instead.)]'

Assets\Scripts\Networking\NetworkedGameState.cs(481,20): warning CS0618: 'ServerRpcAttribute.RequireOwnership' is obsolete: 'ServerRpc with RequireOwnership is deprecated. Use [Rpc(SendTo.Server, InvokePermission = RpcInvokePermission.Everyone)] or [Rpc(SendTo.Server, InvokePermission = RpcInvokePermission.Owner)] instead.)]'

Assets\Scripts\Networking\NetworkedGameState.cs(499,20): warning CS0618: 'ServerRpcAttribute.RequireOwnership' is obsolete: 'ServerRpc with RequireOwnership is deprecated. Use [Rpc(SendTo.Server, InvokePermission = RpcInvokePermission.Everyone)] or [Rpc(SendTo.Server, InvokePermission = RpcInvokePermission.Owner)] instead.)]'

Assets\Scripts\Core\Player\PlayerColors.cs(84,29): warning CS0414: The field 'PlayerColors._initialized' is assigned but its value is never used
[BUSY       6s] ILPP-Configuration Library/ilpp-configuration.nevergeneratedoutput
[1089/1448  6s] ILPP-Configuration Library/ilpp-configuration.nevergeneratedoutput
*** Tundra requires additional run (6.34 seconds), 2 items updated, 1087 evaluated
ExitCode: 0 Duration: 0s875ms
Starting: C:\Program Files\Unity\Hub\Editor\6000.1.8f1\Editor\Data\bee_backend.exe --ipc --defer-dag-verification --dagfile="Library/Bee/1900b0aE.dag" --continue-on-failure --dagfilejson="Library\Bee\1900b0aE.dag.json" --profile="Library/Bee/backend2.traceevents" ScriptAssemblies
WorkingDir: C:/Repos/BizarreChess2
ExitCode: 0 Duration: 24s
Finished compiling graph: 1453 nodes, 29527 flattened edges (22169 ToBuild, 250 ToUse), maximum node priority 2289
[ 146/1449  0s] WriteText Library/Bee/artifacts/1900b0aE.dag/Unity.Multiplayer.Tools.MetricTypes.dll.mvfrm.rsp
[ 147/1449  0s] WriteText Library/Bee/artifacts/1900b0aE.dag/Unity.Collections.dll.mvfrm.rsp
[ 151/1449  0s] WriteText Library/Bee/artifacts/1900b0aE.dag/Unity.Multiplayer.Tools.Common.rsp
[ 153/1449  0s] WriteText Library/Bee/artifacts/1900b0aE.dag/UnityEngine.UI.dll.mvfrm.rsp
[ 154/1449  0s] WriteText Library/Bee/artifacts/1900b0aE.dag/UnityEditor.TestRunner.dll.mvfrm.rsp
[ 159/1449  0s] WriteText Library/Bee/artifacts/1900b0aE.dag/Unity.Burst.rsp
[ 160/1449  0s] WriteText Library/Bee/artifacts/1900b0aE.dag/Unity.Collections.rsp
[ 163/1449  0s] WriteText Library/Bee/artifacts/1900b0aE.dag/UnityEngine.UI.rsp
[ 164/1449  0s] WriteText Library/Bee/artifacts/1900b0aE.dag/UnityEditor.TestRunner.rsp
[ 165/1449  0s] WriteText Library/Bee/artifacts/1900b0aE.dag/UnityEditor.UI.dll.mvfrm.rsp
[ 166/1449  0s] WriteText Library/Bee/artifacts/1900b0aE.dag/Unity.Multiplayer.Tools.NetStats.dll.mvfrm.rsp
[ 169/1449  0s] WriteText Library/Bee/artifacts/1900b0aE.dag/Unity.Multiplayer.Tools.Common.dll.mvfrm.rsp
[ 170/1449  0s] WriteText Library/Bee/artifacts/1900b0aE.dag/Unity.Mathematics.rsp
[ 171/1449  0s] WriteText Library/Bee/artifacts/1900b0aE.dag/Unity.Multiplayer.Tools.MetricEvents.rsp
[ 176/1449  0s] WriteText Library/Bee/artifacts/1900b0aE.dag/Unity.Networking.Transport.rsp
[ 181/1449  0s] WriteText Library/Bee/artifacts/1900b0aE.dag/Unity.Multiplayer.Tools.NetworkSolutionInterface.dll.mvfrm.rsp
[ 189/1449  0s] WriteText Library/Bee/artifacts/1900b0aE.dag/Unity.Multiplayer.Tools.NetStats.rsp
[ 190/1449  0s] WriteText Library/Bee/artifacts/1900b0aE.dag/Unity.Networking.Transport.dll.mvfrm.rsp
[ 191/1449  0s] WriteText Library/Bee/artifacts/1900b0aE.dag/Unity.Netcode.Runtime.dll.mvfrm.rsp
[ 192/1449  0s] WriteText Library/Bee/artifacts/1900b0aE.dag/Unity.Multiplayer.Tools.NetworkSolutionInterface.rsp
[ 193/1449  0s] WriteText Library/Bee/artifacts/1900b0aE.dag/Unity.Netcode.Runtime.rsp
[ 194/1449  0s] WriteText Library/Bee/artifacts/1900b0aE.dag/Unity.Services.Core.dll.mvfrm.rsp
[ 195/1449  0s] WriteText Library/Bee/artifacts/1900b0aE.dag/Unity.Services.Core.Internal.rsp
[ 198/1449  0s] WriteText Library/Bee/artifacts/1900b0aE.dag/Unity.Multiplayer.Tools.MetricTypes.rsp
[ 199/1449  0s] WriteText Library/Bee/artifacts/1900b0aE.dag/Unity.Multiplayer.Tools.MetricEvents.dll.mvfrm.rsp
[ 200/1449  0s] WriteText Library/Bee/artifacts/1900b0aE.dag/Unity.Services.Core.rsp
[ 204/1449  0s] WriteText Library/Bee/artifacts/1900b0aE.dag/Unity.Netcode.Editor.CodeGen.dll.mvfrm.rsp
[ 205/1449  0s] WriteText Library/Bee/artifacts/1900b0aE.dag/Unity.Multiplayer.Tools.NetStatsReporting.rsp
[ 216/1449  0s] WriteText Library/Bee/artifacts/1900b0aE.dag/Unity.Burst.CodeGen.dll.mvfrm.rsp
[ 218/1449  0s] WriteText Library/Bee/artifacts/1900b0aE.dag/Unity.Collections.CodeGen.rsp
[ 219/1449  0s] WriteText Library/Bee/artifacts/1900b0aE.dag/Unity.Mathematics.dll.mvfrm.rsp
[ 222/1449  0s] WriteText Library/Bee/artifacts/1900b0aE.dag/Unity.Multiplayer.Tools.NetStats.CodeGen.rsp
[ 223/1449  0s] WriteText Library/Bee/artifacts/1900b0aE.dag/Unity.Netcode.Editor.CodeGen.rsp
[ 224/1449  0s] WriteText Library/Bee/artifacts/1900b0aE.dag/Unity.Services.Core.Environments.rsp
[ 225/1449  0s] WriteText Library/Bee/artifacts/1900b0aE.dag/Unity.Services.Core.Internal.dll.mvfrm.rsp
[ 226/1449  0s] WriteText Library/Bee/artifacts/1900b0aE.dag/UnityEditor.UI.rsp
[ 227/1449  0s] WriteText Library/Bee/artifacts/1900b0aE.dag/Unity.Burst.CodeGen.rsp
[ 228/1449  0s] WriteText Library/Bee/artifacts/1900b0aE.dag/Unity.Services.Core.Configuration.rsp
[ 231/1449  0s] WriteText Library/Bee/artifacts/1900b0aE.dag/Unity.Services.Core.Configuration.dll.mvfrm.rsp
[ 232/1449  0s] WriteText Library/Bee/artifacts/1900b0aE.dag/Unity.Services.Core.Telemetry.dll.mvfrm.rsp
[ 235/1449  0s] WriteText Library/Bee/artifacts/1900b0aE.dag/Unity.Burst.dll.mvfrm.rsp
[ 236/1449  0s] WriteText Library/Bee/artifacts/1900b0aE.dag/Unity.Services.Core.Environments.Internal.dll.mvfrm.rsp
[ 237/1449  0s] WriteText Library/Bee/artifacts/1900b0aE.dag/Unity.Services.Core.Device.dll.mvfrm.rsp
[ 238/1449  0s] WriteText Library/Bee/artifacts/1900b0aE.dag/Unity.Services.Core.Environments.Internal.rsp
[ 241/1449  0s] WriteText Library/Bee/artifacts/1900b0aE.dag/Unity.Services.Core.Scheduler.dll.mvfrm.rsp
[ 246/1449  0s] WriteText Library/Bee/artifacts/1900b0aE.dag/Unity.Services.Core.Environments.dll.mvfrm.rsp
[ 247/1449  0s] WriteText Library/Bee/artifacts/1900b0aE.dag/Unity.Services.Core.Threading.rsp
[ 248/1449  0s] WriteResponseFile Library/Bee/artifacts/rsp/4747638433968585886.rsp
[ 251/1449  0s] WriteText Library/Bee/artifacts/1900b0aE.dag/Unity.Services.Core.Threading.dll.mvfrm.rsp
[ 252/1449  0s] WriteText Library/Bee/artifacts/1900b0aE.dag/Unity.Services.Core.Device.rsp
[ 253/1449  0s] WriteText Library/Bee/artifacts/1900b0aE.dag/Unity.Services.Core.Configuration.Editor.dll.mvfrm.rsp
[ 256/1449  0s] WriteText Library/Bee/artifacts/1900b0aE.dag/Unity.Services.Core.Scheduler.rsp
[ 258/1449  0s] WriteText Library/Bee/artifacts/1900b0aE.dag/Unity.Collections.CodeGen.dll.mvfrm.rsp
[ 259/1449  0s] WriteText Library/Bee/artifacts/1900b0aE.dag/Unity.Services.Core.Telemetry.rsp
[ 265/1449  0s] WriteText Library/Bee/artifacts/1900b0aE.dag/Unity.Multiplayer.Tools.NetStats.CodeGen.dll.mvfrm.rsp
[ 269/1449  0s] WriteText Library/Bee/artifacts/1900b0aE.dag/Unity.Services.Core.Components.dll.mvfrm.rsp
[ 271/1449  0s] WriteText Library/Bee/artifacts/1900b0aE.dag/Unity.Services.Core.Configuration.Editor.rsp
[ 272/1449  0s] WriteText Library/Bee/artifacts/1900b0aE.dag/Unity.Services.Core.Networking.dll.mvfrm.rsp
[ 273/1449  0s] WriteText Library/Bee/artifacts/1900b0aE.dag/Unity.Services.Core.Editor.dll.mvfrm.rsp
[ 274/1449  0s] WriteText Library/Bee/artifacts/1900b0aE.dag/Unity.Services.Authentication.dll.mvfrm.rsp
[ 275/1449  0s] WriteText Library/Bee/artifacts/1900b0aE.dag/Unity.Services.Core.Registration.dll.mvfrm.rsp
[ 276/1449  0s] WriteText Library/Bee/artifacts/1900b0aE.dag/Unity.Services.Core.Networking.rsp
[ 279/1449  0s] WriteText Library/Bee/artifacts/1900b0aE.dag/Unity.Multiplayer.Tools.Adapters.dll.mvfrm.rsp
[ 282/1449  0s] WriteText Library/Bee/artifacts/1900b0aE.dag/Unity.Services.Core.Editor.rsp
[ 287/1449  0s] WriteText Library/Bee/artifacts/1900b0aE.dag/Unity.Multiplayer.Tools.Adapters.rsp
[ 288/1449  0s] WriteText Library/Bee/artifacts/1900b0aE.dag/Unity.Services.Core.Registration.rsp
[ 295/1449  0s] WriteText Library/Bee/artifacts/1900b0aE.dag/Unity.DedicatedServer.Editor.Bridge.dll.mvfrm.rsp
[ 296/1449  0s] WriteText Library/Bee/artifacts/1900b0aE.dag/Unity.DedicatedServer.Editor.rsp
[ 297/1449  0s] WriteText Library/Bee/artifacts/1900b0aE.dag/Unity.Services.Authentication.rsp
[ 300/1449  0s] WriteText Library/Bee/artifacts/1900b0aE.dag/Unity.Services.QoS.rsp
[ 301/1449  0s] WriteText Library/Bee/artifacts/1900b0aE.dag/Unity.Services.Core.Environments.Editor.dll.mvfrm.rsp
[ 304/1449  0s] WriteText Library/Bee/artifacts/1900b0aE.dag/Unity.Services.DeploymentApi.dll.mvfrm.rsp
[ 305/1449  0s] WriteText Library/Bee/artifacts/1900b0aE.dag/Unity.Services.Core.Environments.Editor.rsp
[ 306/1449  0s] WriteText Library/Bee/artifacts/1900b0aE.dag/Unity.Services.Core.Components.rsp
[ 307/1449  0s] WriteText Library/Bee/artifacts/1900b0aE.dag/Unity.Multiplayer.Tools.NetStatsReporting.dll.mvfrm.rsp
[ 312/1449  0s] WriteText Library/Bee/artifacts/1900b0aE.dag/Unity.DedicatedServer.MultiplayerRoles.rsp
[ 316/1449  0s] WriteText Library/Bee/artifacts/1900b0aE.dag/Unity.Multiplayer.Tools.NetStatsMonitor.Configuration.dll.mvfrm.rsp
[ 317/1449  0s] WriteText Library/Bee/artifacts/1900b0aE.dag/Unity.DedicatedServer.MultiplayerRoles.dll.mvfrm.rsp
[ 318/1449  0s] WriteText Library/Bee/artifacts/1900b0aE.dag/Unity.Services.DeploymentApi.rsp
[ 322/1449  0s] WriteText Library/Bee/artifacts/1900b0aE.dag/Unity.DedicatedServer.Editor.dll.mvfrm.rsp
[ 323/1449  0s] WriteText Library/Bee/artifacts/1900b0aE.dag/Unity.Multiplayer.Playmode.Common.Editor.dll.mvfrm.rsp
[ 327/1449  0s] WriteText Library/Bee/artifacts/1900b0aE.dag/Unity.Multiplayer.Tools.NetStatsMonitor.Configuration.rsp
[ 333/1449  0s] WriteText Library/Bee/artifacts/1900b0aE.dag/Unity.Services.Multiplayer.rsp
[ 343/1449  0s] WriteText Library/Bee/artifacts/1900b0aE.dag/Unity.DedicatedServer.MultiplayerRoles.Editor.dll.mvfrm.rsp
[ 348/1449  0s] WriteText Library/Bee/artifacts/1900b0aE.dag/Unity.Multiplayer.Playmode.Common.Editor.rsp
[ 350/1449  0s] WriteText Library/Bee/artifacts/1900b0aE.dag/Unity.Services.Vivox.dll.mvfrm.rsp
[ 351/1449  0s] WriteText Library/Bee/artifacts/1900b0aE.dag/Unity.TextMeshPro.dll.mvfrm.rsp
[ 352/1449  0s] WriteText Library/Bee/artifacts/1900b0aE.dag/Unity.Multiplayer.Playmode.Common.Runtime.dll.mvfrm.rsp
[ 353/1449  0s] WriteText Library/Bee/artifacts/1900b0aE.dag/Unity.DedicatedServer.MultiplayerRoles.Editor.rsp
[ 354/1449  0s] WriteText Library/Bee/artifacts/1900b0aE.dag/Unity.TextMeshPro.rsp
[ 359/1449  0s] WriteText Library/Bee/artifacts/1900b0aE.dag/Unity.Services.Vivox.rsp
[ 360/1449  0s] WriteText Library/Bee/artifacts/1900b0aE.dag/Unity.Services.Multiplayer.Editor.Shared.dll.mvfrm.rsp
[ 361/1449  0s] WriteText Library/Bee/artifacts/1900b0aE.dag/Unity.InputSystem.dll.mvfrm.rsp
[ 362/1449  0s] WriteText Library/Bee/artifacts/1900b0aE.dag/Unity.InputSystem.rsp
[ 363/1449  0s] WriteText Library/Bee/artifacts/1900b0aE.dag/Unity.Multiplayer.Playmode.Common.Runtime.rsp
[ 364/1449  0s] WriteText Library/Bee/artifacts/1900b0aE.dag/Unity.Multiplayer.Tools.NetStatsMonitor.Implementation.dll.mvfrm.rsp
[ 365/1449  0s] WriteText Library/Bee/artifacts/1900b0aE.dag/Unity.Multiplayer.Widgets.Core.dll.mvfrm.rsp
[ 369/1449  0s] WriteText Library/Bee/artifacts/1900b0aE.dag/Unity.Multiplayer.Playmode.VirtualProjects.Editor.dll.mvfrm.rsp
[ 371/1449  0s] WriteText Library/Bee/artifacts/1900b0aE.dag/Unity.Multiplayer.Widgets.Core.rsp
[ 373/1449  0s] WriteText Library/Bee/artifacts/1900b0aE.dag/Unity.Multiplayer.Tools.DependencyInjection.dll.mvfrm.rsp
[ 375/1449  0s] WriteText Library/Bee/artifacts/1900b0aE.dag/Unity.Multiplayer.PlayMode.Editor.Bridge.dll.mvfrm.rsp
[ 380/1449  0s] WriteText Library/Bee/artifacts/1900b0aE.dag/Unity.Services.QoS.dll.mvfrm.rsp
[ 381/1449  0s] WriteText Library/Bee/artifacts/1900b0aE.dag/Unity.Services.Multiplayer.Editor.Shared.rsp
[ 383/1449  0s] WriteText Library/Bee/artifacts/1900b0aE.dag/Unity.Multiplayer.Tools.Editor.dll.mvfrm.rsp
[ 388/1449  0s] WriteText Library/Bee/artifacts/1900b0aE.dag/Unity.Services.Authentication.PlayerAccounts.dll.mvfrm.rsp
[ 391/1449  0s] WriteText Library/Bee/artifacts/1900b0aE.dag/Unity.Multiplayer.Playmode.VirtualProjects.Editor.rsp
[ 394/1449  0s] WriteText Library/Bee/artifacts/1900b0aE.dag/Unity.Netcode.Editor.dll.mvfrm.rsp
[ 398/1449  0s] WriteText Library/Bee/artifacts/1900b0aE.dag/Unity.DedicatedServer.Editor.Bridge.rsp
[ 399/1449  0s] WriteText Library/Bee/artifacts/1900b0aE.dag/Unity.Multiplayer.PlayMode.Analytics.Editor.dll.mvfrm.rsp
[ 402/1449  0s] WriteText Library/Bee/artifacts/1900b0aE.dag/Unity.Multiplayer.Tools.DependencyInjection.rsp
[ 405/1449  0s] WriteText Library/Bee/artifacts/1900b0aE.dag/Unity.Multiplayer.PlayMode.Editor.Bridge.rsp
[ 406/1449  0s] WriteText Library/Bee/artifacts/1900b0aE.dag/Unity.Multiplayer.Tools.Editor.rsp
[ 407/1449  0s] WriteText Library/Bee/artifacts/1900b0aE.dag/Unity.Multiplayer.PlayMode.Analytics.Editor.rsp
[ 408/1449  0s] WriteText Library/Bee/artifacts/1900b0aE.dag/Unity.Services.Authentication.PlayerAccounts.rsp
[ 410/1449  0s] WriteText Library/Bee/artifacts/1900b0aE.dag/Unity.Multiplayer.Tools.NetStatsMonitor.Component.dll.mvfrm.rsp
[ 413/1449  0s] WriteText Library/Bee/artifacts/1900b0aE.dag/Unity.Profiling.Core.dll.mvfrm.rsp
[ 414/1449  0s] WriteText Library/Bee/artifacts/1900b0aE.dag/Unity.Services.Multiplayer.Multiplay.Authoring.Editor.dll.mvfrm.rsp
[ 419/1449  0s] WriteText Library/Bee/artifacts/1900b0aE.dag/Unity.Multiplayer.Tools.NetStatsMonitor.Component.rsp
[ 423/1449  0s] WriteText Library/Bee/artifacts/1900b0aE.dag/glTFast.rsp
[ 424/1449  0s] WriteText Library/Bee/artifacts/1900b0aE.dag/Unity.Multiplayer.Center.Common.dll.mvfrm.rsp
[ 425/1449  0s] WriteText Library/Bee/artifacts/1900b0aE.dag/Unity.Services.Multiplayer.Multiplay.Authoring.Editor.rsp
[ 427/1449  0s] WriteText Library/Bee/artifacts/1900b0aE.dag/Unity.Multiplayer.Tools.NetVis.Editor.Visualization.rsp
[ 437/1449  0s] WriteText Library/Bee/artifacts/1900b0aE.dag/Unity.Multiplayer.Center.Common.rsp
[ 441/1449  0s] WriteText Library/Bee/artifacts/1900b0aE.dag/Unity.Settings.Editor.rsp
[ 444/1449  0s] WriteText Library/Bee/artifacts/1900b0aE.dag/Unity.Multiplayer.Tools.NetVis.Editor.Visualization.dll.mvfrm.rsp
[ 446/1449  0s] WriteText Library/Bee/artifacts/1900b0aE.dag/glTFast.dll.mvfrm.rsp
[ 447/1449  0s] WriteText Library/Bee/artifacts/1900b0aE.dag/Unity.Multiplayer.Tools.DependencyInjection.UIElements.dll.mvfrm.rsp
[ 448/1449  0s] WriteText Library/Bee/artifacts/1900b0aE.dag/Unity.Multiplayer.Tools.DependencyInjection.UIElements.rsp
[ 450/1449  0s] WriteText Library/Bee/artifacts/1900b0aE.dag/Unity.Profiling.Core.rsp
[ 452/1449  0s] WriteText Library/Bee/artifacts/1900b0aE.dag/Unity.Services.Authentication.PlayerAccounts.Editor.dll.mvfrm.rsp
[ 453/1449  0s] WriteText Library/Bee/artifacts/1900b0aE.dag/com.unity.multiplayer.tools.window.dll.mvfrm.rsp
[ 454/1449  0s] WriteText Library/Bee/artifacts/1900b0aE.dag/Unity.Multiplayer.Playmode.Workflow.Editor.rsp
[ 455/1449  0s] WriteText Library/Bee/artifacts/1900b0aE.dag/Unity.Multiplayer.PlayMode.Configurations.Editor.dll.mvfrm.rsp
[ 458/1449  0s] WriteText Library/Bee/artifacts/1900b0aE.dag/Unity.Services.Authentication.PlayerAccounts.Editor.rsp
[ 459/1449  0s] WriteText Library/Bee/artifacts/1900b0aE.dag/Unity.Multiplayer.Playmode.Workflow.Editor.dll.mvfrm.rsp
[ 460/1449  0s] WriteText Library/Bee/artifacts/1900b0aE.dag/Unity.Multiplayer.Tools.NetworkProfiler.Runtime.dll.mvfrm.rsp
[ 461/1449  0s] WriteText Library/Bee/artifacts/1900b0aE.dag/Unity.Services.Authentication.Editor.rsp
[ 462/1449  0s] WriteText Library/Bee/artifacts/1900b0aE.dag/Unity.Services.Multiplayer.Editor.Matchmaker.Authoring.dll.mvfrm.rsp
[ 463/1449  0s] WriteText Library/Bee/artifacts/1900b0aE.dag/Unity.Multiplayer.Tools.NetVis.Editor.UI.rsp
[ 472/1449  0s] WriteText Library/Bee/artifacts/1900b0aE.dag/glTFast.Export.dll.mvfrm.rsp
[ 473/1449  0s] WriteText Library/Bee/artifacts/1900b0aE.dag/com.unity.multiplayer.tools.window.rsp
[ 474/1449  0s] WriteText Library/Bee/artifacts/1900b0aE.dag/Unity.Multiplayer.Tools.NetVis.Editor.UI.dll.mvfrm.rsp
[ 475/1449  0s] WriteText Library/Bee/artifacts/1900b0aE.dag/Unity.Services.Multiplayer.dll.mvfrm.rsp
[ 476/1449  0s] WriteText Library/Bee/artifacts/1900b0aE.dag/Unity.Services.Authentication.Editor.dll.mvfrm.rsp
[ 477/1449  0s] WriteText Library/Bee/artifacts/1900b0aE.dag/Unity.Multiplayer.Center.Integrations.rsp
[ 478/1449  0s] WriteText Library/Bee/artifacts/1900b0aE.dag/Unity.Multiplayer.Widgets.Session.dll.mvfrm.rsp
[ 480/1449  0s] WriteText Library/Bee/artifacts/1900b0aE.dag/Unity.Multiplayer.Tools.NetStatsMonitor.Implementation.rsp
[ 482/1449  0s] WriteText Library/Bee/artifacts/1900b0aE.dag/Unity.Settings.Editor.dll.mvfrm.rsp
[ 483/1449  0s] WriteText Library/Bee/artifacts/1900b0aE.dag/Unity.Services.Multiplayer.Editor.Matchmaker.Authoring.rsp
[ 485/1449  0s] WriteText Library/Bee/artifacts/1900b0aE.dag/Unity.Multiplayer.PlayMode.Configurations.Editor.rsp
[ 486/1449  0s] WriteText Library/Bee/artifacts/1900b0aE.dag/glTFast.Editor.dll.mvfrm.rsp
[ 487/1449  0s] WriteText Library/Bee/artifacts/1900b0aE.dag/Unity.Multiplayer.Tools.NetworkProfiler.Runtime.rsp
[ 488/1449  0s] WriteText Library/Bee/artifacts/1900b0aE.dag/glTFast.Export.rsp
[ 490/1449  0s] WriteText Library/Bee/artifacts/1900b0aE.dag/glTFast.Newtonsoft.dll.mvfrm.rsp
[ 491/1449  0s] WriteText Library/Bee/artifacts/1900b0aE.dag/Unity.Multiplayer.Widgets.Session.rsp
[ 492/1449  0s] WriteText Library/Bee/artifacts/1900b0aE.dag/glTFast.Editor.rsp
[ 493/1449  0s] WriteText Library/Bee/artifacts/1900b0aE.dag/unity-websocket-sharp.rsp
[ 496/1449  0s] WriteText Library/Bee/artifacts/1900b0aE.dag/BizarreChess.rsp
[ 497/1449  0s] WriteText Library/Bee/artifacts/1900b0aE.dag/glTFast.Newtonsoft.rsp
[ 498/1449  0s] WriteText Library/Bee/artifacts/1900b0aE.dag/Unity.Multiplayer.Playmode.dll.mvfrm.rsp
[ 499/1449  0s] WriteText Library/Bee/artifacts/1900b0aE.dag/glTFast.dots.dll.mvfrm.rsp
[ 500/1449  0s] WriteText Library/Bee/artifacts/1900b0aE.dag/unity-websocket-sharp.dll.mvfrm.rsp
[ 501/1449  0s] WriteText Library/Bee/artifacts/1900b0aE.dag/Unity.Multiplayer.Widgets.Editor.dll.mvfrm.rsp
[ 502/1449  0s] WriteText Library/Bee/artifacts/1900b0aE.dag/Unity.InputSystem.ForUI.dll.mvfrm.rsp
[ 504/1449  0s] WriteText Library/Bee/artifacts/1900b0aE.dag/Unity.Multiplayer.Tools.MetricTestData.dll.mvfrm.rsp
[ 505/1449  0s] WriteText Library/Bee/artifacts/1900b0aE.dag/Unity.Netcode.Editor.rsp
[ 506/1449  0s] WriteText Library/Bee/artifacts/1900b0aE.dag/Unity.Services.Wire.Internal.dll.mvfrm.rsp
[ 509/1449  0s] WriteText Library/Bee/artifacts/1900b0aE.dag/Unity.PerformanceTesting.Editor.dll.mvfrm.rsp
[ 510/1449  0s] WriteText Library/Bee/artifacts/1900b0aE.dag/Unity.Multiplayer.Center.Editor.dll.mvfrm.rsp
[ 511/1449  0s] WriteText Library/Bee/artifacts/1900b0aE.dag/Unity.Multiplayer.Center.Integrations.dll.mvfrm.rsp
[ 519/1449  0s] WriteText Library/Bee/artifacts/1900b0aE.dag/Unity.Multiplayer.Tools.Initialization.dll.mvfrm.rsp
[ 520/1449  0s] WriteText Library/Bee/artifacts/1900b0aE.dag/Unity.Services.Multiplayer.Editor.dll.mvfrm.rsp
[ 522/1449  0s] WriteText Library/Bee/artifacts/1900b0aE.dag/Unity.Mathematics.Editor.dll.mvfrm.rsp
[ 527/1449  0s] WriteText Library/Bee/artifacts/1900b0aE.dag/Unity.Services.Deployment.dll.mvfrm.rsp
[ 528/1449  0s] WriteText Library/Bee/artifacts/1900b0aE.dag/Unity.Services.Core.Analytics.dll.mvfrm.rsp
[ 529/1449  0s] WriteText Library/Bee/artifacts/1900b0aE.dag/BizarreChess.dll.mvfrm.rsp
[ 530/1449  0s] WriteText Library/Bee/artifacts/1900b0aE.dag/glTFast.Documentation.Examples.dll.mvfrm.rsp
[ 563/1449  0s] WriteText Library/Bee/artifacts/1900b0aE.dag/Unity.InternalAPIEditorBridge.022.dll.mvfrm.rsp
[ 564/1449  0s] WriteText Library/Bee/artifacts/1900b0aE.dag/glTFast.Editor.Documentation.Examples.dll.mvfrm.rsp
[ 568/1449  0s] WriteText Library/Bee/artifacts/1900b0aE.dag/Unity.Multiplayer.Tools.NetworkProfiler.Editor.dll.mvfrm.rsp
[ 578/1449  0s] WriteText Library/Bee/artifacts/1900b0aE.dag/Unity.Services.Authentication.Editor.Shared.dll.mvfrm.rsp
[ 584/1449  0s] WriteText Library/Bee/artifacts/1900b0aE.dag/Unity.Burst.Editor.dll.mvfrm.rsp
[ 585/1449  0s] WriteText Library/Bee/artifacts/1900b0aE.dag/Unity.Multiplayer.Playmode.WorkflowUI.Editor.dll.mvfrm.rsp
[ 586/1449  0s] WriteText Library/Bee/artifacts/1900b0aE.dag/Unity.DedicatedServer.CliArguments.Editor.dll.mvfrm.rsp
[ 591/1449  0s] WriteText Library/Bee/artifacts/1900b0aE.dag/Unity.Netcode.PackageChecker.Editor.dll.mvfrm.rsp
[ 592/1449  0s] WriteText Library/Bee/artifacts/1900b0aE.dag/Unity.Multiplayer.PlayMode.Scenarios.Editor.dll.mvfrm.rsp
[ 593/1449  0s] WriteText Library/Bee/artifacts/1900b0aE.dag/Unity.Collections.Editor.dll.mvfrm.rsp
[ 594/1449  0s] WriteText Library/Bee/artifacts/1900b0aE.dag/Unity.Multiplayer.Tools.NetStatsMonitor.Editor.dll.mvfrm.rsp
[ 595/1449  0s] WriteText Library/Bee/artifacts/1900b0aE.dag/Unity.InputSystem.DocCodeSamples.dll.mvfrm.rsp
[ 596/1449  0s] WriteText Library/Bee/artifacts/1900b0aE.dag/Unity.Multiplayer.Tools.NetworkSimulator.Editor.dll.mvfrm.rsp
[ 597/1449  0s] WriteText Library/Bee/artifacts/1900b0aE.dag/Unity.TextMeshPro.Editor.dll.mvfrm.rsp
[ 598/1449  0s] WriteText Library/Bee/artifacts/1900b0aE.dag/glTFast.dots.rsp
[ 599/1449  0s] WriteText Library/Bee/artifacts/1900b0aE.dag/Unity.Services.Vivox.Editor.dll.mvfrm.rsp
[ 600/1449  0s] WriteText Library/Bee/artifacts/1900b0aE.dag/Unity.Multiplayer.Widgets.Editor.rsp
[ 601/1449  0s] WriteText Library/Bee/artifacts/1900b0aE.dag/Unity.DedicatedServer.CliArguments.Editor.rsp
[ 602/1449  0s] WriteText Library/Bee/artifacts/1900b0aE.dag/Unity.Services.Wire.Internal.rsp
[ 603/1449  0s] WriteText Library/Bee/artifacts/1900b0aE.dag/glTFast.Documentation.Examples.rsp
[ 604/1449  0s] WriteText Library/Bee/artifacts/1900b0aE.dag/Unity.Multiplayer.Tools.Initialization.rsp
[ 605/1449  0s] WriteText Library/Bee/artifacts/1900b0aE.dag/BizarreChess.Editor.dll.mvfrm.rsp
[ 606/1449  0s] WriteText Library/Bee/artifacts/1900b0aE.dag/Unity.Multiplayer.Tools.MetricTestData.rsp
[ 607/1449  0s] WriteText Library/Bee/artifacts/1900b0aE.dag/Unity.InputSystem.ForUI.rsp
[ 608/1449  0s] WriteText Library/Bee/artifacts/1900b0aE.dag/Unity.Services.Multiplayer.Editor.rsp
[ 609/1449  0s] WriteText Library/Bee/artifacts/1900b0aE.dag/Unity.Multiplayer.Playmode.rsp
[ 610/1449  0s] WriteText Library/Bee/artifacts/1900b0aE.dag/Unity.Netcode.PackageChecker.Editor.rsp
[ 611/1449  0s] WriteText Library/Bee/artifacts/1900b0aE.dag/Unity.Services.Core.Analytics.rsp
[ 612/1449  0s] WriteText Library/Bee/artifacts/1900b0aE.dag/BizarreChess.Editor.rsp
[ 613/1449  0s] WriteText Library/Bee/artifacts/1900b0aE.dag/Unity.Mathematics.Editor.rsp
[ 614/1449  0s] WriteText Library/Bee/artifacts/1900b0aE.dag/Unity.Networking.Editor.dll.mvfrm.rsp
[ 615/1449  0s] WriteText Library/Bee/artifacts/1900b0aE.dag/Unity.Multiplayer.Tools.NetworkProfiler.Editor.rsp
[ 616/1449  0s] WriteText Library/Bee/artifacts/1900b0aE.dag/Unity.Multiplayer.Center.Editor.rsp
[ 617/1449  0s] WriteText Library/Bee/artifacts/1900b0aE.dag/Unity.Services.Deployment.rsp
[ 619/1449  0s] WriteText Library/Bee/artifacts/1900b0aE.dag/Unity.Burst.Editor.rsp
[ 620/1449  0s] WriteResponseFile Library/Bee/artifacts/rsp/11073475822700348924.rsp
[ 622/1449  0s] WriteText Library/Bee/artifacts/1900b0aE.dag/Unity.Multiplayer.Playmode.WorkflowUI.Editor.rsp
[ 623/1449  0s] WriteText Library/Bee/artifacts/1900b0aE.dag/Unity.Networking.Editor.rsp
[ 624/1449  0s] WriteText Library/Bee/artifacts/1900b0aE.dag/Unity.Services.Authentication.Editor.Shared.rsp
[ 625/1449  0s] WriteText Library/Bee/artifacts/1900b0aE.dag/Unity.Collections.Editor.rsp
[ 626/1449  0s] WriteText Library/Bee/artifacts/1900b0aE.dag/Unity.InternalAPIEditorBridge.022.rsp
[ 628/1449  0s] WriteText Library/Bee/artifacts/1900b0aE.dag/Unity.Multiplayer.Tools.NetworkSimulator.Editor.rsp
[ 629/1449  0s] WriteText Library/Bee/artifacts/1900b0aE.dag/Unity.TextMeshPro.Editor.rsp
[ 630/1449  0s] WriteResponseFile Library/Bee/artifacts/rsp/911446528535106498.rsp
[ 631/1449  0s] WriteText Library/Bee/artifacts/1900b0aE.dag/Unity.PerformanceTesting.Editor.rsp
[ 632/1449  0s] WriteText Library/Bee/artifacts/1900b0aE.dag/Unity.InputSystem.DocCodeSamples.rsp
[ 633/1449  0s] WriteText Library/Bee/artifacts/1900b0aE.dag/Unity.Services.Vivox.Editor.rsp
[ 634/1449  0s] WriteResponseFile Library/Bee/artifacts/rsp/17833018831532810861.rsp
[ 635/1449  0s] WriteResponseFile Library/Bee/artifacts/rsp/4236799822761136935.rsp
[ 636/1449  0s] WriteResponseFile Library/Bee/artifacts/rsp/882077536018160612.rsp
[ 637/1449  0s] WriteResponseFile Library/Bee/artifacts/rsp/4557440162858444833.rsp
[ 638/1449  0s] WriteText Library/Bee/artifacts/1900b0aE.dag/Unity.Multiplayer.PlayMode.Scenarios.Editor.rsp
[ 640/1449  0s] WriteResponseFile Library/Bee/artifacts/rsp/16487320084284292495.rsp
[ 641/1449  0s] WriteResponseFile Library/Bee/artifacts/rsp/16800515999216397072.rsp
[ 642/1449  0s] WriteText Library/Bee/artifacts/1900b0aE.dag/glTFast.Editor.Documentation.Examples.rsp
[ 643/1449  0s] WriteResponseFile Library/Bee/artifacts/rsp/6292084271779858215.rsp
[ 644/1449  0s] WriteResponseFile Library/Bee/artifacts/rsp/8118673472052345819.rsp
[ 645/1449  0s] WriteResponseFile Library/Bee/artifacts/rsp/5916180605834378387.rsp
[ 646/1449  0s] WriteResponseFile Library/Bee/artifacts/rsp/1418726328684876121.rsp
[ 647/1449  0s] WriteResponseFile Library/Bee/artifacts/rsp/4517511517950665960.rsp
[ 650/1449  0s] WriteResponseFile Library/Bee/artifacts/rsp/13686715218353603589.rsp
[ 652/1449  0s] WriteResponseFile Library/Bee/artifacts/rsp/17346584914308636752.rsp
[ 654/1449  0s] WriteResponseFile Library/Bee/artifacts/rsp/1907345496941296335.rsp
[ 655/1449  0s] WriteResponseFile Library/Bee/artifacts/rsp/14759995951783507893.rsp
[ 656/1449  0s] WriteResponseFile Library/Bee/artifacts/rsp/8286125387636000657.rsp
[ 657/1449  0s] WriteText Library/Bee/artifacts/1900b0aE.dag/Unity.Multiplayer.Tools.NetStatsMonitor.Editor.rsp
[ 658/1449  0s] WriteResponseFile Library/Bee/artifacts/rsp/5546506141355401238.rsp
[ 659/1449  0s] WriteResponseFile Library/Bee/artifacts/rsp/5773804974291633221.rsp
[ 660/1449  0s] WriteResponseFile Library/Bee/artifacts/rsp/3232911574759799904.rsp
[ 661/1449  0s] WriteResponseFile Library/Bee/artifacts/rsp/11941529570831033664.rsp
[ 662/1449  0s] WriteResponseFile Library/Bee/artifacts/rsp/13465658305480573840.rsp
[ 663/1449  0s] WriteResponseFile Library/Bee/artifacts/rsp/9044374454592889736.rsp
[ 664/1449  0s] WriteResponseFile Library/Bee/artifacts/rsp/9288925646859962726.rsp
[ 665/1449  0s] WriteResponseFile Library/Bee/artifacts/rsp/4261700707091923781.rsp
[ 666/1449  0s] WriteResponseFile Library/Bee/artifacts/rsp/1379359308984453704.rsp
[ 667/1449  0s] WriteResponseFile Library/Bee/artifacts/rsp/4494907431374462528.rsp
[ 668/1449  0s] WriteResponseFile Library/Bee/artifacts/rsp/14858574180862073668.rsp
[ 669/1449  0s] WriteResponseFile Library/Bee/artifacts/rsp/2157608619508796868.rsp
[ 670/1449  0s] WriteResponseFile Library/Bee/artifacts/rsp/8306353738322043485.rsp
[ 671/1449  0s] WriteResponseFile Library/Bee/artifacts/rsp/1475724585155360059.rsp
[ 672/1449  0s] WriteResponseFile Library/Bee/artifacts/rsp/10458905357484862802.rsp
[ 674/1449  0s] WriteResponseFile Library/Bee/artifacts/rsp/3759737516829353732.rsp
[ 675/1449  0s] WriteResponseFile Library/Bee/artifacts/rsp/17923285327036797829.rsp
[ 676/1449  0s] WriteResponseFile Library/Bee/artifacts/rsp/12062543880932173298.rsp
[ 677/1449  0s] WriteResponseFile Library/Bee/artifacts/rsp/2479089294943785405.rsp
[ 678/1449  0s] WriteResponseFile Library/Bee/artifacts/rsp/10142702499866438521.rsp
[ 679/1449  0s] WriteResponseFile Library/Bee/artifacts/rsp/10811877945962759351.rsp
[ 681/1449  0s] WriteResponseFile Library/Bee/artifacts/rsp/6169730275507291762.rsp
[ 682/1449  0s] WriteResponseFile Library/Bee/artifacts/rsp/1748161491239881818.rsp
[ 683/1449  0s] WriteResponseFile Library/Bee/artifacts/rsp/16191231155925356540.rsp
[ 684/1449  0s] WriteResponseFile Library/Bee/artifacts/rsp/10131660672807692368.rsp
[ 685/1449  0s] WriteResponseFile Library/Bee/artifacts/rsp/9630950048426576611.rsp
[ 686/1449  0s] WriteResponseFile Library/Bee/artifacts/rsp/3676569134375922281.rsp
[ 687/1449  0s] WriteResponseFile Library/Bee/artifacts/rsp/12295599868861940527.rsp
[ 688/1449  0s] WriteResponseFile Library/Bee/artifacts/rsp/1755435334525079752.rsp
[ 689/1449  0s] WriteResponseFile Library/Bee/artifacts/rsp/9124628235568457678.rsp
[ 690/1449  0s] WriteResponseFile Library/Bee/artifacts/rsp/9489938952886595562.rsp
[ 691/1449  0s] WriteResponseFile Library/Bee/artifacts/rsp/2074369592318871490.rsp
[ 693/1449  0s] WriteResponseFile Library/Bee/artifacts/rsp/12282252931273923236.rsp
[ 694/1449  0s] WriteResponseFile Library/Bee/artifacts/rsp/11101650296562027598.rsp
[ 695/1449  0s] WriteResponseFile Library/Bee/artifacts/rsp/6829222285499039474.rsp
[ 696/1449  0s] WriteResponseFile Library/Bee/artifacts/rsp/17343468020155843506.rsp
[ 697/1449  0s] WriteResponseFile Library/Bee/artifacts/rsp/3174553601601729508.rsp
[ 698/1449  0s] WriteResponseFile Library/Bee/artifacts/rsp/14814235663552238418.rsp
[ 699/1449  0s] WriteResponseFile Library/Bee/artifacts/rsp/10977226906469691573.rsp
[ 700/1449  0s] WriteResponseFile Library/Bee/artifacts/rsp/2081432271571692790.rsp
[ 701/1449  0s] WriteResponseFile Library/Bee/artifacts/rsp/2772139499707579658.rsp
[ 702/1449  0s] WriteResponseFile Library/Bee/artifacts/rsp/3913888237084306484.rsp
[ 703/1449  0s] WriteResponseFile Library/Bee/artifacts/rsp/3064155424177982801.rsp
[ 704/1449  0s] WriteResponseFile Library/Bee/artifacts/rsp/1506593278674616726.rsp
[ 705/1449  0s] WriteResponseFile Library/Bee/artifacts/rsp/92676320301085145.rsp
[ 706/1449  0s] WriteResponseFile Library/Bee/artifacts/rsp/15437919785980669566.rsp
[ 707/1449  0s] WriteResponseFile Library/Bee/artifacts/rsp/16690450904890851016.rsp
[ 708/1449  0s] WriteResponseFile Library/Bee/artifacts/rsp/11655734795442284912.rsp
[ 709/1449  0s] WriteResponseFile Library/Bee/artifacts/rsp/10831531723267835799.rsp
[ 710/1449  0s] WriteResponseFile Library/Bee/artifacts/rsp/12150993946977620705.rsp
[ 711/1449  0s] WriteResponseFile Library/Bee/artifacts/rsp/18444483767361777497.rsp
[ 713/1449  0s] WriteResponseFile Library/Bee/artifacts/rsp/14683058116922924628.rsp
[ 714/1449  0s] WriteResponseFile Library/Bee/artifacts/rsp/10338368376334388734.rsp
[ 715/1449  0s] WriteResponseFile Library/Bee/artifacts/rsp/12900333509587573630.rsp
[ 716/1449  0s] WriteResponseFile Library/Bee/artifacts/rsp/16962176869317863988.rsp
[ 717/1449  0s] WriteResponseFile Library/Bee/artifacts/rsp/10220439121672678912.rsp
[ 718/1449  0s] WriteResponseFile Library/Bee/artifacts/rsp/15448825175184905171.rsp
[ 719/1449  0s] WriteResponseFile Library/Bee/artifacts/rsp/14522266572905721970.rsp
[ 720/1449  0s] WriteResponseFile Library/Bee/artifacts/rsp/2322364480068164293.rsp
[ 721/1449  0s] WriteResponseFile Library/Bee/artifacts/rsp/1177933628359149393.rsp
[ 722/1449  0s] WriteResponseFile Library/Bee/artifacts/rsp/9100363341561424843.rsp
[ 723/1449  0s] WriteResponseFile Library/Bee/artifacts/rsp/4859931513467035786.rsp
[ 724/1449  0s] WriteResponseFile Library/Bee/artifacts/rsp/11404659220312823550.rsp
[ 725/1449  0s] WriteResponseFile Library/Bee/artifacts/rsp/8667401542028722795.rsp
[ 726/1449  0s] WriteResponseFile Library/Bee/artifacts/rsp/6886376194011666012.rsp
[ 727/1449  0s] WriteResponseFile Library/Bee/artifacts/rsp/2881522817817789355.rsp
[ 728/1449  0s] WriteResponseFile Library/Bee/artifacts/rsp/18406290823355222081.rsp
[ 729/1449  0s] WriteResponseFile Library/Bee/artifacts/rsp/17369456406010206581.rsp
[ 730/1449  0s] WriteResponseFile Library/Bee/artifacts/rsp/12812556936427222528.rsp
[ 731/1449  0s] WriteResponseFile Library/Bee/artifacts/rsp/4132699787200288482.rsp
[ 732/1449  0s] WriteResponseFile Library/Bee/artifacts/rsp/5865382843254526099.rsp
[ 733/1449  0s] WriteResponseFile Library/Bee/artifacts/rsp/53500308366735341.rsp
[ 734/1449  0s] WriteResponseFile Library/Bee/artifacts/rsp/10292501669419677951.rsp
[ 735/1449  0s] WriteResponseFile Library/Bee/artifacts/rsp/15026750916735625037.rsp
[ 736/1449  0s] WriteResponseFile Library/Bee/artifacts/rsp/10318915817664751518.rsp
[ 739/1449  0s] WriteResponseFile Library/Bee/artifacts/rsp/8863518860715653438.rsp
[ 740/1449  0s] WriteResponseFile Library/Bee/artifacts/rsp/572657565896318029.rsp
[ 741/1449  0s] WriteResponseFile Library/Bee/artifacts/rsp/6262281476893245489.rsp
[ 742/1449  0s] WriteResponseFile Library/Bee/artifacts/rsp/5678380843536809211.rsp
[ 743/1449  0s] WriteResponseFile Library/Bee/artifacts/rsp/12248871281822510316.rsp
[ 744/1449  0s] WriteResponseFile Library/Bee/artifacts/rsp/4824701561327399296.rsp
[ 745/1449  0s] WriteResponseFile Library/Bee/artifacts/rsp/11305297181697152240.rsp
[ 746/1449  0s] WriteResponseFile Library/Bee/artifacts/rsp/13604290625115119297.rsp
[ 747/1449  0s] WriteResponseFile Library/Bee/artifacts/rsp/11105960380839748211.rsp
[ 748/1449  0s] WriteResponseFile Library/Bee/artifacts/rsp/9992614482080653074.rsp
[ 749/1449  0s] WriteResponseFile Library/Bee/artifacts/rsp/7229855116826410988.rsp
[ 750/1449  0s] WriteResponseFile Library/Bee/artifacts/rsp/3214810321166765879.rsp
[ 751/1449  0s] WriteResponseFile Library/Bee/artifacts/rsp/2282191090610319379.rsp
[ 752/1449  0s] WriteResponseFile Library/Bee/artifacts/rsp/7746710996282276480.rsp
[ 753/1449  0s] MovedFromExtractor Library/Bee/artifacts/mvdfrm/UnityEditor.WebGL.Extensions.dll_0E8C242BDEAD73ED.mvfrm
[ 754/1449  0s] MovedFromExtractor-Combine Library/Bee/artifacts/1900b0aE.dag/UnityEditor.TestRunner.dll.mvfrm
[ 755/1449  0s] MovedFromExtractor-Combine Library/Bee/artifacts/1900b0aE.dag/UnityEngine.UI.dll.mvfrm
[ 756/1449  0s] Csc Library/Bee/artifacts/1900b0aE.dag/UnityEngine.UI.dll (+2 others)
[ 757/1449  0s] Csc Library/Bee/artifacts/1900b0aE.dag/UnityEditor.TestRunner.dll (+2 others)
[           0s] Csc Library/Bee/artifacts/1900b0aE.dag/UnityEngine.UI.dll (+2 others) [CacheWrite 00000000000000000000000000000004]
[           0s] Csc Library/Bee/artifacts/1900b0aE.dag/UnityEditor.TestRunner.dll (+2 others) [CacheWrite 00000000000000000000000000000004]
[ 763/1449  0s] CopyFiles Library/ScriptAssemblies/UnityEditor.TestRunner.pdb
[ 764/1449  0s] CopyFiles Library/ScriptAssemblies/UnityEditor.TestRunner.dll
[ 765/1449  0s] MovedFromExtractor-Combine Library/Bee/artifacts/1900b0aE.dag/UnityEditor.UI.dll.mvfrm
[ 766/1449  0s] Csc Library/Bee/artifacts/1900b0aE.dag/UnityEditor.UI.dll (+2 others)
[           0s] Csc Library/Bee/artifacts/1900b0aE.dag/UnityEditor.UI.dll (+2 others) [CacheWrite 00000000000000000000000000000004]
[ 770/1449  0s] MovedFromExtractor-Combine Library/Bee/artifacts/1900b0aE.dag/Unity.Burst.dll.mvfrm
[ 771/1449  0s] MovedFromExtractor-Combine Library/Bee/artifacts/1900b0aE.dag/unity-websocket-sharp.dll.mvfrm
[ 772/1449  0s] MovedFromExtractor-Combine Library/Bee/artifacts/1900b0aE.dag/Unity.Services.Core.dll.mvfrm
[ 773/1449  0s] MovedFromExtractor-Combine Library/Bee/artifacts/1900b0aE.dag/Unity.Multiplayer.Playmode.Common.Editor.dll.mvfrm
[ 774/1449  0s] MovedFromExtractor-Combine Library/Bee/artifacts/1900b0aE.dag/glTFast.Newtonsoft.dll.mvfrm
[ 776/1449  0s] MovedFromExtractor-Combine Library/Bee/artifacts/1900b0aE.dag/Unity.Multiplayer.Tools.NetworkSolutionInterface.dll.mvfrm
[ 777/1449  0s] MovedFromExtractor-Combine Library/Bee/artifacts/1900b0aE.dag/Unity.DedicatedServer.MultiplayerRoles.dll.mvfrm
[ 778/1449  0s] MovedFromExtractor-Combine Library/Bee/artifacts/1900b0aE.dag/Unity.DedicatedServer.Editor.dll.mvfrm
[ 779/1449  0s] MovedFromExtractor-Combine Library/Bee/artifacts/1900b0aE.dag/Unity.Mathematics.dll.mvfrm
[ 780/1449  0s] MovedFromExtractor-Combine Library/Bee/artifacts/1900b0aE.dag/Unity.DedicatedServer.Editor.Bridge.dll.mvfrm
[ 781/1449  0s] MovedFromExtractor-Combine Library/Bee/artifacts/1900b0aE.dag/Unity.Profiling.Core.dll.mvfrm
[ 782/1449  0s] MovedFromExtractor-Combine Library/Bee/artifacts/1900b0aE.dag/Unity.InputSystem.dll.mvfrm
[ 783/1449  0s] MovedFromExtractor-Combine Library/Bee/artifacts/1900b0aE.dag/Unity.Multiplayer.Playmode.Common.Runtime.dll.mvfrm
[ 784/1449  0s] MovedFromExtractor-Combine Library/Bee/artifacts/1900b0aE.dag/Unity.Settings.Editor.dll.mvfrm
[ 785/1449  0s] MovedFromExtractor-Combine Library/Bee/artifacts/1900b0aE.dag/Unity.TextMeshPro.dll.mvfrm
[ 786/1449  0s] MovedFromExtractor-Combine Library/Bee/artifacts/1900b0aE.dag/Unity.Services.DeploymentApi.dll.mvfrm
[ 787/1449  0s] MovedFromExtractor-Combine Library/Bee/artifacts/1900b0aE.dag/Unity.Multiplayer.PlayMode.Analytics.Editor.dll.mvfrm
[ 788/1449  0s] MovedFromExtractor-Combine Library/Bee/artifacts/1900b0aE.dag/Unity.Multiplayer.Tools.Common.dll.mvfrm
[ 789/1449  0s] MovedFromExtractor-Combine Library/Bee/artifacts/1900b0aE.dag/Unity.Multiplayer.Center.Common.dll.mvfrm
[ 790/1449  0s] MovedFromExtractor-Combine Library/Bee/artifacts/1900b0aE.dag/Unity.Multiplayer.Tools.DependencyInjection.dll.mvfrm
[ 791/1449  0s] MovedFromExtractor-Combine Library/Bee/artifacts/1900b0aE.dag/Unity.PerformanceTesting.Editor.dll.mvfrm
[ 792/1449  0s] MovedFromExtractor-Combine Library/Bee/artifacts/1900b0aE.dag/Unity.InternalAPIEditorBridge.022.dll.mvfrm
[ 793/1449  0s] Csc Library/Bee/artifacts/1900b0aE.dag/Unity.DedicatedServer.MultiplayerRoles.dll (+2 others)
[ 794/1449  0s] Csc Library/Bee/artifacts/1900b0aE.dag/Unity.DedicatedServer.Editor.Bridge.dll (+2 others)
[ 795/1449  0s] Csc Library/Bee/artifacts/1900b0aE.dag/Unity.DedicatedServer.Editor.dll (+2 others)
[ 796/1449  0s] Csc Library/Bee/artifacts/1900b0aE.dag/Unity.Multiplayer.Tools.NetworkSolutionInterface.dll (+2 others)
[           0s] Csc Library/Bee/artifacts/1900b0aE.dag/Unity.DedicatedServer.MultiplayerRoles.dll (+2 others) [CacheWrite 00000000000000000000000000000004]
[ 797/1449  0s] Csc Library/Bee/artifacts/1900b0aE.dag/Unity.Services.Core.dll (+2 others)
[ 799/1449  0s] Csc Library/Bee/artifacts/1900b0aE.dag/Unity.Settings.Editor.dll (+2 others)
[           0s] Csc Library/Bee/artifacts/1900b0aE.dag/Unity.DedicatedServer.Editor.Bridge.dll (+2 others) [CacheWrite 00000000000000000000000000000004]
[ 800/1449  0s] Csc Library/Bee/artifacts/1900b0aE.dag/Unity.Multiplayer.Playmode.Common.Runtime.dll (+2 others)
[ 802/1449  0s] MovedFromExtractor-Combine Library/Bee/artifacts/1900b0aE.dag/Unity.Netcode.PackageChecker.Editor.dll.mvfrm
[           0s] Csc Library/Bee/artifacts/1900b0aE.dag/Unity.Multiplayer.Tools.NetworkSolutionInterface.dll (+2 others) [CacheWrite 00000000000000000000000000000004]
[           0s] Csc Library/Bee/artifacts/1900b0aE.dag/Unity.DedicatedServer.Editor.dll (+2 others) [CacheWrite 00000000000000000000000000000004]
[ 805/1449  0s] Csc Library/Bee/artifacts/1900b0aE.dag/Unity.Multiplayer.Tools.Common.dll (+2 others)
[ 806/1449  0s] Csc Library/Bee/artifacts/1900b0aE.dag/Unity.Multiplayer.Playmode.Common.Editor.dll (+2 others)
[ 807/1449  0s] Csc Library/Bee/artifacts/1900b0aE.dag/Unity.Services.DeploymentApi.dll (+2 others)
[ 808/1449  0s] Csc Library/Bee/artifacts/1900b0aE.dag/unity-websocket-sharp.dll (+2 others)
[ 809/1449  0s] Csc Library/Bee/artifacts/1900b0aE.dag/Unity.Profiling.Core.dll (+2 others)
[           0s] Csc Library/Bee/artifacts/1900b0aE.dag/Unity.Settings.Editor.dll (+2 others) [CacheWrite 00000000000000000000000000000004]
[           0s] Csc Library/Bee/artifacts/1900b0aE.dag/Unity.Services.Core.dll (+2 others) [CacheWrite 00000000000000000000000000000004]
[           0s] Csc Library/Bee/artifacts/1900b0aE.dag/Unity.Multiplayer.Tools.Common.dll (+2 others) [CacheWrite 00000000000000000000000000000004]
[           0s] Csc Library/Bee/artifacts/1900b0aE.dag/Unity.Services.DeploymentApi.dll (+2 others) [CacheWrite 00000000000000000000000000000004]
[           0s] Csc Library/Bee/artifacts/1900b0aE.dag/Unity.Multiplayer.Playmode.Common.Runtime.dll (+2 others) [CacheWrite 00000000000000000000000000000004]
[           0s] Csc Library/Bee/artifacts/1900b0aE.dag/Unity.Profiling.Core.dll (+2 others) [CacheWrite 00000000000000000000000000000004]
[           0s] Csc Library/Bee/artifacts/1900b0aE.dag/unity-websocket-sharp.dll (+2 others) [CacheWrite 00000000000000000000000000000004]
[ 811/1449  0s] MovedFromExtractor-Combine Library/Bee/artifacts/1900b0aE.dag/glTFast.Editor.Documentation.Examples.dll.mvfrm
[ 816/1449  0s] MovedFromExtractor-Combine Library/Bee/artifacts/1900b0aE.dag/Unity.Networking.Editor.dll.mvfrm
[ 817/1449  0s] Csc Library/Bee/artifacts/1900b0aE.dag/Unity.Multiplayer.Tools.DependencyInjection.dll (+2 others)
[           0s] Csc Library/Bee/artifacts/1900b0aE.dag/Unity.Multiplayer.Playmode.Common.Editor.dll (+2 others) [CacheWrite 00000000000000000000000000000004]
[ 825/1449  0s] MovedFromExtractor-Combine Library/Bee/artifacts/1900b0aE.dag/Unity.DedicatedServer.MultiplayerRoles.Editor.dll.mvfrm
[ 827/1449  0s] Csc Library/Bee/artifacts/1900b0aE.dag/Unity.Multiplayer.PlayMode.Analytics.Editor.dll (+2 others)
[ 828/1449  0s] Csc Library/Bee/artifacts/1900b0aE.dag/Unity.Multiplayer.Center.Common.dll (+2 others)
[           0s] Csc Library/Bee/artifacts/1900b0aE.dag/Unity.Multiplayer.Tools.DependencyInjection.dll (+2 others) [CacheWrite 00000000000000000000000000000004]
[ 829/1449  0s] Csc Library/Bee/artifacts/1900b0aE.dag/Unity.TextMeshPro.dll (+2 others)
[ 831/1449  0s] MovedFromExtractor-Combine Library/Bee/artifacts/1900b0aE.dag/Unity.Multiplayer.Tools.Editor.dll.mvfrm
[           0s] Csc Library/Bee/artifacts/1900b0aE.dag/Unity.Multiplayer.PlayMode.Analytics.Editor.dll (+2 others) [CacheWrite 00000000000000000000000000000004]
[ 832/1449  0s] MovedFromExtractor-Combine Library/Bee/artifacts/1900b0aE.dag/Unity.Services.Core.Internal.dll.mvfrm
[           0s] Csc Library/Bee/artifacts/1900b0aE.dag/Unity.Multiplayer.Center.Common.dll (+2 others) [CacheWrite 00000000000000000000000000000004]
[ 834/1449  0s] MovedFromExtractor-Combine Library/Bee/artifacts/1900b0aE.dag/Unity.Services.Core.Analytics.dll.mvfrm
[           0s] Csc Library/Bee/artifacts/1900b0aE.dag/Unity.TextMeshPro.dll (+2 others) [CacheWrite 00000000000000000000000000000004]
[ 836/1449  0s] MovedFromExtractor-Combine Library/Bee/artifacts/1900b0aE.dag/Unity.Multiplayer.Playmode.VirtualProjects.Editor.dll.mvfrm
[ 838/1449  0s] MovedFromExtractor-Combine Library/Bee/artifacts/1900b0aE.dag/Unity.Multiplayer.Center.Editor.dll.mvfrm
[ 839/1449  0s] Csc Library/Bee/artifacts/1900b0aE.dag/Unity.Netcode.PackageChecker.Editor.dll (+2 others)
[ 840/1449  1s] Csc Library/Bee/artifacts/1900b0aE.dag/Unity.Burst.dll (+2 others)
[ 841/1449  0s] MovedFromExtractor-Combine Library/Bee/artifacts/1900b0aE.dag/Unity.TextMeshPro.Editor.dll.mvfrm
[ 842/1449  0s] Csc Library/Bee/artifacts/1900b0aE.dag/Unity.InternalAPIEditorBridge.022.dll (+2 others)
[ 843/1449  0s] Csc Library/Bee/artifacts/1900b0aE.dag/Unity.Networking.Editor.dll (+2 others)
[           0s] Csc Library/Bee/artifacts/1900b0aE.dag/Unity.Netcode.PackageChecker.Editor.dll (+2 others) [CacheWrite 00000000000000000000000000000004]
[ 844/1449  0s] Csc Library/Bee/artifacts/1900b0aE.dag/Unity.DedicatedServer.MultiplayerRoles.Editor.dll (+2 others)
[           0s] Csc Library/Bee/artifacts/1900b0aE.dag/Unity.Burst.dll (+2 others) [CacheWrite 00000000000000000000000000000004]
[           0s] Csc Library/Bee/artifacts/1900b0aE.dag/Unity.InternalAPIEditorBridge.022.dll (+2 others) [CacheWrite 00000000000000000000000000000004]
[           0s] Csc Library/Bee/artifacts/1900b0aE.dag/Unity.Networking.Editor.dll (+2 others) [CacheWrite 00000000000000000000000000000004]
[           0s] Csc Library/Bee/artifacts/1900b0aE.dag/Unity.DedicatedServer.MultiplayerRoles.Editor.dll (+2 others) [CacheWrite 00000000000000000000000000000004]
[ 847/1449  0s] Csc Library/Bee/artifacts/1900b0aE.dag/Unity.Multiplayer.Tools.Editor.dll (+2 others)
[ 848/1449  0s] Csc Library/Bee/artifacts/1900b0aE.dag/Unity.PerformanceTesting.Editor.dll (+2 others)
[ 849/1449  0s] Csc Library/Bee/artifacts/1900b0aE.dag/Unity.Services.Core.Analytics.dll (+2 others)
[           0s] Csc Library/Bee/artifacts/1900b0aE.dag/Unity.Multiplayer.Tools.Editor.dll (+2 others) [CacheWrite 00000000000000000000000000000004]
[ 851/1449  0s] MovedFromExtractor-Combine Library/Bee/artifacts/1900b0aE.dag/Unity.Burst.Editor.dll.mvfrm
[ 852/1449  0s] MovedFromExtractor-Combine Library/Bee/artifacts/1900b0aE.dag/Unity.Burst.CodeGen.dll.mvfrm
[           0s] Csc Library/Bee/artifacts/1900b0aE.dag/Unity.PerformanceTesting.Editor.dll (+2 others) [CacheWrite 00000000000000000000000000000004]
[           0s] Csc Library/Bee/artifacts/1900b0aE.dag/Unity.Services.Core.Analytics.dll (+2 others) [CacheWrite 00000000000000000000000000000004]
[ 853/1449  0s] MovedFromExtractor-Combine Library/Bee/artifacts/1900b0aE.dag/Unity.Multiplayer.PlayMode.Editor.Bridge.dll.mvfrm
[ 854/1449  0s] Csc Library/Bee/artifacts/1900b0aE.dag/Unity.Services.Core.Internal.dll (+2 others)
[ 855/1449  0s] MovedFromExtractor-Combine Library/Bee/artifacts/1900b0aE.dag/Unity.DedicatedServer.CliArguments.Editor.dll.mvfrm
[           0s] Csc Library/Bee/artifacts/1900b0aE.dag/Unity.Services.Core.Internal.dll (+2 others) [CacheWrite 00000000000000000000000000000004]
[ 857/1449  0s] MovedFromExtractor-Combine Library/Bee/artifacts/1900b0aE.dag/Unity.Multiplayer.Tools.DependencyInjection.UIElements.dll.mvfrm
[ 858/1449  0s] Csc Library/Bee/artifacts/1900b0aE.dag/Unity.Multiplayer.Center.Editor.dll (+2 others)
[ 859/1449  0s] Csc Library/Bee/artifacts/1900b0aE.dag/Unity.Multiplayer.Playmode.VirtualProjects.Editor.dll (+2 others)
[ 860/1449  0s] MovedFromExtractor-Combine Library/Bee/artifacts/1900b0aE.dag/Unity.Services.Core.Telemetry.dll.mvfrm
[ 861/1449  0s] MovedFromExtractor-Combine Library/Bee/artifacts/1900b0aE.dag/Unity.Services.Core.Scheduler.dll.mvfrm
[ 862/1449  0s] MovedFromExtractor-Combine Library/Bee/artifacts/1900b0aE.dag/Unity.Services.Core.Device.dll.mvfrm
[           0s] Csc Library/Bee/artifacts/1900b0aE.dag/Unity.Multiplayer.Center.Editor.dll (+2 others) [CacheWrite 00000000000000000000000000000004]
[ 863/1449  0s] MovedFromExtractor-Combine Library/Bee/artifacts/1900b0aE.dag/Unity.Services.Core.Networking.dll.mvfrm
[ 864/1449  0s] MovedFromExtractor-Combine Library/Bee/artifacts/1900b0aE.dag/Unity.Services.Core.Environments.Internal.dll.mvfrm
[ 865/1449  0s] MovedFromExtractor-Combine Library/Bee/artifacts/1900b0aE.dag/Unity.Services.Core.Threading.dll.mvfrm
[           0s] Csc Library/Bee/artifacts/1900b0aE.dag/Unity.Multiplayer.Playmode.VirtualProjects.Editor.dll (+2 others) [CacheWrite 00000000000000000000000000000004]
[ 866/1449  0s] MovedFromExtractor-Combine Library/Bee/artifacts/1900b0aE.dag/Unity.Services.Authentication.PlayerAccounts.dll.mvfrm
[ 867/1449  0s] MovedFromExtractor-Combine Library/Bee/artifacts/1900b0aE.dag/Unity.Services.Core.Environments.dll.mvfrm
[ 868/1449  0s] MovedFromExtractor-Combine Library/Bee/artifacts/1900b0aE.dag/Unity.Services.Core.Configuration.dll.mvfrm
[ 869/1449  0s] MovedFromExtractor-Combine Library/Bee/artifacts/1900b0aE.dag/Unity.Services.Wire.Internal.dll.mvfrm
[ 871/1449  0s] Csc Library/Bee/artifacts/1900b0aE.dag/Unity.TextMeshPro.Editor.dll (+2 others)
[           0s] Csc Library/Bee/artifacts/1900b0aE.dag/Unity.TextMeshPro.Editor.dll (+2 others) [CacheWrite 00000000000000000000000000000004]
[ 872/1449  0s] Csc Library/Bee/artifacts/1900b0aE.dag/Unity.DedicatedServer.CliArguments.Editor.dll (+2 others)
[ 873/1449  2s] Csc Library/Bee/artifacts/1900b0aE.dag/Unity.InputSystem.dll (+2 others)
[ 874/1449  0s] Csc Library/Bee/artifacts/1900b0aE.dag/Unity.Multiplayer.PlayMode.Editor.Bridge.dll (+2 others)
[ 875/1449  0s] Csc Library/Bee/artifacts/1900b0aE.dag/Unity.Burst.CodeGen.dll (+2 others)
[           0s] Csc Library/Bee/artifacts/1900b0aE.dag/Unity.DedicatedServer.CliArguments.Editor.dll (+2 others) [CacheWrite 00000000000000000000000000000004]
[           0s] Csc Library/Bee/artifacts/1900b0aE.dag/Unity.InputSystem.dll (+2 others) [CacheWrite 00000000000000000000000000000004]
[ 876/1449  0s] Csc Library/Bee/artifacts/1900b0aE.dag/Unity.Multiplayer.Tools.DependencyInjection.UIElements.dll (+2 others)
[           0s] Csc Library/Bee/artifacts/1900b0aE.dag/Unity.Multiplayer.PlayMode.Editor.Bridge.dll (+2 others) [CacheWrite 00000000000000000000000000000004]
[           0s] Csc Library/Bee/artifacts/1900b0aE.dag/Unity.Burst.CodeGen.dll (+2 others) [CacheWrite 00000000000000000000000000000004]
[ 881/1449  0s] CopyFiles Library/ScriptAssemblies/Unity.Burst.CodeGen.pdb
[           0s] Csc Library/Bee/artifacts/1900b0aE.dag/Unity.Multiplayer.Tools.DependencyInjection.UIElements.dll (+2 others) [CacheWrite 00000000000000000000000000000004]
[ 882/1449  0s] Csc Library/Bee/artifacts/1900b0aE.dag/Unity.Services.Core.Scheduler.dll (+2 others)
[ 884/1449  0s] Csc Library/Bee/artifacts/1900b0aE.dag/Unity.Services.Core.Telemetry.dll (+2 others)
[ 885/1449  0s] Csc Library/Bee/artifacts/1900b0aE.dag/Unity.Services.Core.Threading.dll (+2 others)
[ 886/1449  0s] Csc Library/Bee/artifacts/1900b0aE.dag/Unity.Services.Core.Environments.Internal.dll (+2 others)
[ 887/1449  0s] Csc Library/Bee/artifacts/1900b0aE.dag/Unity.Services.Core.Environments.dll (+2 others)
[ 888/1449  0s] CopyFiles Library/ScriptAssemblies/Unity.Burst.CodeGen.dll
[ 889/1449  0s] Csc Library/Bee/artifacts/1900b0aE.dag/Unity.Services.Core.Networking.dll (+2 others)
[           0s] Csc Library/Bee/artifacts/1900b0aE.dag/Unity.Services.Core.Threading.dll (+2 others) [CacheWrite 00000000000000000000000000000004]
[           0s] Csc Library/Bee/artifacts/1900b0aE.dag/Unity.Services.Core.Telemetry.dll (+2 others) [CacheWrite 00000000000000000000000000000004]
[ 890/1449  0s] MovedFromExtractor-Combine Library/Bee/artifacts/1900b0aE.dag/Unity.InputSystem.DocCodeSamples.dll.mvfrm
[ 891/1449  0s] MovedFromExtractor-Combine Library/Bee/artifacts/1900b0aE.dag/Unity.InputSystem.ForUI.dll.mvfrm
[ 892/1449  0s] MovedFromExtractor-Combine Library/Bee/artifacts/1900b0aE.dag/Unity.Multiplayer.PlayMode.Configurations.Editor.dll.mvfrm
[           0s] Csc Library/Bee/artifacts/1900b0aE.dag/Unity.Services.Core.Scheduler.dll (+2 others) [CacheWrite 00000000000000000000000000000004]
[ 895/1449  0s] Csc Library/Bee/artifacts/1900b0aE.dag/Unity.Services.Core.Device.dll (+2 others)
[ 896/1449  0s] Csc Library/Bee/artifacts/1900b0aE.dag/Unity.Services.Core.Configuration.dll (+2 others)
[ 897/1449  0s] MovedFromExtractor-Combine Library/Bee/artifacts/1900b0aE.dag/Unity.Multiplayer.Playmode.Workflow.Editor.dll.mvfrm
[           0s] Csc Library/Bee/artifacts/1900b0aE.dag/Unity.Services.Core.Environments.Internal.dll (+2 others) [CacheWrite 00000000000000000000000000000004]
[           0s] Csc Library/Bee/artifacts/1900b0aE.dag/Unity.Services.Core.Environments.dll (+2 others) [CacheWrite 00000000000000000000000000000004]
[           0s] Csc Library/Bee/artifacts/1900b0aE.dag/Unity.Services.Core.Networking.dll (+2 others) [CacheWrite 00000000000000000000000000000004]
[           0s] Csc Library/Bee/artifacts/1900b0aE.dag/Unity.Services.Core.Configuration.dll (+2 others) [CacheWrite 00000000000000000000000000000004]
[           0s] Csc Library/Bee/artifacts/1900b0aE.dag/Unity.Services.Core.Device.dll (+2 others) [CacheWrite 00000000000000000000000000000004]
[ 904/1449  0s] Csc Library/Bee/artifacts/1900b0aE.dag/Unity.Services.Authentication.PlayerAccounts.dll (+2 others)
[ 905/1449  0s] Csc Library/Bee/artifacts/1900b0aE.dag/Unity.Services.Wire.Internal.dll (+2 others)
[ 906/1449  2s] Csc Library/Bee/artifacts/1900b0aE.dag/Unity.Mathematics.dll (+2 others)
[           0s] Csc Library/Bee/artifacts/1900b0aE.dag/Unity.Services.Wire.Internal.dll (+2 others) [CacheWrite 00000000000000000000000000000004]
[           0s] Csc Library/Bee/artifacts/1900b0aE.dag/Unity.Services.Authentication.PlayerAccounts.dll (+2 others) [CacheWrite 00000000000000000000000000000004]
[ 907/1449  0s] MovedFromExtractor-Combine Library/Bee/artifacts/1900b0aE.dag/Unity.Services.Core.Components.dll.mvfrm
[           0s] Csc Library/Bee/artifacts/1900b0aE.dag/Unity.Mathematics.dll (+2 others) [CacheWrite 00000000000000000000000000000004]
[ 909/1449  0s] MovedFromExtractor-Combine Library/Bee/artifacts/1900b0aE.dag/Unity.Services.Core.Registration.dll.mvfrm
[ 910/1449  0s] MovedFromExtractor-Combine Library/Bee/artifacts/1900b0aE.dag/Unity.Services.Core.Configuration.Editor.dll.mvfrm
[ 912/1449  0s] Csc Library/Bee/artifacts/1900b0aE.dag/Unity.InputSystem.DocCodeSamples.dll (+2 others)
[ 913/1449  0s] Csc Library/Bee/artifacts/1900b0aE.dag/Unity.Multiplayer.PlayMode.Configurations.Editor.dll (+2 others)
[ 914/1449  0s] MovedFromExtractor-Combine Library/Bee/artifacts/1900b0aE.dag/glTFast.Export.dll.mvfrm
[ 915/1449  0s] MovedFromExtractor-Combine Library/Bee/artifacts/1900b0aE.dag/Unity.Mathematics.Editor.dll.mvfrm
[ 916/1449  0s] MovedFromExtractor-Combine Library/Bee/artifacts/1900b0aE.dag/Unity.Collections.dll.mvfrm
[           0s] Csc Library/Bee/artifacts/1900b0aE.dag/Unity.InputSystem.DocCodeSamples.dll (+2 others) [CacheWrite 00000000000000000000000000000004]
[ 917/1449  0s] MovedFromExtractor-Combine Library/Bee/artifacts/1900b0aE.dag/glTFast.Documentation.Examples.dll.mvfrm
[ 918/1449  0s] Csc Library/Bee/artifacts/1900b0aE.dag/Unity.InputSystem.ForUI.dll (+2 others)
[ 919/1449  0s] MovedFromExtractor-Combine Library/Bee/artifacts/1900b0aE.dag/glTFast.Editor.dll.mvfrm
[           0s] Csc Library/Bee/artifacts/1900b0aE.dag/Unity.Multiplayer.PlayMode.Configurations.Editor.dll (+2 others) [CacheWrite 00000000000000000000000000000004]
[           0s] Csc Library/Bee/artifacts/1900b0aE.dag/Unity.InputSystem.ForUI.dll (+2 others) [CacheWrite 00000000000000000000000000000004]
[ 920/1449  0s] Csc Library/Bee/artifacts/1900b0aE.dag/Unity.Multiplayer.Playmode.Workflow.Editor.dll (+2 others)
[           0s] Csc Library/Bee/artifacts/1900b0aE.dag/Unity.Multiplayer.Playmode.Workflow.Editor.dll (+2 others) [CacheWrite 00000000000000000000000000000004]
[ 923/1449  0s] Csc Library/Bee/artifacts/1900b0aE.dag/Unity.Services.Core.Components.dll (+2 others)
[           0s] Csc Library/Bee/artifacts/1900b0aE.dag/Unity.Services.Core.Components.dll (+2 others) [CacheWrite 00000000000000000000000000000004]
[ 925/1449  0s] Csc Library/Bee/artifacts/1900b0aE.dag/Unity.Services.Core.Configuration.Editor.dll (+2 others)
[ 926/1449  0s] Csc Library/Bee/artifacts/1900b0aE.dag/Unity.Services.Core.Registration.dll (+2 others)
[           0s] Csc Library/Bee/artifacts/1900b0aE.dag/Unity.Services.Core.Configuration.Editor.dll (+2 others) [CacheWrite 00000000000000000000000000000004]
[           0s] Csc Library/Bee/artifacts/1900b0aE.dag/Unity.Services.Core.Registration.dll (+2 others) [CacheWrite 00000000000000000000000000000004]
[ 928/1449  0s] MovedFromExtractor-Combine Library/Bee/artifacts/1900b0aE.dag/Unity.Multiplayer.Playmode.WorkflowUI.Editor.dll.mvfrm
[ 929/1449  0s] MovedFromExtractor-Combine Library/Bee/artifacts/1900b0aE.dag/Unity.Multiplayer.Playmode.dll.mvfrm
[ 931/1449  0s] Csc Library/Bee/artifacts/1900b0aE.dag/Unity.Mathematics.Editor.dll (+2 others)
[ 932/1449  0s] MovedFromExtractor-Combine Library/Bee/artifacts/1900b0aE.dag/Unity.Services.Authentication.dll.mvfrm
[           0s] Csc Library/Bee/artifacts/1900b0aE.dag/Unity.Mathematics.Editor.dll (+2 others) [CacheWrite 00000000000000000000000000000004]
[ 933/1449  0s] MovedFromExtractor-Combine Library/Bee/artifacts/1900b0aE.dag/Unity.Services.Core.Editor.dll.mvfrm
[ 934/1449  0s] Csc Library/Bee/artifacts/1900b0aE.dag/Unity.Multiplayer.Playmode.dll (+2 others)
[           0s] Csc Library/Bee/artifacts/1900b0aE.dag/Unity.Multiplayer.Playmode.dll (+2 others) [CacheWrite 00000000000000000000000000000004]
[ 935/1449  0s] Csc Library/Bee/artifacts/1900b0aE.dag/Unity.Multiplayer.Playmode.WorkflowUI.Editor.dll (+2 others)
[           0s] Csc Library/Bee/artifacts/1900b0aE.dag/Unity.Multiplayer.Playmode.WorkflowUI.Editor.dll (+2 others) [CacheWrite 00000000000000000000000000000004]
[ 936/1449  0s] Csc Library/Bee/artifacts/1900b0aE.dag/Unity.Services.Authentication.dll (+2 others)
[           0s] Csc Library/Bee/artifacts/1900b0aE.dag/Unity.Services.Authentication.dll (+2 others) [CacheWrite 00000000000000000000000000000004]
[ 938/1449  0s] Csc Library/Bee/artifacts/1900b0aE.dag/Unity.Services.Core.Editor.dll (+2 others)
[ 939/1449  0s] MovedFromExtractor-Combine Library/Bee/artifacts/1900b0aE.dag/Unity.Services.Vivox.dll.mvfrm
[           0s] Csc Library/Bee/artifacts/1900b0aE.dag/Unity.Services.Core.Editor.dll (+2 others) [CacheWrite 00000000000000000000000000000004]
[ 941/1449  0s] MovedFromExtractor-Combine Library/Bee/artifacts/1900b0aE.dag/Unity.Services.Authentication.PlayerAccounts.Editor.dll.mvfrm
[ 942/1449  0s] MovedFromExtractor-Combine Library/Bee/artifacts/1900b0aE.dag/Unity.Services.Core.Environments.Editor.dll.mvfrm
[ 943/1449  1s] Csc Library/Bee/artifacts/1900b0aE.dag/Unity.Collections.dll (+2 others)
[           0s] Csc Library/Bee/artifacts/1900b0aE.dag/Unity.Collections.dll (+2 others) [CacheWrite 00000000000000000000000000000004]
[ 945/1449  0s] Csc Library/Bee/artifacts/1900b0aE.dag/Unity.Services.Authentication.PlayerAccounts.Editor.dll (+2 others)
[ 946/1449  0s] MovedFromExtractor-Combine Library/Bee/artifacts/1900b0aE.dag/Unity.Multiplayer.Tools.NetStats.dll.mvfrm
[ 947/1449  0s] MovedFromExtractor-Combine Library/Bee/artifacts/1900b0aE.dag/Unity.Services.QoS.dll.mvfrm
[ 948/1449  0s] MovedFromExtractor-Combine Library/Bee/artifacts/1900b0aE.dag/glTFast.dots.dll.mvfrm
[ 949/1449  0s] MovedFromExtractor-Combine Library/Bee/artifacts/1900b0aE.dag/glTFast.dll.mvfrm
[ 950/1449  0s] MovedFromExtractor-Combine Library/Bee/artifacts/1900b0aE.dag/Unity.Networking.Transport.dll.mvfrm
[ 951/1449  0s] MovedFromExtractor-Combine Library/Bee/artifacts/1900b0aE.dag/Unity.Collections.CodeGen.dll.mvfrm
[           0s] Csc Library/Bee/artifacts/1900b0aE.dag/Unity.Services.Authentication.PlayerAccounts.Editor.dll (+2 others) [CacheWrite 00000000000000000000000000000004]
[ 952/1449  0s] MovedFromExtractor-Combine Library/Bee/artifacts/1900b0aE.dag/Unity.Collections.Editor.dll.mvfrm
[ 954/1449  0s] Csc Library/Bee/artifacts/1900b0aE.dag/Unity.Services.Core.Environments.Editor.dll (+2 others)
[           0s] Csc Library/Bee/artifacts/1900b0aE.dag/Unity.Services.Core.Environments.Editor.dll (+2 others) [CacheWrite 00000000000000000000000000000004]
[ 956/1449  0s] Csc Library/Bee/artifacts/1900b0aE.dag/Unity.Collections.Editor.dll (+2 others)
[ 957/1449  0s] MovedFromExtractor-Combine Library/Bee/artifacts/1900b0aE.dag/Unity.Services.Authentication.Editor.dll.mvfrm
[ 958/1449  0s] MovedFromExtractor-Combine Library/Bee/artifacts/1900b0aE.dag/Unity.Services.Deployment.dll.mvfrm
[ 959/1449  0s] MovedFromExtractor-Combine Library/Bee/artifacts/1900b0aE.dag/Unity.Services.Multiplayer.Editor.Shared.dll.mvfrm
[ 960/1449  0s] Csc Library/Bee/artifacts/1900b0aE.dag/Unity.Multiplayer.Tools.NetStats.dll (+2 others)
[ 961/1449  0s] Csc Library/Bee/artifacts/1900b0aE.dag/Unity.Collections.CodeGen.dll (+2 others)
[ 962/1449  0s] Csc Library/Bee/artifacts/1900b0aE.dag/Unity.Services.QoS.dll (+2 others)
[           0s] Csc Library/Bee/artifacts/1900b0aE.dag/Unity.Collections.Editor.dll (+2 others) [CacheWrite 00000000000000000000000000000004]
[           0s] Csc Library/Bee/artifacts/1900b0aE.dag/Unity.Multiplayer.Tools.NetStats.dll (+2 others) [CacheWrite 00000000000000000000000000000004]
[ 963/1449  0s] Csc Library/Bee/artifacts/1900b0aE.dag/Unity.Networking.Transport.dll (+2 others)
[           0s] Csc Library/Bee/artifacts/1900b0aE.dag/Unity.Services.QoS.dll (+2 others) [CacheWrite 00000000000000000000000000000004]
[           0s] Csc Library/Bee/artifacts/1900b0aE.dag/Unity.Collections.CodeGen.dll (+2 others) [CacheWrite 00000000000000000000000000000004]
[ 966/1449  0s] CopyFiles Library/ScriptAssemblies/Unity.Collections.CodeGen.pdb
[ 967/1449  0s] CopyFiles Library/ScriptAssemblies/Unity.Collections.CodeGen.dll
[ 968/1449  3s] Csc Library/Bee/artifacts/1900b0aE.dag/Unity.Burst.Editor.dll (+2 others)
[           0s] Csc Library/Bee/artifacts/1900b0aE.dag/Unity.Networking.Transport.dll (+2 others) [CacheWrite 00000000000000000000000000000004]
[           0s] Csc Library/Bee/artifacts/1900b0aE.dag/Unity.Burst.Editor.dll (+2 others) [CacheWrite 00000000000000000000000000000004]
[ 970/1449  0s] MovedFromExtractor-Combine Library/Bee/artifacts/1900b0aE.dag/Unity.Multiplayer.Tools.MetricTypes.dll.mvfrm
[ 971/1449  0s] MovedFromExtractor-Combine Library/Bee/artifacts/1900b0aE.dag/Unity.Multiplayer.Tools.NetStats.CodeGen.dll.mvfrm
[ 972/1449  0s] MovedFromExtractor-Combine Library/Bee/artifacts/1900b0aE.dag/Unity.Multiplayer.Tools.Adapters.dll.mvfrm
[ 973/1449  0s] Csc Library/Bee/artifacts/1900b0aE.dag/glTFast.dll (+2 others)
[ 974/1449  0s] Csc Library/Bee/artifacts/1900b0aE.dag/Unity.Services.Authentication.Editor.dll (+2 others)
[           0s] Csc Library/Bee/artifacts/1900b0aE.dag/glTFast.dll (+2 others) [CacheWrite 00000000000000000000000000000004]
[ 975/1449  0s] Csc Library/Bee/artifacts/1900b0aE.dag/Unity.Services.Multiplayer.Editor.Shared.dll (+2 others)
[           0s] Csc Library/Bee/artifacts/1900b0aE.dag/Unity.Services.Authentication.Editor.dll (+2 others) [CacheWrite 00000000000000000000000000000004]
[           0s] Csc Library/Bee/artifacts/1900b0aE.dag/Unity.Services.Multiplayer.Editor.Shared.dll (+2 others) [CacheWrite 00000000000000000000000000000004]
[ 978/1449  0s] Csc Library/Bee/artifacts/1900b0aE.dag/Unity.Multiplayer.Tools.NetStats.CodeGen.dll (+2 others)
[ 979/1449  0s] Csc Library/Bee/artifacts/1900b0aE.dag/Unity.Multiplayer.Tools.Adapters.dll (+2 others)
[           0s] Csc Library/Bee/artifacts/1900b0aE.dag/Unity.Multiplayer.Tools.NetStats.CodeGen.dll (+2 others) [CacheWrite 00000000000000000000000000000004]
[ 980/1449  0s] Csc Library/Bee/artifacts/1900b0aE.dag/Unity.Multiplayer.Tools.MetricTypes.dll (+2 others)
[ 981/1449  0s] CopyFiles Library/ScriptAssemblies/Unity.Multiplayer.Tools.NetStats.CodeGen.pdb
[           0s] Csc Library/Bee/artifacts/1900b0aE.dag/Unity.Multiplayer.Tools.Adapters.dll (+2 others) [CacheWrite 00000000000000000000000000000004]
[ 982/1449  0s] CopyFiles Library/ScriptAssemblies/Unity.Multiplayer.Tools.NetStats.CodeGen.dll
[ 993/1449  0s] MovedFromExtractor-Combine Library/Bee/artifacts/1900b0aE.dag/Unity.Services.Authentication.Editor.Shared.dll.mvfrm
[           0s] Csc Library/Bee/artifacts/1900b0aE.dag/Unity.Multiplayer.Tools.MetricTypes.dll (+2 others) [CacheWrite 00000000000000000000000000000004]
[ 995/1449  0s] MovedFromExtractor-Combine Library/Bee/artifacts/1900b0aE.dag/Unity.Services.Multiplayer.Multiplay.Authoring.Editor.dll.mvfrm
[ 996/1449  0s] Csc Library/Bee/artifacts/1900b0aE.dag/Unity.Services.Deployment.dll (+2 others)
[           0s] Csc Library/Bee/artifacts/1900b0aE.dag/Unity.Services.Deployment.dll (+2 others) [CacheWrite 00000000000000000000000000000004]
[ 997/1449  0s] Csc Library/Bee/artifacts/1900b0aE.dag/glTFast.dots.dll (+2 others)
[ 998/1449  0s] MovedFromExtractor-Combine Library/Bee/artifacts/1900b0aE.dag/Unity.Multiplayer.Tools.NetVis.Editor.Visualization.dll.mvfrm
[ 999/1449  0s] MovedFromExtractor-Combine Library/Bee/artifacts/1900b0aE.dag/Unity.Multiplayer.Tools.NetworkSimulator.Editor.dll.mvfrm
[1000/1449  0s] MovedFromExtractor-Combine Library/Bee/artifacts/1900b0aE.dag/Unity.Multiplayer.Tools.NetworkProfiler.Runtime.dll.mvfrm
[1001/1449  0s] MovedFromExtractor-Combine Library/Bee/artifacts/1900b0aE.dag/Unity.Multiplayer.Tools.MetricEvents.dll.mvfrm
[1002/1449  0s] MovedFromExtractor-Combine Library/Bee/artifacts/1900b0aE.dag/Unity.Multiplayer.Tools.NetStatsMonitor.Configuration.dll.mvfrm
[1003/1449  0s] Csc Library/Bee/artifacts/1900b0aE.dag/glTFast.Newtonsoft.dll (+2 others)
[           0s] Csc Library/Bee/artifacts/1900b0aE.dag/glTFast.dots.dll (+2 others) [CacheWrite 00000000000000000000000000000004]
[           0s] Csc Library/Bee/artifacts/1900b0aE.dag/glTFast.Newtonsoft.dll (+2 others) [CacheWrite 00000000000000000000000000000004]
[1004/1449  1s] Csc Library/Bee/artifacts/1900b0aE.dag/Unity.Services.Vivox.dll (+2 others)
[           0s] Csc Library/Bee/artifacts/1900b0aE.dag/Unity.Services.Vivox.dll (+2 others) [CacheWrite 00000000000000000000000000000004]
[1005/1449  0s] Csc Library/Bee/artifacts/1900b0aE.dag/Unity.Services.Authentication.Editor.Shared.dll (+2 others)
[           0s] Csc Library/Bee/artifacts/1900b0aE.dag/Unity.Services.Authentication.Editor.Shared.dll (+2 others) [CacheWrite 00000000000000000000000000000004]
[1007/1449  0s] Csc Library/Bee/artifacts/1900b0aE.dag/glTFast.Export.dll (+2 others)
[1008/1449  0s] Csc Library/Bee/artifacts/1900b0aE.dag/Unity.Multiplayer.Tools.NetworkProfiler.Runtime.dll (+2 others)
[1009/1449  0s] Csc Library/Bee/artifacts/1900b0aE.dag/Unity.Multiplayer.Tools.MetricEvents.dll (+2 others)
[1010/1449  0s] Csc Library/Bee/artifacts/1900b0aE.dag/Unity.Multiplayer.Tools.NetVis.Editor.Visualization.dll (+2 others)
[           0s] Csc Library/Bee/artifacts/1900b0aE.dag/glTFast.Export.dll (+2 others) [CacheWrite 00000000000000000000000000000004]
[1011/1449  0s] Csc Library/Bee/artifacts/1900b0aE.dag/Unity.Multiplayer.Tools.NetStatsMonitor.Configuration.dll (+2 others)
[           0s] Csc Library/Bee/artifacts/1900b0aE.dag/Unity.Multiplayer.Tools.NetworkProfiler.Runtime.dll (+2 others) [CacheWrite 00000000000000000000000000000004]
[           0s] Csc Library/Bee/artifacts/1900b0aE.dag/Unity.Multiplayer.Tools.MetricEvents.dll (+2 others) [CacheWrite 00000000000000000000000000000004]
[           0s] Csc Library/Bee/artifacts/1900b0aE.dag/Unity.Multiplayer.Tools.NetVis.Editor.Visualization.dll (+2 others) [CacheWrite 00000000000000000000000000000004]
[1012/1449  0s] MovedFromExtractor-Combine Library/Bee/artifacts/1900b0aE.dag/Unity.Services.Vivox.Editor.dll.mvfrm
[1015/1449  0s] Csc Library/Bee/artifacts/1900b0aE.dag/Unity.Multiplayer.Tools.NetworkSimulator.Editor.dll (+2 others)
[           0s] Csc Library/Bee/artifacts/1900b0aE.dag/Unity.Multiplayer.Tools.NetStatsMonitor.Configuration.dll (+2 others) [CacheWrite 00000000000000000000000000000004]
[           0s] Csc Library/Bee/artifacts/1900b0aE.dag/Unity.Multiplayer.Tools.NetworkSimulator.Editor.dll (+2 others) [CacheWrite 00000000000000000000000000000004]
[1018/1449  0s] MovedFromExtractor-Combine Library/Bee/artifacts/1900b0aE.dag/Unity.Multiplayer.Tools.NetStatsReporting.dll.mvfrm
[1019/1449  0s] MovedFromExtractor-Combine Library/Bee/artifacts/1900b0aE.dag/Unity.Multiplayer.Tools.MetricTestData.dll.mvfrm
[1020/1449  0s] MovedFromExtractor-Combine Library/Bee/artifacts/1900b0aE.dag/Unity.Multiplayer.Tools.NetVis.Editor.UI.dll.mvfrm
[1021/1449  0s] MovedFromExtractor-Combine Library/Bee/artifacts/1900b0aE.dag/Unity.Multiplayer.Tools.NetworkProfiler.Editor.dll.mvfrm
[1022/1449  0s] MovedFromExtractor-Combine Library/Bee/artifacts/1900b0aE.dag/Unity.Multiplayer.Tools.NetStatsMonitor.Implementation.dll.mvfrm
[1023/1449  0s] Csc Library/Bee/artifacts/1900b0aE.dag/glTFast.Documentation.Examples.dll (+2 others)
[1024/1449  0s] Csc Library/Bee/artifacts/1900b0aE.dag/Unity.Services.Vivox.Editor.dll (+2 others)
[1025/1449  0s] Csc Library/Bee/artifacts/1900b0aE.dag/glTFast.Editor.dll (+2 others)
[           0s] Csc Library/Bee/artifacts/1900b0aE.dag/glTFast.Documentation.Examples.dll (+2 others) [CacheWrite 00000000000000000000000000000004]
[           0s] Csc Library/Bee/artifacts/1900b0aE.dag/glTFast.Editor.dll (+2 others) [CacheWrite 00000000000000000000000000000004]
[           0s] Csc Library/Bee/artifacts/1900b0aE.dag/Unity.Services.Vivox.Editor.dll (+2 others) [CacheWrite 00000000000000000000000000000004]
[1026/1449  0s] Csc Library/Bee/artifacts/1900b0aE.dag/Unity.Multiplayer.Tools.NetStatsReporting.dll (+2 others)
[           0s] Csc Library/Bee/artifacts/1900b0aE.dag/Unity.Multiplayer.Tools.NetStatsReporting.dll (+2 others) [CacheWrite 00000000000000000000000000000004]
[1028/1449  0s] Csc Library/Bee/artifacts/1900b0aE.dag/Unity.Multiplayer.Tools.NetVis.Editor.UI.dll (+2 others)
[1029/1449  0s] Csc Library/Bee/artifacts/1900b0aE.dag/Unity.Multiplayer.Tools.MetricTestData.dll (+2 others)
[1030/1449  0s] MovedFromExtractor-Combine Library/Bee/artifacts/1900b0aE.dag/Unity.Netcode.Runtime.dll.mvfrm
[1031/1449  0s] Csc Library/Bee/artifacts/1900b0aE.dag/Unity.Multiplayer.Tools.NetworkProfiler.Editor.dll (+2 others)
[           0s] Csc Library/Bee/artifacts/1900b0aE.dag/Unity.Multiplayer.Tools.MetricTestData.dll (+2 others) [CacheWrite 00000000000000000000000000000004]
[           0s] Csc Library/Bee/artifacts/1900b0aE.dag/Unity.Multiplayer.Tools.NetVis.Editor.UI.dll (+2 others) [CacheWrite 00000000000000000000000000000004]
[1033/1449  0s] Csc Library/Bee/artifacts/1900b0aE.dag/glTFast.Editor.Documentation.Examples.dll (+2 others)
[           0s] Csc Library/Bee/artifacts/1900b0aE.dag/Unity.Multiplayer.Tools.NetworkProfiler.Editor.dll (+2 others) [CacheWrite 00000000000000000000000000000004]
[1034/1449  0s] Csc Library/Bee/artifacts/1900b0aE.dag/Unity.Multiplayer.Tools.NetStatsMonitor.Implementation.dll (+2 others)
[           0s] Csc Library/Bee/artifacts/1900b0aE.dag/glTFast.Editor.Documentation.Examples.dll (+2 others) [CacheWrite 00000000000000000000000000000004]
[           0s] Csc Library/Bee/artifacts/1900b0aE.dag/Unity.Multiplayer.Tools.NetStatsMonitor.Implementation.dll (+2 others) [CacheWrite 00000000000000000000000000000004]
[1036/1449  0s] MovedFromExtractor-Combine Library/Bee/artifacts/1900b0aE.dag/Unity.Multiplayer.Tools.Initialization.dll.mvfrm
[1037/1449  0s] MovedFromExtractor-Combine Library/Bee/artifacts/1900b0aE.dag/Unity.Multiplayer.Tools.NetStatsMonitor.Component.dll.mvfrm
[1038/1449  0s] Csc Library/Bee/artifacts/1900b0aE.dag/Unity.Multiplayer.Tools.Initialization.dll (+2 others)
[1039/1449  0s] Csc Library/Bee/artifacts/1900b0aE.dag/Unity.Multiplayer.Tools.NetStatsMonitor.Component.dll (+2 others)
[           0s] Csc Library/Bee/artifacts/1900b0aE.dag/Unity.Multiplayer.Tools.Initialization.dll (+2 others) [CacheWrite 00000000000000000000000000000004]
[           0s] Csc Library/Bee/artifacts/1900b0aE.dag/Unity.Multiplayer.Tools.NetStatsMonitor.Component.dll (+2 others) [CacheWrite 00000000000000000000000000000004]
[1041/1449  1s] Csc Library/Bee/artifacts/1900b0aE.dag/Unity.Services.Multiplayer.Multiplay.Authoring.Editor.dll (+2 others)
[1042/1449  0s] MovedFromExtractor-Combine Library/Bee/artifacts/1900b0aE.dag/Unity.Multiplayer.Tools.NetStatsMonitor.Editor.dll.mvfrm
[           0s] Csc Library/Bee/artifacts/1900b0aE.dag/Unity.Services.Multiplayer.Multiplay.Authoring.Editor.dll (+2 others) [CacheWrite 00000000000000000000000000000004]
[1044/1449  0s] Csc Library/Bee/artifacts/1900b0aE.dag/Unity.Netcode.Runtime.dll (+2 others)
[           0s] Csc Library/Bee/artifacts/1900b0aE.dag/Unity.Netcode.Runtime.dll (+2 others) [CacheWrite 00000000000000000000000000000004]
[1050/1449  0s] MovedFromExtractor-Combine Library/Bee/artifacts/1900b0aE.dag/Unity.Multiplayer.PlayMode.Scenarios.Editor.dll.mvfrm
[1051/1449  0s] Csc Library/Bee/artifacts/1900b0aE.dag/Unity.Multiplayer.Tools.NetStatsMonitor.Editor.dll (+2 others)
[           0s] Csc Library/Bee/artifacts/1900b0aE.dag/Unity.Multiplayer.Tools.NetStatsMonitor.Editor.dll (+2 others) [CacheWrite 00000000000000000000000000000004]
[1052/1449  0s] MovedFromExtractor-Combine Library/Bee/artifacts/1900b0aE.dag/Unity.Netcode.Editor.CodeGen.dll.mvfrm
[1053/1449  0s] MovedFromExtractor-Combine Library/Bee/artifacts/1900b0aE.dag/Unity.Services.Multiplayer.dll.mvfrm
[1054/1449  0s] MovedFromExtractor-Combine Library/Bee/artifacts/1900b0aE.dag/com.unity.multiplayer.tools.window.dll.mvfrm
[1055/1449  0s] MovedFromExtractor-Combine Library/Bee/artifacts/1900b0aE.dag/BizarreChess.Editor.dll.mvfrm
[1056/1449  0s] MovedFromExtractor-Combine Library/Bee/artifacts/1900b0aE.dag/Unity.Netcode.Editor.dll.mvfrm
[1057/1449  0s] Csc Library/Bee/artifacts/1900b0aE.dag/com.unity.multiplayer.tools.window.dll (+2 others)
[1058/1449  0s] Csc Library/Bee/artifacts/1900b0aE.dag/Unity.Netcode.Editor.dll (+2 others)
[           0s] Csc Library/Bee/artifacts/1900b0aE.dag/com.unity.multiplayer.tools.window.dll (+2 others) [CacheWrite 00000000000000000000000000000004]
[1059/1449  0s] Csc Library/Bee/artifacts/1900b0aE.dag/Unity.Multiplayer.PlayMode.Scenarios.Editor.dll (+2 others)
[           0s] Csc Library/Bee/artifacts/1900b0aE.dag/Unity.Netcode.Editor.dll (+2 others) [CacheWrite 00000000000000000000000000000004]
[           0s] Csc Library/Bee/artifacts/1900b0aE.dag/Unity.Multiplayer.PlayMode.Scenarios.Editor.dll (+2 others) [CacheWrite 00000000000000000000000000000004]
[1061/1449  0s] Csc Library/Bee/artifacts/1900b0aE.dag/Unity.Netcode.Editor.CodeGen.dll (+2 others)
[           0s] Csc Library/Bee/artifacts/1900b0aE.dag/Unity.Netcode.Editor.CodeGen.dll (+2 others) [CacheWrite 00000000000000000000000000000004]
[1062/1449  0s] CopyFiles Library/ScriptAssemblies/Unity.Netcode.Editor.CodeGen.pdb
[1063/1449  0s] CopyFiles Library/ScriptAssemblies/Unity.Netcode.Editor.CodeGen.dll
[1064/1449  0s] Csc Library/Bee/artifacts/1900b0aE.dag/Unity.Services.Multiplayer.dll (+2 others)
[           0s] Csc Library/Bee/artifacts/1900b0aE.dag/Unity.Services.Multiplayer.dll (+2 others) [CacheWrite 00000000000000000000000000000004]
[1069/1449  0s] MovedFromExtractor-Combine Library/Bee/artifacts/1900b0aE.dag/BizarreChess.dll.mvfrm
[1070/1449  0s] MovedFromExtractor-Combine Library/Bee/artifacts/1900b0aE.dag/Unity.Multiplayer.Widgets.Core.dll.mvfrm
[1071/1449  0s] MovedFromExtractor-Combine Library/Bee/artifacts/1900b0aE.dag/Unity.Services.Multiplayer.Editor.Matchmaker.Authoring.dll.mvfrm
[1072/1449  0s] MovedFromExtractor-Combine Library/Bee/artifacts/1900b0aE.dag/Unity.Multiplayer.Center.Integrations.dll.mvfrm
[1073/1449  0s] Csc Library/Bee/artifacts/1900b0aE.dag/Unity.Multiplayer.Widgets.Core.dll (+2 others)
[1074/1449  0s] Csc Library/Bee/artifacts/1900b0aE.dag/Unity.Multiplayer.Center.Integrations.dll (+2 others)
[           0s] Csc Library/Bee/artifacts/1900b0aE.dag/Unity.Multiplayer.Widgets.Core.dll (+2 others) [CacheWrite 00000000000000000000000000000004]
[           0s] Csc Library/Bee/artifacts/1900b0aE.dag/Unity.Multiplayer.Center.Integrations.dll (+2 others) [CacheWrite 00000000000000000000000000000004]
[1080/1449  0s] Csc Library/Bee/artifacts/1900b0aE.dag/Unity.Services.Multiplayer.Editor.Matchmaker.Authoring.dll (+2 others)
[1081/1449  0s] Csc Library/Bee/artifacts/1900b0aE.dag/BizarreChess.dll (+2 others)
Assets\Scripts\Networking\NetworkedGameState.cs(299,20): warning CS0618: 'ServerRpcAttribute.RequireOwnership' is obsolete: 'ServerRpc with RequireOwnership is deprecated. Use [Rpc(SendTo.Server, InvokePermission = RpcInvokePermission.Everyone)] or [Rpc(SendTo.Server, InvokePermission = RpcInvokePermission.Owner)] instead.)]'

Assets\Scripts\Networking\NetworkedGameState.cs(366,20): warning CS0618: 'ServerRpcAttribute.RequireOwnership' is obsolete: 'ServerRpc with RequireOwnership is deprecated. Use [Rpc(SendTo.Server, InvokePermission = RpcInvokePermission.Everyone)] or [Rpc(SendTo.Server, InvokePermission = RpcInvokePermission.Owner)] instead.)]'

Assets\Scripts\Networking\NetworkedGameState.cs(393,20): warning CS0618: 'ServerRpcAttribute.RequireOwnership' is obsolete: 'ServerRpc with RequireOwnership is deprecated. Use [Rpc(SendTo.Server, InvokePermission = RpcInvokePermission.Everyone)] or [Rpc(SendTo.Server, InvokePermission = RpcInvokePermission.Owner)] instead.)]'

Assets\Scripts\Networking\NetworkedGameState.cs(415,20): warning CS0618: 'ServerRpcAttribute.RequireOwnership' is obsolete: 'ServerRpc with RequireOwnership is deprecated. Use [Rpc(SendTo.Server, InvokePermission = RpcInvokePermission.Everyone)] or [Rpc(SendTo.Server, InvokePermission = RpcInvokePermission.Owner)] instead.)]'

Assets\Scripts\Networking\NetworkedGameState.cs(459,20): warning CS0618: 'ServerRpcAttribute.RequireOwnership' is obsolete: 'ServerRpc with RequireOwnership is deprecated. Use [Rpc(SendTo.Server, InvokePermission = RpcInvokePermission.Everyone)] or [Rpc(SendTo.Server, InvokePermission = RpcInvokePermission.Owner)] instead.)]'

Assets\Scripts\Networking\NetworkedGameState.cs(481,20): warning CS0618: 'ServerRpcAttribute.RequireOwnership' is obsolete: 'ServerRpc with RequireOwnership is deprecated. Use [Rpc(SendTo.Server, InvokePermission = RpcInvokePermission.Everyone)] or [Rpc(SendTo.Server, InvokePermission = RpcInvokePermission.Owner)] instead.)]'

Assets\Scripts\Networking\NetworkedGameState.cs(499,20): warning CS0618: 'ServerRpcAttribute.RequireOwnership' is obsolete: 'ServerRpc with RequireOwnership is deprecated. Use [Rpc(SendTo.Server, InvokePermission = RpcInvokePermission.Everyone)] or [Rpc(SendTo.Server, InvokePermission = RpcInvokePermission.Owner)] instead.)]'

Assets\Scripts\Core\Player\PlayerColors.cs(84,29): warning CS0414: The field 'PlayerColors._initialized' is assigned but its value is never used
[           0s] Csc Library/Bee/artifacts/1900b0aE.dag/Unity.Services.Multiplayer.Editor.Matchmaker.Authoring.dll (+2 others) [CacheWrite 00000000000000000000000000000004]
[1083/1449  0s] MovedFromExtractor-Combine Library/Bee/artifacts/1900b0aE.dag/Unity.Multiplayer.Widgets.Session.dll.mvfrm
[1084/1449  0s] MovedFromExtractor-Combine Library/Bee/artifacts/1900b0aE.dag/Unity.Services.Multiplayer.Editor.dll.mvfrm
[1085/1449  0s] Csc Library/Bee/artifacts/1900b0aE.dag/BizarreChess.Editor.dll (+2 others)
[1086/1449  0s] Csc Library/Bee/artifacts/1900b0aE.dag/Unity.Multiplayer.Widgets.Session.dll (+2 others)
[           0s] Csc Library/Bee/artifacts/1900b0aE.dag/Unity.Multiplayer.Widgets.Session.dll (+2 others) [CacheWrite 00000000000000000000000000000004]
[1088/1449  0s] Csc Library/Bee/artifacts/1900b0aE.dag/Unity.Services.Multiplayer.Editor.dll (+2 others)
[1089/1449  0s] MovedFromExtractor-Combine Library/Bee/artifacts/1900b0aE.dag/Unity.Multiplayer.Widgets.Editor.dll.mvfrm
[           0s] Csc Library/Bee/artifacts/1900b0aE.dag/Unity.Services.Multiplayer.Editor.dll (+2 others) [CacheWrite 00000000000000000000000000000004]
[1090/1449  0s] Csc Library/Bee/artifacts/1900b0aE.dag/Unity.Multiplayer.Widgets.Editor.dll (+2 others)
[           0s] Csc Library/Bee/artifacts/1900b0aE.dag/Unity.Multiplayer.Widgets.Editor.dll (+2 others) [CacheWrite 00000000000000000000000000000004]
[BUSY       6s] ILPP-Configuration Library/ilpp-configuration.nevergeneratedoutput
[1091/1449  7s] ILPP-Configuration Library/ilpp-configuration.nevergeneratedoutput
[1092/1449  0s] ILPostProcess Library/Bee/artifacts/1900b0aE.dag/post-processed/Unity.Multiplayer.Tools.NetworkSolutionInterface.dll (+pdb)
Processing assembly Library/Bee/artifacts/1900b0aE.dag/Unity.Multiplayer.Tools.NetworkSolutionInterface.dll, with 128 defines and 248 references

processors: Unity.Jobs.CodeGen.JobsILPostProcessor, Unity.Multiplayer.Tools.NetStats.CodeGen.AssemblyProcessorMain, Unity.Netcode.Editor.CodeGen.INetworkMessageILPP, Unity.Netcode.Editor.CodeGen.INetworkSerializableILPP, Unity.Netcode.Editor.CodeGen.NetworkBehaviourILPP, Unity.Netcode.Editor.CodeGen.RuntimeAccessModifiersILPP, zzzUnity.Burst.CodeGen.BurstILPostProcessor

running Unity.Jobs.CodeGen.JobsILPostProcessor

running Unity.Multiplayer.Tools.NetStats.CodeGen.AssemblyProcessorMain

running Unity.Netcode.Editor.CodeGen.INetworkMessageILPP

running Unity.Netcode.Editor.CodeGen.INetworkSerializableILPP

running Unity.Netcode.Editor.CodeGen.NetworkBehaviourILPP

running Unity.Netcode.Editor.CodeGen.RuntimeAccessModifiersILPP

running zzzUnity.Burst.CodeGen.BurstILPostProcessor
[1093/1449  0s] ILPostProcess Library/Bee/artifacts/1900b0aE.dag/post-processed/Unity.Services.Core.Environments.dll (+pdb)
Processing assembly Library/Bee/artifacts/1900b0aE.dag/Unity.Services.Core.Environments.dll, with 128 defines and 250 references

processors: Unity.Jobs.CodeGen.JobsILPostProcessor, Unity.Multiplayer.Tools.NetStats.CodeGen.AssemblyProcessorMain, Unity.Netcode.Editor.CodeGen.INetworkMessageILPP, Unity.Netcode.Editor.CodeGen.INetworkSerializableILPP, Unity.Netcode.Editor.CodeGen.NetworkBehaviourILPP, Unity.Netcode.Editor.CodeGen.RuntimeAccessModifiersILPP, zzzUnity.Burst.CodeGen.BurstILPostProcessor

running Unity.Jobs.CodeGen.JobsILPostProcessor

running Unity.Multiplayer.Tools.NetStats.CodeGen.AssemblyProcessorMain

running Unity.Netcode.Editor.CodeGen.INetworkMessageILPP

running Unity.Netcode.Editor.CodeGen.INetworkSerializableILPP

running Unity.Netcode.Editor.CodeGen.NetworkBehaviourILPP

running Unity.Netcode.Editor.CodeGen.RuntimeAccessModifiersILPP

running zzzUnity.Burst.CodeGen.BurstILPostProcessor
[1094/1449  0s] ILPostProcess Library/Bee/artifacts/1900b0aE.dag/post-processed/glTFast.Newtonsoft.dll (+pdb)
Processing assembly Library/Bee/artifacts/1900b0aE.dag/glTFast.Newtonsoft.dll, with 130 defines and 249 references

processors: Unity.Jobs.CodeGen.JobsILPostProcessor, Unity.Multiplayer.Tools.NetStats.CodeGen.AssemblyProcessorMain, Unity.Netcode.Editor.CodeGen.INetworkMessageILPP, Unity.Netcode.Editor.CodeGen.INetworkSerializableILPP, Unity.Netcode.Editor.CodeGen.NetworkBehaviourILPP, Unity.Netcode.Editor.CodeGen.RuntimeAccessModifiersILPP, zzzUnity.Burst.CodeGen.BurstILPostProcessor

running Unity.Jobs.CodeGen.JobsILPostProcessor

running Unity.Multiplayer.Tools.NetStats.CodeGen.AssemblyProcessorMain

running Unity.Netcode.Editor.CodeGen.INetworkMessageILPP

running Unity.Netcode.Editor.CodeGen.INetworkSerializableILPP

running Unity.Netcode.Editor.CodeGen.NetworkBehaviourILPP

running Unity.Netcode.Editor.CodeGen.RuntimeAccessModifiersILPP

running zzzUnity.Burst.CodeGen.BurstILPostProcessor
[1095/1449  0s] ILPostProcess Library/Bee/artifacts/1900b0aE.dag/post-processed/Unity.Multiplayer.Tools.Initialization.dll (+pdb)
Processing assembly Library/Bee/artifacts/1900b0aE.dag/Unity.Multiplayer.Tools.Initialization.dll, with 129 defines and 253 references

processors: Unity.Jobs.CodeGen.JobsILPostProcessor, Unity.Multiplayer.Tools.NetStats.CodeGen.AssemblyProcessorMain, Unity.Netcode.Editor.CodeGen.INetworkMessageILPP, Unity.Netcode.Editor.CodeGen.INetworkSerializableILPP, Unity.Netcode.Editor.CodeGen.NetworkBehaviourILPP, Unity.Netcode.Editor.CodeGen.RuntimeAccessModifiersILPP, zzzUnity.Burst.CodeGen.BurstILPostProcessor

running Unity.Jobs.CodeGen.JobsILPostProcessor

running Unity.Multiplayer.Tools.NetStats.CodeGen.AssemblyProcessorMain

running Unity.Netcode.Editor.CodeGen.INetworkMessageILPP

running Unity.Netcode.Editor.CodeGen.INetworkSerializableILPP

running Unity.Netcode.Editor.CodeGen.NetworkBehaviourILPP

running Unity.Netcode.Editor.CodeGen.RuntimeAccessModifiersILPP

running zzzUnity.Burst.CodeGen.BurstILPostProcessor
[1096/1449  0s] ILPostProcess Library/Bee/artifacts/1900b0aE.dag/post-processed/UnityEngine.UI.dll (+pdb)
Processing assembly Library/Bee/artifacts/1900b0aE.dag/UnityEngine.UI.dll, with 134 defines and 246 references

processors: Unity.Jobs.CodeGen.JobsILPostProcessor, Unity.Multiplayer.Tools.NetStats.CodeGen.AssemblyProcessorMain, Unity.Netcode.Editor.CodeGen.INetworkMessageILPP, Unity.Netcode.Editor.CodeGen.INetworkSerializableILPP, Unity.Netcode.Editor.CodeGen.NetworkBehaviourILPP, Unity.Netcode.Editor.CodeGen.RuntimeAccessModifiersILPP, zzzUnity.Burst.CodeGen.BurstILPostProcessor

running Unity.Jobs.CodeGen.JobsILPostProcessor

running Unity.Multiplayer.Tools.NetStats.CodeGen.AssemblyProcessorMain

running Unity.Netcode.Editor.CodeGen.INetworkMessageILPP

running Unity.Netcode.Editor.CodeGen.INetworkSerializableILPP

running Unity.Netcode.Editor.CodeGen.NetworkBehaviourILPP

running Unity.Netcode.Editor.CodeGen.RuntimeAccessModifiersILPP

running zzzUnity.Burst.CodeGen.BurstILPostProcessor
[1097/1449  0s] ILPostProcess Library/Bee/artifacts/1900b0aE.dag/post-processed/Unity.Services.Core.dll (+pdb)
Processing assembly Library/Bee/artifacts/1900b0aE.dag/Unity.Services.Core.dll, with 128 defines and 248 references

processors: Unity.Jobs.CodeGen.JobsILPostProcessor, Unity.Multiplayer.Tools.NetStats.CodeGen.AssemblyProcessorMain, Unity.Netcode.Editor.CodeGen.INetworkMessageILPP, Unity.Netcode.Editor.CodeGen.INetworkSerializableILPP, Unity.Netcode.Editor.CodeGen.NetworkBehaviourILPP, Unity.Netcode.Editor.CodeGen.RuntimeAccessModifiersILPP, zzzUnity.Burst.CodeGen.BurstILPostProcessor

running Unity.Jobs.CodeGen.JobsILPostProcessor

running Unity.Multiplayer.Tools.NetStats.CodeGen.AssemblyProcessorMain

running Unity.Netcode.Editor.CodeGen.INetworkMessageILPP

running Unity.Netcode.Editor.CodeGen.INetworkSerializableILPP

running Unity.Netcode.Editor.CodeGen.NetworkBehaviourILPP

running Unity.Netcode.Editor.CodeGen.RuntimeAccessModifiersILPP

running zzzUnity.Burst.CodeGen.BurstILPostProcessor
[1098/1449  0s] ILPostProcess Library/Bee/artifacts/1900b0aE.dag/post-processed/Unity.Services.Core.Internal.dll (+pdb)
Processing assembly Library/Bee/artifacts/1900b0aE.dag/Unity.Services.Core.Internal.dll, with 128 defines and 249 references

processors: Unity.Jobs.CodeGen.JobsILPostProcessor, Unity.Multiplayer.Tools.NetStats.CodeGen.AssemblyProcessorMain, Unity.Netcode.Editor.CodeGen.INetworkMessageILPP, Unity.Netcode.Editor.CodeGen.INetworkSerializableILPP, Unity.Netcode.Editor.CodeGen.NetworkBehaviourILPP, Unity.Netcode.Editor.CodeGen.RuntimeAccessModifiersILPP, zzzUnity.Burst.CodeGen.BurstILPostProcessor

running Unity.Jobs.CodeGen.JobsILPostProcessor

running Unity.Multiplayer.Tools.NetStats.CodeGen.AssemblyProcessorMain

running Unity.Netcode.Editor.CodeGen.INetworkMessageILPP

running Unity.Netcode.Editor.CodeGen.INetworkSerializableILPP

running Unity.Netcode.Editor.CodeGen.NetworkBehaviourILPP

running Unity.Netcode.Editor.CodeGen.RuntimeAccessModifiersILPP

running zzzUnity.Burst.CodeGen.BurstILPostProcessor
[1099/1449  0s] ILPostProcess Library/Bee/artifacts/1900b0aE.dag/post-processed/Unity.Services.Wire.Internal.dll (+pdb)
Processing assembly Library/Bee/artifacts/1900b0aE.dag/Unity.Services.Wire.Internal.dll, with 128 defines and 251 references

processors: Unity.Jobs.CodeGen.JobsILPostProcessor, Unity.Multiplayer.Tools.NetStats.CodeGen.AssemblyProcessorMain, Unity.Netcode.Editor.CodeGen.INetworkMessageILPP, Unity.Netcode.Editor.CodeGen.INetworkSerializableILPP, Unity.Netcode.Editor.CodeGen.NetworkBehaviourILPP, Unity.Netcode.Editor.CodeGen.RuntimeAccessModifiersILPP, zzzUnity.Burst.CodeGen.BurstILPostProcessor

running Unity.Jobs.CodeGen.JobsILPostProcessor

running Unity.Multiplayer.Tools.NetStats.CodeGen.AssemblyProcessorMain

running Unity.Netcode.Editor.CodeGen.INetworkMessageILPP

running Unity.Netcode.Editor.CodeGen.INetworkSerializableILPP

running Unity.Netcode.Editor.CodeGen.NetworkBehaviourILPP

running Unity.Netcode.Editor.CodeGen.RuntimeAccessModifiersILPP

running zzzUnity.Burst.CodeGen.BurstILPostProcessor
[1100/1449  0s] ILPostProcess Library/Bee/artifacts/1900b0aE.dag/post-processed/Unity.Multiplayer.Center.Common.dll (+pdb)
Processing assembly Library/Bee/artifacts/1900b0aE.dag/Unity.Multiplayer.Center.Common.dll, with 128 defines and 248 references

processors: Unity.Jobs.CodeGen.JobsILPostProcessor, Unity.Multiplayer.Tools.NetStats.CodeGen.AssemblyProcessorMain, Unity.Netcode.Editor.CodeGen.INetworkMessageILPP, Unity.Netcode.Editor.CodeGen.INetworkSerializableILPP, Unity.Netcode.Editor.CodeGen.NetworkBehaviourILPP, Unity.Netcode.Editor.CodeGen.RuntimeAccessModifiersILPP, zzzUnity.Burst.CodeGen.BurstILPostProcessor

running Unity.Jobs.CodeGen.JobsILPostProcessor

running Unity.Multiplayer.Tools.NetStats.CodeGen.AssemblyProcessorMain

running Unity.Netcode.Editor.CodeGen.INetworkMessageILPP

running Unity.Netcode.Editor.CodeGen.INetworkSerializableILPP

running Unity.Netcode.Editor.CodeGen.NetworkBehaviourILPP

running Unity.Netcode.Editor.CodeGen.RuntimeAccessModifiersILPP

running zzzUnity.Burst.CodeGen.BurstILPostProcessor
[1101/1449  0s] ILPostProcess Library/Bee/artifacts/1900b0aE.dag/post-processed/Unity.Multiplayer.Tools.NetStatsMonitor.Implementation.dll (+pdb)
Processing assembly Library/Bee/artifacts/1900b0aE.dag/Unity.Multiplayer.Tools.NetStatsMonitor.Implementation.dll, with 128 defines and 253 references

processors: Unity.Jobs.CodeGen.JobsILPostProcessor, Unity.Multiplayer.Tools.NetStats.CodeGen.AssemblyProcessorMain, Unity.Netcode.Editor.CodeGen.INetworkMessageILPP, Unity.Netcode.Editor.CodeGen.INetworkSerializableILPP, Unity.Netcode.Editor.CodeGen.NetworkBehaviourILPP, Unity.Netcode.Editor.CodeGen.RuntimeAccessModifiersILPP, zzzUnity.Burst.CodeGen.BurstILPostProcessor

running Unity.Jobs.CodeGen.JobsILPostProcessor

running Unity.Multiplayer.Tools.NetStats.CodeGen.AssemblyProcessorMain

running Unity.Netcode.Editor.CodeGen.INetworkMessageILPP

running Unity.Netcode.Editor.CodeGen.INetworkSerializableILPP

running Unity.Netcode.Editor.CodeGen.NetworkBehaviourILPP

running Unity.Netcode.Editor.CodeGen.RuntimeAccessModifiersILPP

running zzzUnity.Burst.CodeGen.BurstILPostProcessor
[1102/1449  0s] ILPostProcess Library/Bee/artifacts/1900b0aE.dag/post-processed/Unity.Services.Core.Components.dll (+pdb)
Processing assembly Library/Bee/artifacts/1900b0aE.dag/Unity.Services.Core.Components.dll, with 128 defines and 251 references

processors: Unity.Jobs.CodeGen.JobsILPostProcessor, Unity.Multiplayer.Tools.NetStats.CodeGen.AssemblyProcessorMain, Unity.Netcode.Editor.CodeGen.INetworkMessageILPP, Unity.Netcode.Editor.CodeGen.INetworkSerializableILPP, Unity.Netcode.Editor.CodeGen.NetworkBehaviourILPP, Unity.Netcode.Editor.CodeGen.RuntimeAccessModifiersILPP, zzzUnity.Burst.CodeGen.BurstILPostProcessor

running Unity.Jobs.CodeGen.JobsILPostProcessor

running Unity.Multiplayer.Tools.NetStats.CodeGen.AssemblyProcessorMain

running Unity.Netcode.Editor.CodeGen.INetworkMessageILPP

running Unity.Netcode.Editor.CodeGen.INetworkSerializableILPP

running Unity.Netcode.Editor.CodeGen.NetworkBehaviourILPP

running Unity.Netcode.Editor.CodeGen.RuntimeAccessModifiersILPP

running zzzUnity.Burst.CodeGen.BurstILPostProcessor
[1103/1449  0s] ILPostProcess Library/Bee/artifacts/1900b0aE.dag/post-processed/Unity.Multiplayer.Tools.Adapters.dll (+pdb)
Processing assembly Library/Bee/artifacts/1900b0aE.dag/Unity.Multiplayer.Tools.Adapters.dll, with 128 defines and 250 references

processors: Unity.Jobs.CodeGen.JobsILPostProcessor, Unity.Multiplayer.Tools.NetStats.CodeGen.AssemblyProcessorMain, Unity.Netcode.Editor.CodeGen.INetworkMessageILPP, Unity.Netcode.Editor.CodeGen.INetworkSerializableILPP, Unity.Netcode.Editor.CodeGen.NetworkBehaviourILPP, Unity.Netcode.Editor.CodeGen.RuntimeAccessModifiersILPP, zzzUnity.Burst.CodeGen.BurstILPostProcessor

running Unity.Jobs.CodeGen.JobsILPostProcessor

running Unity.Multiplayer.Tools.NetStats.CodeGen.AssemblyProcessorMain

running Unity.Netcode.Editor.CodeGen.INetworkMessageILPP

running Unity.Netcode.Editor.CodeGen.INetworkSerializableILPP

running Unity.Netcode.Editor.CodeGen.NetworkBehaviourILPP

running Unity.Netcode.Editor.CodeGen.RuntimeAccessModifiersILPP

running zzzUnity.Burst.CodeGen.BurstILPostProcessor
[1104/1449  0s] ILPostProcess Library/Bee/artifacts/1900b0aE.dag/post-processed/Unity.Multiplayer.Tools.NetworkProfiler.Runtime.dll (+pdb)
Processing assembly Library/Bee/artifacts/1900b0aE.dag/Unity.Multiplayer.Tools.NetworkProfiler.Runtime.dll, with 128 defines and 252 references

processors: Unity.Jobs.CodeGen.JobsILPostProcessor, Unity.Multiplayer.Tools.NetStats.CodeGen.AssemblyProcessorMain, Unity.Netcode.Editor.CodeGen.INetworkMessageILPP, Unity.Netcode.Editor.CodeGen.INetworkSerializableILPP, Unity.Netcode.Editor.CodeGen.NetworkBehaviourILPP, Unity.Netcode.Editor.CodeGen.RuntimeAccessModifiersILPP, zzzUnity.Burst.CodeGen.BurstILPostProcessor

running Unity.Jobs.CodeGen.JobsILPostProcessor

running Unity.Multiplayer.Tools.NetStats.CodeGen.AssemblyProcessorMain

running Unity.Netcode.Editor.CodeGen.INetworkMessageILPP

running Unity.Netcode.Editor.CodeGen.INetworkSerializableILPP

running Unity.Netcode.Editor.CodeGen.NetworkBehaviourILPP

running Unity.Netcode.Editor.CodeGen.RuntimeAccessModifiersILPP

running zzzUnity.Burst.CodeGen.BurstILPostProcessor
[1105/1449  0s] ILPostProcess Library/Bee/artifacts/1900b0aE.dag/post-processed/Unity.Services.Core.Device.dll (+pdb)
Processing assembly Library/Bee/artifacts/1900b0aE.dag/Unity.Services.Core.Device.dll, with 128 defines and 249 references

processors: Unity.Jobs.CodeGen.JobsILPostProcessor, Unity.Multiplayer.Tools.NetStats.CodeGen.AssemblyProcessorMain, Unity.Netcode.Editor.CodeGen.INetworkMessageILPP, Unity.Netcode.Editor.CodeGen.INetworkSerializableILPP, Unity.Netcode.Editor.CodeGen.NetworkBehaviourILPP, Unity.Netcode.Editor.CodeGen.RuntimeAccessModifiersILPP, zzzUnity.Burst.CodeGen.BurstILPostProcessor

running Unity.Jobs.CodeGen.JobsILPostProcessor

running Unity.Multiplayer.Tools.NetStats.CodeGen.AssemblyProcessorMain

running Unity.Netcode.Editor.CodeGen.INetworkMessageILPP

running Unity.Netcode.Editor.CodeGen.INetworkSerializableILPP

running Unity.Netcode.Editor.CodeGen.NetworkBehaviourILPP

running Unity.Netcode.Editor.CodeGen.RuntimeAccessModifiersILPP

running zzzUnity.Burst.CodeGen.BurstILPostProcessor
[1106/1449  0s] ILPostProcess Library/Bee/artifacts/1900b0aE.dag/post-processed/Unity.TextMeshPro.dll (+pdb)
Processing assembly Library/Bee/artifacts/1900b0aE.dag/Unity.TextMeshPro.dll, with 129 defines and 248 references

processors: Unity.Jobs.CodeGen.JobsILPostProcessor, Unity.Multiplayer.Tools.NetStats.CodeGen.AssemblyProcessorMain, Unity.Netcode.Editor.CodeGen.INetworkMessageILPP, Unity.Netcode.Editor.CodeGen.INetworkSerializableILPP, Unity.Netcode.Editor.CodeGen.NetworkBehaviourILPP, Unity.Netcode.Editor.CodeGen.RuntimeAccessModifiersILPP, zzzUnity.Burst.CodeGen.BurstILPostProcessor

running Unity.Jobs.CodeGen.JobsILPostProcessor

running Unity.Multiplayer.Tools.NetStats.CodeGen.AssemblyProcessorMain

running Unity.Netcode.Editor.CodeGen.INetworkMessageILPP

running Unity.Netcode.Editor.CodeGen.INetworkSerializableILPP

running Unity.Netcode.Editor.CodeGen.NetworkBehaviourILPP

running Unity.Netcode.Editor.CodeGen.RuntimeAccessModifiersILPP

running zzzUnity.Burst.CodeGen.BurstILPostProcessor
[1107/1449  0s] ILPostProcess Library/Bee/artifacts/1900b0aE.dag/post-processed/Unity.Multiplayer.Tools.NetStatsReporting.dll (+pdb)
Processing assembly Library/Bee/artifacts/1900b0aE.dag/Unity.Multiplayer.Tools.NetStatsReporting.dll, with 128 defines and 253 references

processors: Unity.Jobs.CodeGen.JobsILPostProcessor, Unity.Multiplayer.Tools.NetStats.CodeGen.AssemblyProcessorMain, Unity.Netcode.Editor.CodeGen.INetworkMessageILPP, Unity.Netcode.Editor.CodeGen.INetworkSerializableILPP, Unity.Netcode.Editor.CodeGen.NetworkBehaviourILPP, Unity.Netcode.Editor.CodeGen.RuntimeAccessModifiersILPP, zzzUnity.Burst.CodeGen.BurstILPostProcessor

running Unity.Jobs.CodeGen.JobsILPostProcessor

running Unity.Multiplayer.Tools.NetStats.CodeGen.AssemblyProcessorMain

running Unity.Netcode.Editor.CodeGen.INetworkMessageILPP

running Unity.Netcode.Editor.CodeGen.INetworkSerializableILPP

running Unity.Netcode.Editor.CodeGen.NetworkBehaviourILPP

running Unity.Netcode.Editor.CodeGen.RuntimeAccessModifiersILPP

running zzzUnity.Burst.CodeGen.BurstILPostProcessor
[1108/1449  0s] ILPostProcess Library/Bee/artifacts/1900b0aE.dag/post-processed/glTFast.Export.dll (+pdb)
Processing assembly Library/Bee/artifacts/1900b0aE.dag/glTFast.Export.dll, with 129 defines and 251 references

processors: Unity.Jobs.CodeGen.JobsILPostProcessor, Unity.Multiplayer.Tools.NetStats.CodeGen.AssemblyProcessorMain, Unity.Netcode.Editor.CodeGen.INetworkMessageILPP, Unity.Netcode.Editor.CodeGen.INetworkSerializableILPP, Unity.Netcode.Editor.CodeGen.NetworkBehaviourILPP, Unity.Netcode.Editor.CodeGen.RuntimeAccessModifiersILPP, zzzUnity.Burst.CodeGen.BurstILPostProcessor

running Unity.Jobs.CodeGen.JobsILPostProcessor

running Unity.Multiplayer.Tools.NetStats.CodeGen.AssemblyProcessorMain

running Unity.Netcode.Editor.CodeGen.INetworkMessageILPP

running Unity.Netcode.Editor.CodeGen.INetworkSerializableILPP

running Unity.Netcode.Editor.CodeGen.NetworkBehaviourILPP

running Unity.Netcode.Editor.CodeGen.RuntimeAccessModifiersILPP

running zzzUnity.Burst.CodeGen.BurstILPostProcessor
[1109/1449  0s] ILPostProcess Library/Bee/artifacts/1900b0aE.dag/post-processed/Unity.Multiplayer.Tools.Common.dll (+pdb)
Processing assembly Library/Bee/artifacts/1900b0aE.dag/Unity.Multiplayer.Tools.Common.dll, with 128 defines and 248 references

processors: Unity.Jobs.CodeGen.JobsILPostProcessor, Unity.Multiplayer.Tools.NetStats.CodeGen.AssemblyProcessorMain, Unity.Netcode.Editor.CodeGen.INetworkMessageILPP, Unity.Netcode.Editor.CodeGen.INetworkSerializableILPP, Unity.Netcode.Editor.CodeGen.NetworkBehaviourILPP, Unity.Netcode.Editor.CodeGen.RuntimeAccessModifiersILPP, zzzUnity.Burst.CodeGen.BurstILPostProcessor

running Unity.Jobs.CodeGen.JobsILPostProcessor

running Unity.Multiplayer.Tools.NetStats.CodeGen.AssemblyProcessorMain

running Unity.Netcode.Editor.CodeGen.INetworkMessageILPP

running Unity.Netcode.Editor.CodeGen.INetworkSerializableILPP

running Unity.Netcode.Editor.CodeGen.NetworkBehaviourILPP

running Unity.Netcode.Editor.CodeGen.RuntimeAccessModifiersILPP

running zzzUnity.Burst.CodeGen.BurstILPostProcessor
[1110/1449  0s] ILPostProcess Library/Bee/artifacts/1900b0aE.dag/post-processed/Unity.Services.Authentication.PlayerAccounts.dll (+pdb)
Processing assembly Library/Bee/artifacts/1900b0aE.dag/Unity.Services.Authentication.PlayerAccounts.dll, with 128 defines and 250 references

processors: Unity.Jobs.CodeGen.JobsILPostProcessor, Unity.Multiplayer.Tools.NetStats.CodeGen.AssemblyProcessorMain, Unity.Netcode.Editor.CodeGen.INetworkMessageILPP, Unity.Netcode.Editor.CodeGen.INetworkSerializableILPP, Unity.Netcode.Editor.CodeGen.NetworkBehaviourILPP, Unity.Netcode.Editor.CodeGen.RuntimeAccessModifiersILPP, zzzUnity.Burst.CodeGen.BurstILPostProcessor

running Unity.Jobs.CodeGen.JobsILPostProcessor

running Unity.Multiplayer.Tools.NetStats.CodeGen.AssemblyProcessorMain

running Unity.Netcode.Editor.CodeGen.INetworkMessageILPP

running Unity.Netcode.Editor.CodeGen.INetworkSerializableILPP

running Unity.Netcode.Editor.CodeGen.NetworkBehaviourILPP

running Unity.Netcode.Editor.CodeGen.RuntimeAccessModifiersILPP

running zzzUnity.Burst.CodeGen.BurstILPostProcessor
[1111/1449  0s] ILPostProcess Library/Bee/artifacts/1900b0aE.dag/post-processed/Unity.Services.Core.Environments.Internal.dll (+pdb)
Processing assembly Library/Bee/artifacts/1900b0aE.dag/Unity.Services.Core.Environments.Internal.dll, with 128 defines and 249 references

processors: Unity.Jobs.CodeGen.JobsILPostProcessor, Unity.Multiplayer.Tools.NetStats.CodeGen.AssemblyProcessorMain, Unity.Netcode.Editor.CodeGen.INetworkMessageILPP, Unity.Netcode.Editor.CodeGen.INetworkSerializableILPP, Unity.Netcode.Editor.CodeGen.NetworkBehaviourILPP, Unity.Netcode.Editor.CodeGen.RuntimeAccessModifiersILPP, zzzUnity.Burst.CodeGen.BurstILPostProcessor

running Unity.Jobs.CodeGen.JobsILPostProcessor

running Unity.Multiplayer.Tools.NetStats.CodeGen.AssemblyProcessorMain

running Unity.Netcode.Editor.CodeGen.INetworkMessageILPP

running Unity.Netcode.Editor.CodeGen.INetworkSerializableILPP

running Unity.Netcode.Editor.CodeGen.NetworkBehaviourILPP

running Unity.Netcode.Editor.CodeGen.RuntimeAccessModifiersILPP

running zzzUnity.Burst.CodeGen.BurstILPostProcessor
[1112/1449  0s] ILPostProcess Library/Bee/artifacts/1900b0aE.dag/post-processed/Unity.Services.Core.Telemetry.dll (+pdb)
Processing assembly Library/Bee/artifacts/1900b0aE.dag/Unity.Services.Core.Telemetry.dll, with 128 defines and 250 references

processors: Unity.Jobs.CodeGen.JobsILPostProcessor, Unity.Multiplayer.Tools.NetStats.CodeGen.AssemblyProcessorMain, Unity.Netcode.Editor.CodeGen.INetworkMessageILPP, Unity.Netcode.Editor.CodeGen.INetworkSerializableILPP, Unity.Netcode.Editor.CodeGen.NetworkBehaviourILPP, Unity.Netcode.Editor.CodeGen.RuntimeAccessModifiersILPP, zzzUnity.Burst.CodeGen.BurstILPostProcessor

running Unity.Jobs.CodeGen.JobsILPostProcessor

running Unity.Multiplayer.Tools.NetStats.CodeGen.AssemblyProcessorMain

running Unity.Netcode.Editor.CodeGen.INetworkMessageILPP

running Unity.Netcode.Editor.CodeGen.INetworkSerializableILPP

running Unity.Netcode.Editor.CodeGen.NetworkBehaviourILPP

running Unity.Netcode.Editor.CodeGen.RuntimeAccessModifiersILPP

running zzzUnity.Burst.CodeGen.BurstILPostProcessor
[1113/1449  0s] ILPostProcess Library/Bee/artifacts/1900b0aE.dag/post-processed/Unity.Services.Core.Registration.dll (+pdb)
Processing assembly Library/Bee/artifacts/1900b0aE.dag/Unity.Services.Core.Registration.dll, with 128 defines and 257 references

processors: Unity.Jobs.CodeGen.JobsILPostProcessor, Unity.Multiplayer.Tools.NetStats.CodeGen.AssemblyProcessorMain, Unity.Netcode.Editor.CodeGen.INetworkMessageILPP, Unity.Netcode.Editor.CodeGen.INetworkSerializableILPP, Unity.Netcode.Editor.CodeGen.NetworkBehaviourILPP, Unity.Netcode.Editor.CodeGen.RuntimeAccessModifiersILPP, zzzUnity.Burst.CodeGen.BurstILPostProcessor

running Unity.Jobs.CodeGen.JobsILPostProcessor

running Unity.Multiplayer.Tools.NetStats.CodeGen.AssemblyProcessorMain

running Unity.Netcode.Editor.CodeGen.INetworkMessageILPP

running Unity.Netcode.Editor.CodeGen.INetworkSerializableILPP

running Unity.Netcode.Editor.CodeGen.NetworkBehaviourILPP

running Unity.Netcode.Editor.CodeGen.RuntimeAccessModifiersILPP

running zzzUnity.Burst.CodeGen.BurstILPostProcessor
[1114/1449  0s] ILPostProcess Library/Bee/artifacts/1900b0aE.dag/post-processed/Unity.Services.Core.Scheduler.dll (+pdb)
Processing assembly Library/Bee/artifacts/1900b0aE.dag/Unity.Services.Core.Scheduler.dll, with 128 defines and 250 references

processors: Unity.Jobs.CodeGen.JobsILPostProcessor, Unity.Multiplayer.Tools.NetStats.CodeGen.AssemblyProcessorMain, Unity.Netcode.Editor.CodeGen.INetworkMessageILPP, Unity.Netcode.Editor.CodeGen.INetworkSerializableILPP, Unity.Netcode.Editor.CodeGen.NetworkBehaviourILPP, Unity.Netcode.Editor.CodeGen.RuntimeAccessModifiersILPP, zzzUnity.Burst.CodeGen.BurstILPostProcessor

running Unity.Jobs.CodeGen.JobsILPostProcessor

running Unity.Multiplayer.Tools.NetStats.CodeGen.AssemblyProcessorMain

running Unity.Netcode.Editor.CodeGen.INetworkMessageILPP

running Unity.Netcode.Editor.CodeGen.INetworkSerializableILPP

running Unity.Netcode.Editor.CodeGen.NetworkBehaviourILPP

running Unity.Netcode.Editor.CodeGen.RuntimeAccessModifiersILPP

running zzzUnity.Burst.CodeGen.BurstILPostProcessor
[1115/1449  0s] ILPostProcess Library/Bee/artifacts/1900b0aE.dag/post-processed/Unity.Multiplayer.Tools.MetricEvents.dll (+pdb)
Processing assembly Library/Bee/artifacts/1900b0aE.dag/Unity.Multiplayer.Tools.MetricEvents.dll, with 128 defines and 251 references

processors: Unity.Jobs.CodeGen.JobsILPostProcessor, Unity.Multiplayer.Tools.NetStats.CodeGen.AssemblyProcessorMain, Unity.Netcode.Editor.CodeGen.INetworkMessageILPP, Unity.Netcode.Editor.CodeGen.INetworkSerializableILPP, Unity.Netcode.Editor.CodeGen.NetworkBehaviourILPP, Unity.Netcode.Editor.CodeGen.RuntimeAccessModifiersILPP, zzzUnity.Burst.CodeGen.BurstILPostProcessor

running Unity.Jobs.CodeGen.JobsILPostProcessor

running Unity.Multiplayer.Tools.NetStats.CodeGen.AssemblyProcessorMain

running Unity.Netcode.Editor.CodeGen.INetworkMessageILPP

running Unity.Netcode.Editor.CodeGen.INetworkSerializableILPP

running Unity.Netcode.Editor.CodeGen.NetworkBehaviourILPP

running Unity.Netcode.Editor.CodeGen.RuntimeAccessModifiersILPP

running zzzUnity.Burst.CodeGen.BurstILPostProcessor
[1116/1449  0s] ILPostProcess Library/Bee/artifacts/1900b0aE.dag/post-processed/Unity.Services.Core.Networking.dll (+pdb)
Processing assembly Library/Bee/artifacts/1900b0aE.dag/Unity.Services.Core.Networking.dll, with 128 defines and 250 references

processors: Unity.Jobs.CodeGen.JobsILPostProcessor, Unity.Multiplayer.Tools.NetStats.CodeGen.AssemblyProcessorMain, Unity.Netcode.Editor.CodeGen.INetworkMessageILPP, Unity.Netcode.Editor.CodeGen.INetworkSerializableILPP, Unity.Netcode.Editor.CodeGen.NetworkBehaviourILPP, Unity.Netcode.Editor.CodeGen.RuntimeAccessModifiersILPP, zzzUnity.Burst.CodeGen.BurstILPostProcessor

running Unity.Jobs.CodeGen.JobsILPostProcessor

running Unity.Multiplayer.Tools.NetStats.CodeGen.AssemblyProcessorMain

running Unity.Netcode.Editor.CodeGen.INetworkMessageILPP

running Unity.Netcode.Editor.CodeGen.INetworkSerializableILPP

running Unity.Netcode.Editor.CodeGen.NetworkBehaviourILPP

running Unity.Netcode.Editor.CodeGen.RuntimeAccessModifiersILPP

running zzzUnity.Burst.CodeGen.BurstILPostProcessor
[1117/1449  0s] ILPostProcess Library/Bee/artifacts/1900b0aE.dag/post-processed/unity-websocket-sharp.dll (+pdb)
Processing assembly Library/Bee/artifacts/1900b0aE.dag/unity-websocket-sharp.dll, with 128 defines and 248 references

processors: Unity.Jobs.CodeGen.JobsILPostProcessor, Unity.Multiplayer.Tools.NetStats.CodeGen.AssemblyProcessorMain, Unity.Netcode.Editor.CodeGen.INetworkMessageILPP, Unity.Netcode.Editor.CodeGen.INetworkSerializableILPP, Unity.Netcode.Editor.CodeGen.NetworkBehaviourILPP, Unity.Netcode.Editor.CodeGen.RuntimeAccessModifiersILPP, zzzUnity.Burst.CodeGen.BurstILPostProcessor

running Unity.Jobs.CodeGen.JobsILPostProcessor

running Unity.Multiplayer.Tools.NetStats.CodeGen.AssemblyProcessorMain

running Unity.Netcode.Editor.CodeGen.INetworkMessageILPP

running Unity.Netcode.Editor.CodeGen.INetworkSerializableILPP

running Unity.Netcode.Editor.CodeGen.NetworkBehaviourILPP

running Unity.Netcode.Editor.CodeGen.RuntimeAccessModifiersILPP

running zzzUnity.Burst.CodeGen.BurstILPostProcessor
[1118/1449  0s] ILPostProcess Library/Bee/artifacts/1900b0aE.dag/post-processed/Unity.InputSystem.ForUI.dll (+pdb)
Processing assembly Library/Bee/artifacts/1900b0aE.dag/Unity.InputSystem.ForUI.dll, with 128 defines and 249 references

processors: Unity.Jobs.CodeGen.JobsILPostProcessor, Unity.Multiplayer.Tools.NetStats.CodeGen.AssemblyProcessorMain, Unity.Netcode.Editor.CodeGen.INetworkMessageILPP, Unity.Netcode.Editor.CodeGen.INetworkSerializableILPP, Unity.Netcode.Editor.CodeGen.NetworkBehaviourILPP, Unity.Netcode.Editor.CodeGen.RuntimeAccessModifiersILPP, zzzUnity.Burst.CodeGen.BurstILPostProcessor

running Unity.Jobs.CodeGen.JobsILPostProcessor

running Unity.Multiplayer.Tools.NetStats.CodeGen.AssemblyProcessorMain

running Unity.Netcode.Editor.CodeGen.INetworkMessageILPP

running Unity.Netcode.Editor.CodeGen.INetworkSerializableILPP

running Unity.Netcode.Editor.CodeGen.NetworkBehaviourILPP

running Unity.Netcode.Editor.CodeGen.RuntimeAccessModifiersILPP

running zzzUnity.Burst.CodeGen.BurstILPostProcessor
[1119/1449  0s] ILPostProcess Library/Bee/artifacts/1900b0aE.dag/post-processed/Unity.Services.Core.Threading.dll (+pdb)
Processing assembly Library/Bee/artifacts/1900b0aE.dag/Unity.Services.Core.Threading.dll, with 128 defines and 250 references

processors: Unity.Jobs.CodeGen.JobsILPostProcessor, Unity.Multiplayer.Tools.NetStats.CodeGen.AssemblyProcessorMain, Unity.Netcode.Editor.CodeGen.INetworkMessageILPP, Unity.Netcode.Editor.CodeGen.INetworkSerializableILPP, Unity.Netcode.Editor.CodeGen.NetworkBehaviourILPP, Unity.Netcode.Editor.CodeGen.RuntimeAccessModifiersILPP, zzzUnity.Burst.CodeGen.BurstILPostProcessor

running Unity.Jobs.CodeGen.JobsILPostProcessor

running Unity.Multiplayer.Tools.NetStats.CodeGen.AssemblyProcessorMain

running Unity.Netcode.Editor.CodeGen.INetworkMessageILPP

running Unity.Netcode.Editor.CodeGen.INetworkSerializableILPP

running Unity.Netcode.Editor.CodeGen.NetworkBehaviourILPP

running Unity.Netcode.Editor.CodeGen.RuntimeAccessModifiersILPP

running zzzUnity.Burst.CodeGen.BurstILPostProcessor
[1120/1449  0s] ILPostProcess Library/Bee/artifacts/1900b0aE.dag/post-processed/Unity.Multiplayer.Widgets.Core.dll (+pdb)
Processing assembly Library/Bee/artifacts/1900b0aE.dag/Unity.Multiplayer.Widgets.Core.dll, with 130 defines and 252 references

processors: Unity.Jobs.CodeGen.JobsILPostProcessor, Unity.Multiplayer.Tools.NetStats.CodeGen.AssemblyProcessorMain, Unity.Netcode.Editor.CodeGen.INetworkMessageILPP, Unity.Netcode.Editor.CodeGen.INetworkSerializableILPP, Unity.Netcode.Editor.CodeGen.NetworkBehaviourILPP, Unity.Netcode.Editor.CodeGen.RuntimeAccessModifiersILPP, zzzUnity.Burst.CodeGen.BurstILPostProcessor

running Unity.Jobs.CodeGen.JobsILPostProcessor

running Unity.Multiplayer.Tools.NetStats.CodeGen.AssemblyProcessorMain

running Unity.Netcode.Editor.CodeGen.INetworkMessageILPP

running Unity.Netcode.Editor.CodeGen.INetworkSerializableILPP

running Unity.Netcode.Editor.CodeGen.NetworkBehaviourILPP

running Unity.Netcode.Editor.CodeGen.RuntimeAccessModifiersILPP

running zzzUnity.Burst.CodeGen.BurstILPostProcessor
[1121/1449  0s] ILPostProcess Library/Bee/artifacts/1900b0aE.dag/post-processed/Unity.Multiplayer.Playmode.dll (+pdb)
Processing assembly Library/Bee/artifacts/1900b0aE.dag/Unity.Multiplayer.Playmode.dll, with 128 defines and 251 references

processors: Unity.Jobs.CodeGen.JobsILPostProcessor, Unity.Multiplayer.Tools.NetStats.CodeGen.AssemblyProcessorMain, Unity.Netcode.Editor.CodeGen.INetworkMessageILPP, Unity.Netcode.Editor.CodeGen.INetworkSerializableILPP, Unity.Netcode.Editor.CodeGen.NetworkBehaviourILPP, Unity.Netcode.Editor.CodeGen.RuntimeAccessModifiersILPP, zzzUnity.Burst.CodeGen.BurstILPostProcessor

running Unity.Jobs.CodeGen.JobsILPostProcessor

running Unity.Multiplayer.Tools.NetStats.CodeGen.AssemblyProcessorMain

running Unity.Netcode.Editor.CodeGen.INetworkMessageILPP

running Unity.Netcode.Editor.CodeGen.INetworkSerializableILPP

running Unity.Netcode.Editor.CodeGen.NetworkBehaviourILPP

running Unity.Netcode.Editor.CodeGen.RuntimeAccessModifiersILPP

running zzzUnity.Burst.CodeGen.BurstILPostProcessor
[1122/1449  0s] ILPostProcess Library/Bee/artifacts/1900b0aE.dag/post-processed/Unity.Multiplayer.Tools.NetStatsMonitor.Configuration.dll (+pdb)
Processing assembly Library/Bee/artifacts/1900b0aE.dag/Unity.Multiplayer.Tools.NetStatsMonitor.Configuration.dll, with 128 defines and 251 references

processors: Unity.Jobs.CodeGen.JobsILPostProcessor, Unity.Multiplayer.Tools.NetStats.CodeGen.AssemblyProcessorMain, Unity.Netcode.Editor.CodeGen.INetworkMessageILPP, Unity.Netcode.Editor.CodeGen.INetworkSerializableILPP, Unity.Netcode.Editor.CodeGen.NetworkBehaviourILPP, Unity.Netcode.Editor.CodeGen.RuntimeAccessModifiersILPP, zzzUnity.Burst.CodeGen.BurstILPostProcessor

running Unity.Jobs.CodeGen.JobsILPostProcessor

running Unity.Multiplayer.Tools.NetStats.CodeGen.AssemblyProcessorMain

running Unity.Netcode.Editor.CodeGen.INetworkMessageILPP

running Unity.Netcode.Editor.CodeGen.INetworkSerializableILPP

running Unity.Netcode.Editor.CodeGen.NetworkBehaviourILPP

running Unity.Netcode.Editor.CodeGen.RuntimeAccessModifiersILPP

running zzzUnity.Burst.CodeGen.BurstILPostProcessor
[1123/1449  0s] ILPostProcess Library/Bee/artifacts/1900b0aE.dag/post-processed/glTFast.dots.dll (+pdb)
Processing assembly Library/Bee/artifacts/1900b0aE.dag/glTFast.dots.dll, with 129 defines and 252 references

processors: Unity.Jobs.CodeGen.JobsILPostProcessor, Unity.Multiplayer.Tools.NetStats.CodeGen.AssemblyProcessorMain, Unity.Netcode.Editor.CodeGen.INetworkMessageILPP, Unity.Netcode.Editor.CodeGen.INetworkSerializableILPP, Unity.Netcode.Editor.CodeGen.NetworkBehaviourILPP, Unity.Netcode.Editor.CodeGen.RuntimeAccessModifiersILPP, zzzUnity.Burst.CodeGen.BurstILPostProcessor

running Unity.Jobs.CodeGen.JobsILPostProcessor

running Unity.Multiplayer.Tools.NetStats.CodeGen.AssemblyProcessorMain

running Unity.Netcode.Editor.CodeGen.INetworkMessageILPP

running Unity.Netcode.Editor.CodeGen.INetworkSerializableILPP

running Unity.Netcode.Editor.CodeGen.NetworkBehaviourILPP

running Unity.Netcode.Editor.CodeGen.RuntimeAccessModifiersILPP

running zzzUnity.Burst.CodeGen.BurstILPostProcessor
[1124/1449  0s] ILPostProcess Library/Bee/artifacts/1900b0aE.dag/post-processed/Unity.DedicatedServer.MultiplayerRoles.dll (+pdb)
Processing assembly Library/Bee/artifacts/1900b0aE.dag/Unity.DedicatedServer.MultiplayerRoles.dll, with 128 defines and 248 references

processors: Unity.Jobs.CodeGen.JobsILPostProcessor, Unity.Multiplayer.Tools.NetStats.CodeGen.AssemblyProcessorMain, Unity.Netcode.Editor.CodeGen.INetworkMessageILPP, Unity.Netcode.Editor.CodeGen.INetworkSerializableILPP, Unity.Netcode.Editor.CodeGen.NetworkBehaviourILPP, Unity.Netcode.Editor.CodeGen.RuntimeAccessModifiersILPP, zzzUnity.Burst.CodeGen.BurstILPostProcessor

running Unity.Jobs.CodeGen.JobsILPostProcessor

running Unity.Multiplayer.Tools.NetStats.CodeGen.AssemblyProcessorMain

running Unity.Netcode.Editor.CodeGen.INetworkMessageILPP

running Unity.Netcode.Editor.CodeGen.INetworkSerializableILPP

running Unity.Netcode.Editor.CodeGen.NetworkBehaviourILPP

running Unity.Netcode.Editor.CodeGen.RuntimeAccessModifiersILPP

running zzzUnity.Burst.CodeGen.BurstILPostProcessor
[1125/1449  0s] ILPostProcess Library/Bee/artifacts/1900b0aE.dag/post-processed/Unity.Services.Authentication.dll (+pdb)
Processing assembly Library/Bee/artifacts/1900b0aE.dag/Unity.Services.Authentication.dll, with 128 defines and 252 references

processors: Unity.Jobs.CodeGen.JobsILPostProcessor, Unity.Multiplayer.Tools.NetStats.CodeGen.AssemblyProcessorMain, Unity.Netcode.Editor.CodeGen.INetworkMessageILPP, Unity.Netcode.Editor.CodeGen.INetworkSerializableILPP, Unity.Netcode.Editor.CodeGen.NetworkBehaviourILPP, Unity.Netcode.Editor.CodeGen.RuntimeAccessModifiersILPP, zzzUnity.Burst.CodeGen.BurstILPostProcessor

running Unity.Jobs.CodeGen.JobsILPostProcessor

running Unity.Multiplayer.Tools.NetStats.CodeGen.AssemblyProcessorMain

running Unity.Netcode.Editor.CodeGen.INetworkMessageILPP

running Unity.Netcode.Editor.CodeGen.INetworkSerializableILPP

running Unity.Netcode.Editor.CodeGen.NetworkBehaviourILPP

running Unity.Netcode.Editor.CodeGen.RuntimeAccessModifiersILPP

running zzzUnity.Burst.CodeGen.BurstILPostProcessor
[1126/1449  0s] ILPostProcess Library/Bee/artifacts/1900b0aE.dag/post-processed/Unity.Multiplayer.Tools.NetStatsMonitor.Component.dll (+pdb)
Processing assembly Library/Bee/artifacts/1900b0aE.dag/Unity.Multiplayer.Tools.NetStatsMonitor.Component.dll, with 128 defines and 252 references

processors: Unity.Jobs.CodeGen.JobsILPostProcessor, Unity.Multiplayer.Tools.NetStats.CodeGen.AssemblyProcessorMain, Unity.Netcode.Editor.CodeGen.INetworkMessageILPP, Unity.Netcode.Editor.CodeGen.INetworkSerializableILPP, Unity.Netcode.Editor.CodeGen.NetworkBehaviourILPP, Unity.Netcode.Editor.CodeGen.RuntimeAccessModifiersILPP, zzzUnity.Burst.CodeGen.BurstILPostProcessor

running Unity.Jobs.CodeGen.JobsILPostProcessor

running Unity.Multiplayer.Tools.NetStats.CodeGen.AssemblyProcessorMain

running Unity.Netcode.Editor.CodeGen.INetworkMessageILPP

running Unity.Netcode.Editor.CodeGen.INetworkSerializableILPP

running Unity.Netcode.Editor.CodeGen.NetworkBehaviourILPP

running Unity.Netcode.Editor.CodeGen.RuntimeAccessModifiersILPP

running zzzUnity.Burst.CodeGen.BurstILPostProcessor
[1127/1449  0s] ILPostProcess Library/Bee/artifacts/1900b0aE.dag/post-processed/Unity.Multiplayer.Widgets.Vivox.dll (+pdb)
Processing assembly Library/Bee/artifacts/1900b0aE.dag/Unity.Multiplayer.Widgets.Vivox.dll, with 129 defines and 251 references

processors: Unity.Jobs.CodeGen.JobsILPostProcessor, Unity.Multiplayer.Tools.NetStats.CodeGen.AssemblyProcessorMain, Unity.Netcode.Editor.CodeGen.INetworkMessageILPP, Unity.Netcode.Editor.CodeGen.INetworkSerializableILPP, Unity.Netcode.Editor.CodeGen.NetworkBehaviourILPP, Unity.Netcode.Editor.CodeGen.RuntimeAccessModifiersILPP, zzzUnity.Burst.CodeGen.BurstILPostProcessor

running Unity.Jobs.CodeGen.JobsILPostProcessor

running Unity.Multiplayer.Tools.NetStats.CodeGen.AssemblyProcessorMain

running Unity.Netcode.Editor.CodeGen.INetworkMessageILPP

running Unity.Netcode.Editor.CodeGen.INetworkSerializableILPP

running Unity.Netcode.Editor.CodeGen.NetworkBehaviourILPP

running Unity.Netcode.Editor.CodeGen.RuntimeAccessModifiersILPP

running zzzUnity.Burst.CodeGen.BurstILPostProcessor
[1128/1449  0s] ILPostProcess Library/Bee/artifacts/1900b0aE.dag/post-processed/glTFast.Documentation.Examples.dll (+pdb)
Processing assembly Library/Bee/artifacts/1900b0aE.dag/glTFast.Documentation.Examples.dll, with 131 defines and 253 references

processors: Unity.Jobs.CodeGen.JobsILPostProcessor, Unity.Multiplayer.Tools.NetStats.CodeGen.AssemblyProcessorMain, Unity.Netcode.Editor.CodeGen.INetworkMessageILPP, Unity.Netcode.Editor.CodeGen.INetworkSerializableILPP, Unity.Netcode.Editor.CodeGen.NetworkBehaviourILPP, Unity.Netcode.Editor.CodeGen.RuntimeAccessModifiersILPP, zzzUnity.Burst.CodeGen.BurstILPostProcessor

running Unity.Jobs.CodeGen.JobsILPostProcessor

running Unity.Multiplayer.Tools.NetStats.CodeGen.AssemblyProcessorMain

running Unity.Netcode.Editor.CodeGen.INetworkMessageILPP

running Unity.Netcode.Editor.CodeGen.INetworkSerializableILPP

running Unity.Netcode.Editor.CodeGen.NetworkBehaviourILPP

running Unity.Netcode.Editor.CodeGen.RuntimeAccessModifiersILPP

running zzzUnity.Burst.CodeGen.BurstILPostProcessor
[1129/1449  0s] ILPostProcess Library/Bee/artifacts/1900b0aE.dag/post-processed/Unity.Multiplayer.Tools.NetworkSimulator.Runtime.dll (+pdb)
Processing assembly Library/Bee/artifacts/1900b0aE.dag/Unity.Multiplayer.Tools.NetworkSimulator.Runtime.dll, with 130 defines and 248 references

processors: Unity.Jobs.CodeGen.JobsILPostProcessor, Unity.Multiplayer.Tools.NetStats.CodeGen.AssemblyProcessorMain, Unity.Netcode.Editor.CodeGen.INetworkMessageILPP, Unity.Netcode.Editor.CodeGen.INetworkSerializableILPP, Unity.Netcode.Editor.CodeGen.NetworkBehaviourILPP, Unity.Netcode.Editor.CodeGen.RuntimeAccessModifiersILPP, zzzUnity.Burst.CodeGen.BurstILPostProcessor

running Unity.Jobs.CodeGen.JobsILPostProcessor

running Unity.Multiplayer.Tools.NetStats.CodeGen.AssemblyProcessorMain

running Unity.Netcode.Editor.CodeGen.INetworkMessageILPP

running Unity.Netcode.Editor.CodeGen.INetworkSerializableILPP

running Unity.Netcode.Editor.CodeGen.NetworkBehaviourILPP

running Unity.Netcode.Editor.CodeGen.RuntimeAccessModifiersILPP

running zzzUnity.Burst.CodeGen.BurstILPostProcessor
[1130/1449  0s] ILPostProcess Library/Bee/artifacts/1900b0aE.dag/post-processed/Unity.Multiplayer.Playmode.Common.Runtime.dll (+pdb)
Processing assembly Library/Bee/artifacts/1900b0aE.dag/Unity.Multiplayer.Playmode.Common.Runtime.dll, with 128 defines and 243 references

processors: Unity.Jobs.CodeGen.JobsILPostProcessor, Unity.Multiplayer.Tools.NetStats.CodeGen.AssemblyProcessorMain, Unity.Netcode.Editor.CodeGen.INetworkMessageILPP, Unity.Netcode.Editor.CodeGen.INetworkSerializableILPP, Unity.Netcode.Editor.CodeGen.NetworkBehaviourILPP, Unity.Netcode.Editor.CodeGen.RuntimeAccessModifiersILPP, zzzUnity.Burst.CodeGen.BurstILPostProcessor

running Unity.Jobs.CodeGen.JobsILPostProcessor

running Unity.Multiplayer.Tools.NetStats.CodeGen.AssemblyProcessorMain

running Unity.Netcode.Editor.CodeGen.INetworkMessageILPP

running Unity.Netcode.Editor.CodeGen.INetworkSerializableILPP

running Unity.Netcode.Editor.CodeGen.NetworkBehaviourILPP

running Unity.Netcode.Editor.CodeGen.RuntimeAccessModifiersILPP

running zzzUnity.Burst.CodeGen.BurstILPostProcessor
[1131/1449  0s] ILPostProcess Library/Bee/artifacts/1900b0aE.dag/post-processed/Unity.Multiplayer.Tools.NetStats.dll (+pdb)
Processing assembly Library/Bee/artifacts/1900b0aE.dag/Unity.Multiplayer.Tools.NetStats.dll, with 128 defines and 245 references

processors: Unity.Jobs.CodeGen.JobsILPostProcessor, Unity.Multiplayer.Tools.NetStats.CodeGen.AssemblyProcessorMain, Unity.Netcode.Editor.CodeGen.INetworkMessageILPP, Unity.Netcode.Editor.CodeGen.INetworkSerializableILPP, Unity.Netcode.Editor.CodeGen.NetworkBehaviourILPP, Unity.Netcode.Editor.CodeGen.RuntimeAccessModifiersILPP, zzzUnity.Burst.CodeGen.BurstILPostProcessor

running Unity.Jobs.CodeGen.JobsILPostProcessor

running Unity.Multiplayer.Tools.NetStats.CodeGen.AssemblyProcessorMain

running Unity.Netcode.Editor.CodeGen.INetworkMessageILPP

running Unity.Netcode.Editor.CodeGen.INetworkSerializableILPP

running Unity.Netcode.Editor.CodeGen.NetworkBehaviourILPP

running Unity.Netcode.Editor.CodeGen.RuntimeAccessModifiersILPP

running zzzUnity.Burst.CodeGen.BurstILPostProcessor
[1132/1449  0s] ILPostProcess Library/Bee/artifacts/1900b0aE.dag/post-processed/Unity.Services.Core.Configuration.dll (+pdb)
Processing assembly Library/Bee/artifacts/1900b0aE.dag/Unity.Services.Core.Configuration.dll, with 128 defines and 250 references

processors: Unity.Jobs.CodeGen.JobsILPostProcessor, Unity.Multiplayer.Tools.NetStats.CodeGen.AssemblyProcessorMain, Unity.Netcode.Editor.CodeGen.INetworkMessageILPP, Unity.Netcode.Editor.CodeGen.INetworkSerializableILPP, Unity.Netcode.Editor.CodeGen.NetworkBehaviourILPP, Unity.Netcode.Editor.CodeGen.RuntimeAccessModifiersILPP, zzzUnity.Burst.CodeGen.BurstILPostProcessor

running Unity.Jobs.CodeGen.JobsILPostProcessor

running Unity.Multiplayer.Tools.NetStats.CodeGen.AssemblyProcessorMain

running Unity.Netcode.Editor.CodeGen.INetworkMessageILPP

running Unity.Netcode.Editor.CodeGen.INetworkSerializableILPP

running Unity.Netcode.Editor.CodeGen.NetworkBehaviourILPP

running Unity.Netcode.Editor.CodeGen.RuntimeAccessModifiersILPP

running zzzUnity.Burst.CodeGen.BurstILPostProcessor
[1133/1449  0s] ILPostProcess Library/Bee/artifacts/1900b0aE.dag/post-processed/Unity.InputSystem.TestFramework.dll (+pdb)
Processing assembly Library/Bee/artifacts/1900b0aE.dag/Unity.InputSystem.TestFramework.dll, with 129 defines and 244 references

processors: Unity.Jobs.CodeGen.JobsILPostProcessor, Unity.Multiplayer.Tools.NetStats.CodeGen.AssemblyProcessorMain, Unity.Netcode.Editor.CodeGen.INetworkMessageILPP, Unity.Netcode.Editor.CodeGen.INetworkSerializableILPP, Unity.Netcode.Editor.CodeGen.NetworkBehaviourILPP, Unity.Netcode.Editor.CodeGen.RuntimeAccessModifiersILPP, zzzUnity.Burst.CodeGen.BurstILPostProcessor

running Unity.Jobs.CodeGen.JobsILPostProcessor

running Unity.Multiplayer.Tools.NetStats.CodeGen.AssemblyProcessorMain

running Unity.Netcode.Editor.CodeGen.INetworkMessageILPP

running Unity.Netcode.Editor.CodeGen.INetworkSerializableILPP

running Unity.Netcode.Editor.CodeGen.NetworkBehaviourILPP

running Unity.Netcode.Editor.CodeGen.RuntimeAccessModifiersILPP

running zzzUnity.Burst.CodeGen.BurstILPostProcessor
[1134/1449  0s] ILPostProcess Library/Bee/artifacts/1900b0aE.dag/post-processed/Unity.Services.Core.Analytics.dll (+pdb)
Processing assembly Library/Bee/artifacts/1900b0aE.dag/Unity.Services.Core.Analytics.dll, with 128 defines and 249 references

processors: Unity.Jobs.CodeGen.JobsILPostProcessor, Unity.Multiplayer.Tools.NetStats.CodeGen.AssemblyProcessorMain, Unity.Netcode.Editor.CodeGen.INetworkMessageILPP, Unity.Netcode.Editor.CodeGen.INetworkSerializableILPP, Unity.Netcode.Editor.CodeGen.NetworkBehaviourILPP, Unity.Netcode.Editor.CodeGen.RuntimeAccessModifiersILPP, zzzUnity.Burst.CodeGen.BurstILPostProcessor

running Unity.Jobs.CodeGen.JobsILPostProcessor

running Unity.Multiplayer.Tools.NetStats.CodeGen.AssemblyProcessorMain

running Unity.Netcode.Editor.CodeGen.INetworkMessageILPP

running Unity.Netcode.Editor.CodeGen.INetworkSerializableILPP

running Unity.Netcode.Editor.CodeGen.NetworkBehaviourILPP

running Unity.Netcode.Editor.CodeGen.RuntimeAccessModifiersILPP

running zzzUnity.Burst.CodeGen.BurstILPostProcessor
[1135/1449  0s] ILPostProcess Library/Bee/artifacts/1900b0aE.dag/post-processed/Unity.Multiplayer.Widgets.Session.dll (+pdb)
Processing assembly Library/Bee/artifacts/1900b0aE.dag/Unity.Multiplayer.Widgets.Session.dll, with 131 defines and 255 references

processors: Unity.Jobs.CodeGen.JobsILPostProcessor, Unity.Multiplayer.Tools.NetStats.CodeGen.AssemblyProcessorMain, Unity.Netcode.Editor.CodeGen.INetworkMessageILPP, Unity.Netcode.Editor.CodeGen.INetworkSerializableILPP, Unity.Netcode.Editor.CodeGen.NetworkBehaviourILPP, Unity.Netcode.Editor.CodeGen.RuntimeAccessModifiersILPP, zzzUnity.Burst.CodeGen.BurstILPostProcessor

running Unity.Jobs.CodeGen.JobsILPostProcessor

running Unity.Multiplayer.Tools.NetStats.CodeGen.AssemblyProcessorMain

running Unity.Netcode.Editor.CodeGen.INetworkMessageILPP

running Unity.Netcode.Editor.CodeGen.INetworkSerializableILPP

running Unity.Netcode.Editor.CodeGen.NetworkBehaviourILPP

running Unity.Netcode.Editor.CodeGen.RuntimeAccessModifiersILPP

running zzzUnity.Burst.CodeGen.BurstILPostProcessor
[1136/1449  0s] ILPostProcess Library/Bee/artifacts/1900b0aE.dag/post-processed/Unity.Services.Vivox.dll (+pdb)
Processing assembly Library/Bee/artifacts/1900b0aE.dag/Unity.Services.Vivox.dll, with 129 defines and 251 references

processors: Unity.Jobs.CodeGen.JobsILPostProcessor, Unity.Multiplayer.Tools.NetStats.CodeGen.AssemblyProcessorMain, Unity.Netcode.Editor.CodeGen.INetworkMessageILPP, Unity.Netcode.Editor.CodeGen.INetworkSerializableILPP, Unity.Netcode.Editor.CodeGen.NetworkBehaviourILPP, Unity.Netcode.Editor.CodeGen.RuntimeAccessModifiersILPP, zzzUnity.Burst.CodeGen.BurstILPostProcessor

running Unity.Jobs.CodeGen.JobsILPostProcessor

running Unity.Multiplayer.Tools.NetStats.CodeGen.AssemblyProcessorMain

running Unity.Netcode.Editor.CodeGen.INetworkMessageILPP

running Unity.Netcode.Editor.CodeGen.INetworkSerializableILPP

running Unity.Netcode.Editor.CodeGen.NetworkBehaviourILPP

running Unity.Netcode.Editor.CodeGen.RuntimeAccessModifiersILPP

running zzzUnity.Burst.CodeGen.BurstILPostProcessor
[1137/1449  0s] ILPostProcess Library/Bee/artifacts/1900b0aE.dag/post-processed/Unity.Mathematics.dll (+pdb)
Processing assembly Library/Bee/artifacts/1900b0aE.dag/Unity.Mathematics.dll, with 128 defines and 248 references

processors: Unity.Jobs.CodeGen.JobsILPostProcessor, Unity.Multiplayer.Tools.NetStats.CodeGen.AssemblyProcessorMain, Unity.Netcode.Editor.CodeGen.INetworkMessageILPP, Unity.Netcode.Editor.CodeGen.INetworkSerializableILPP, Unity.Netcode.Editor.CodeGen.NetworkBehaviourILPP, Unity.Netcode.Editor.CodeGen.RuntimeAccessModifiersILPP, zzzUnity.Burst.CodeGen.BurstILPostProcessor

running Unity.Jobs.CodeGen.JobsILPostProcessor

running Unity.Multiplayer.Tools.NetStats.CodeGen.AssemblyProcessorMain

running Unity.Netcode.Editor.CodeGen.INetworkMessageILPP

running Unity.Netcode.Editor.CodeGen.INetworkSerializableILPP

running Unity.Netcode.Editor.CodeGen.NetworkBehaviourILPP

running Unity.Netcode.Editor.CodeGen.RuntimeAccessModifiersILPP

running zzzUnity.Burst.CodeGen.BurstILPostProcessor
[1138/1449  0s] ILPostProcess Library/Bee/artifacts/1900b0aE.dag/post-processed/Unity.Profiling.Core.dll (+pdb)
Processing assembly Library/Bee/artifacts/1900b0aE.dag/Unity.Profiling.Core.dll, with 128 defines and 248 references

processors: Unity.Jobs.CodeGen.JobsILPostProcessor, Unity.Multiplayer.Tools.NetStats.CodeGen.AssemblyProcessorMain, Unity.Netcode.Editor.CodeGen.INetworkMessageILPP, Unity.Netcode.Editor.CodeGen.INetworkSerializableILPP, Unity.Netcode.Editor.CodeGen.NetworkBehaviourILPP, Unity.Netcode.Editor.CodeGen.RuntimeAccessModifiersILPP, zzzUnity.Burst.CodeGen.BurstILPostProcessor

running Unity.Jobs.CodeGen.JobsILPostProcessor

running Unity.Multiplayer.Tools.NetStats.CodeGen.AssemblyProcessorMain

running Unity.Netcode.Editor.CodeGen.INetworkMessageILPP

running Unity.Netcode.Editor.CodeGen.INetworkSerializableILPP

running Unity.Netcode.Editor.CodeGen.NetworkBehaviourILPP

running Unity.Netcode.Editor.CodeGen.RuntimeAccessModifiersILPP

running zzzUnity.Burst.CodeGen.BurstILPostProcessor
[1139/1449  0s] ILPostProcess Library/Bee/artifacts/1900b0aE.dag/post-processed/Unity.Multiplayer.Tools.MetricTypes.dll (+pdb)
Processing assembly Library/Bee/artifacts/1900b0aE.dag/Unity.Multiplayer.Tools.MetricTypes.dll, with 128 defines and 251 references

processors: Unity.Jobs.CodeGen.JobsILPostProcessor, Unity.Multiplayer.Tools.NetStats.CodeGen.AssemblyProcessorMain, Unity.Netcode.Editor.CodeGen.INetworkMessageILPP, Unity.Netcode.Editor.CodeGen.INetworkSerializableILPP, Unity.Netcode.Editor.CodeGen.NetworkBehaviourILPP, Unity.Netcode.Editor.CodeGen.RuntimeAccessModifiersILPP, zzzUnity.Burst.CodeGen.BurstILPostProcessor

running Unity.Jobs.CodeGen.JobsILPostProcessor

running Unity.Multiplayer.Tools.NetStats.CodeGen.AssemblyProcessorMain

running Unity.Netcode.Editor.CodeGen.INetworkMessageILPP

running Unity.Netcode.Editor.CodeGen.INetworkSerializableILPP

running Unity.Netcode.Editor.CodeGen.NetworkBehaviourILPP

running Unity.Netcode.Editor.CodeGen.RuntimeAccessModifiersILPP

running zzzUnity.Burst.CodeGen.BurstILPostProcessor
[1140/1449  0s] ILPostProcess Library/Bee/artifacts/1900b0aE.dag/post-processed/Unity.Services.QoS.dll (+pdb)
Processing assembly Library/Bee/artifacts/1900b0aE.dag/Unity.Services.QoS.dll, with 129 defines and 251 references

processors: Unity.Jobs.CodeGen.JobsILPostProcessor, Unity.Multiplayer.Tools.NetStats.CodeGen.AssemblyProcessorMain, Unity.Netcode.Editor.CodeGen.INetworkMessageILPP, Unity.Netcode.Editor.CodeGen.INetworkSerializableILPP, Unity.Netcode.Editor.CodeGen.NetworkBehaviourILPP, Unity.Netcode.Editor.CodeGen.RuntimeAccessModifiersILPP, zzzUnity.Burst.CodeGen.BurstILPostProcessor

running Unity.Jobs.CodeGen.JobsILPostProcessor

running Unity.Multiplayer.Tools.NetStats.CodeGen.AssemblyProcessorMain

running Unity.Netcode.Editor.CodeGen.INetworkMessageILPP

running Unity.Netcode.Editor.CodeGen.INetworkSerializableILPP

running Unity.Netcode.Editor.CodeGen.NetworkBehaviourILPP

running Unity.Netcode.Editor.CodeGen.RuntimeAccessModifiersILPP

running zzzUnity.Burst.CodeGen.BurstILPostProcessor
[1141/1449  0s] ILPostProcess Library/Bee/artifacts/1900b0aE.dag/post-processed/Unity.Multiplayer.Tools.MetricTestData.dll (+pdb)
Processing assembly Library/Bee/artifacts/1900b0aE.dag/Unity.Multiplayer.Tools.MetricTestData.dll, with 128 defines and 253 references

processors: Unity.Jobs.CodeGen.JobsILPostProcessor, Unity.Multiplayer.Tools.NetStats.CodeGen.AssemblyProcessorMain, Unity.Netcode.Editor.CodeGen.INetworkMessageILPP, Unity.Netcode.Editor.CodeGen.INetworkSerializableILPP, Unity.Netcode.Editor.CodeGen.NetworkBehaviourILPP, Unity.Netcode.Editor.CodeGen.RuntimeAccessModifiersILPP, zzzUnity.Burst.CodeGen.BurstILPostProcessor

running Unity.Jobs.CodeGen.JobsILPostProcessor

running Unity.Multiplayer.Tools.NetStats.CodeGen.AssemblyProcessorMain

running Unity.Netcode.Editor.CodeGen.INetworkMessageILPP

running Unity.Netcode.Editor.CodeGen.INetworkSerializableILPP

running Unity.Netcode.Editor.CodeGen.NetworkBehaviourILPP

running Unity.Netcode.Editor.CodeGen.RuntimeAccessModifiersILPP

running zzzUnity.Burst.CodeGen.BurstILPostProcessor
[1142/1449  0s] ILPostProcess Library/Bee/artifacts/1900b0aE.dag/post-processed/Unity.PerformanceTesting.dll (+pdb)
Processing assembly Library/Bee/artifacts/1900b0aE.dag/Unity.PerformanceTesting.dll, with 129 defines and 242 references

processors: Unity.Jobs.CodeGen.JobsILPostProcessor, Unity.Multiplayer.Tools.NetStats.CodeGen.AssemblyProcessorMain, Unity.Netcode.Editor.CodeGen.INetworkMessageILPP, Unity.Netcode.Editor.CodeGen.INetworkSerializableILPP, Unity.Netcode.Editor.CodeGen.NetworkBehaviourILPP, Unity.Netcode.Editor.CodeGen.RuntimeAccessModifiersILPP, zzzUnity.Burst.CodeGen.BurstILPostProcessor

running Unity.Jobs.CodeGen.JobsILPostProcessor

running Unity.Multiplayer.Tools.NetStats.CodeGen.AssemblyProcessorMain

running Unity.Netcode.Editor.CodeGen.INetworkMessageILPP

running Unity.Netcode.Editor.CodeGen.INetworkSerializableILPP

running Unity.Netcode.Editor.CodeGen.NetworkBehaviourILPP

running Unity.Netcode.Editor.CodeGen.RuntimeAccessModifiersILPP

running zzzUnity.Burst.CodeGen.BurstILPostProcessor
[1143/1449  0s] ILPostProcess Library/Bee/artifacts/1900b0aE.dag/post-processed/Unity.InputSystem.dll (+pdb)
Processing assembly Library/Bee/artifacts/1900b0aE.dag/Unity.InputSystem.dll, with 141 defines and 248 references

processors: Unity.Jobs.CodeGen.JobsILPostProcessor, Unity.Multiplayer.Tools.NetStats.CodeGen.AssemblyProcessorMain, Unity.Netcode.Editor.CodeGen.INetworkMessageILPP, Unity.Netcode.Editor.CodeGen.INetworkSerializableILPP, Unity.Netcode.Editor.CodeGen.NetworkBehaviourILPP, Unity.Netcode.Editor.CodeGen.RuntimeAccessModifiersILPP, zzzUnity.Burst.CodeGen.BurstILPostProcessor

running Unity.Jobs.CodeGen.JobsILPostProcessor

running Unity.Multiplayer.Tools.NetStats.CodeGen.AssemblyProcessorMain

running Unity.Netcode.Editor.CodeGen.INetworkMessageILPP

running Unity.Netcode.Editor.CodeGen.INetworkSerializableILPP

running Unity.Netcode.Editor.CodeGen.NetworkBehaviourILPP

running Unity.Netcode.Editor.CodeGen.RuntimeAccessModifiersILPP

running zzzUnity.Burst.CodeGen.BurstILPostProcessor
[1144/1449  0s] ILPostProcess Library/Bee/artifacts/1900b0aE.dag/post-processed/Unity.Services.Core.Configuration.Editor.dll (+pdb)
Processing assembly Library/Bee/artifacts/1900b0aE.dag/Unity.Services.Core.Configuration.Editor.dll, with 126 defines and 259 references

processors: Unity.Jobs.CodeGen.JobsILPostProcessor, Unity.Multiplayer.Tools.NetStats.CodeGen.AssemblyProcessorMain, Unity.Netcode.Editor.CodeGen.INetworkMessageILPP, Unity.Netcode.Editor.CodeGen.INetworkSerializableILPP, Unity.Netcode.Editor.CodeGen.NetworkBehaviourILPP, Unity.Netcode.Editor.CodeGen.RuntimeAccessModifiersILPP, zzzUnity.Burst.CodeGen.BurstILPostProcessor

running Unity.Jobs.CodeGen.JobsILPostProcessor

running Unity.Multiplayer.Tools.NetStats.CodeGen.AssemblyProcessorMain

running Unity.Netcode.Editor.CodeGen.INetworkMessageILPP

running Unity.Netcode.Editor.CodeGen.INetworkSerializableILPP

running Unity.Netcode.Editor.CodeGen.NetworkBehaviourILPP

running Unity.Netcode.Editor.CodeGen.RuntimeAccessModifiersILPP

running zzzUnity.Burst.CodeGen.BurstILPostProcessor
[1145/1449  0s] ILPostProcess Library/Bee/artifacts/1900b0aE.dag/post-processed/Unity.Multiplayer.Tools.NetVis.Editor.Visualization.dll (+pdb)
Processing assembly Library/Bee/artifacts/1900b0aE.dag/Unity.Multiplayer.Tools.NetVis.Editor.Visualization.dll, with 127 defines and 260 references

processors: Unity.Jobs.CodeGen.JobsILPostProcessor, Unity.Multiplayer.Tools.NetStats.CodeGen.AssemblyProcessorMain, Unity.Netcode.Editor.CodeGen.INetworkMessageILPP, Unity.Netcode.Editor.CodeGen.INetworkSerializableILPP, Unity.Netcode.Editor.CodeGen.NetworkBehaviourILPP, Unity.Netcode.Editor.CodeGen.RuntimeAccessModifiersILPP, zzzUnity.Burst.CodeGen.BurstILPostProcessor

running Unity.Jobs.CodeGen.JobsILPostProcessor

running Unity.Multiplayer.Tools.NetStats.CodeGen.AssemblyProcessorMain

running Unity.Netcode.Editor.CodeGen.INetworkMessageILPP

running Unity.Netcode.Editor.CodeGen.INetworkSerializableILPP

running Unity.Netcode.Editor.CodeGen.NetworkBehaviourILPP

running Unity.Netcode.Editor.CodeGen.RuntimeAccessModifiersILPP

running zzzUnity.Burst.CodeGen.BurstILPostProcessor
[1146/1449  0s] ILPostProcess Library/Bee/artifacts/1900b0aE.dag/post-processed/Unity.Services.Vivox.Editor.dll (+pdb)
Processing assembly Library/Bee/artifacts/1900b0aE.dag/Unity.Services.Vivox.Editor.dll, with 127 defines and 261 references

processors: Unity.Jobs.CodeGen.JobsILPostProcessor, Unity.Multiplayer.Tools.NetStats.CodeGen.AssemblyProcessorMain, Unity.Netcode.Editor.CodeGen.INetworkMessageILPP, Unity.Netcode.Editor.CodeGen.INetworkSerializableILPP, Unity.Netcode.Editor.CodeGen.NetworkBehaviourILPP, Unity.Netcode.Editor.CodeGen.RuntimeAccessModifiersILPP, zzzUnity.Burst.CodeGen.BurstILPostProcessor

running Unity.Jobs.CodeGen.JobsILPostProcessor

running Unity.Multiplayer.Tools.NetStats.CodeGen.AssemblyProcessorMain

running Unity.Netcode.Editor.CodeGen.INetworkMessageILPP

running Unity.Netcode.Editor.CodeGen.INetworkSerializableILPP

running Unity.Netcode.Editor.CodeGen.NetworkBehaviourILPP

running Unity.Netcode.Editor.CodeGen.RuntimeAccessModifiersILPP

running zzzUnity.Burst.CodeGen.BurstILPostProcessor
[1147/1449  0s] ILPostProcess Library/Bee/artifacts/1900b0aE.dag/post-processed/Unity.Services.DeploymentApi.dll (+pdb)
Processing assembly Library/Bee/artifacts/1900b0aE.dag/Unity.Services.DeploymentApi.dll, with 126 defines and 256 references

processors: Unity.Jobs.CodeGen.JobsILPostProcessor, Unity.Multiplayer.Tools.NetStats.CodeGen.AssemblyProcessorMain, Unity.Netcode.Editor.CodeGen.INetworkMessageILPP, Unity.Netcode.Editor.CodeGen.INetworkSerializableILPP, Unity.Netcode.Editor.CodeGen.NetworkBehaviourILPP, Unity.Netcode.Editor.CodeGen.RuntimeAccessModifiersILPP, zzzUnity.Burst.CodeGen.BurstILPostProcessor

running Unity.Jobs.CodeGen.JobsILPostProcessor

running Unity.Multiplayer.Tools.NetStats.CodeGen.AssemblyProcessorMain

running Unity.Netcode.Editor.CodeGen.INetworkMessageILPP

running Unity.Netcode.Editor.CodeGen.INetworkSerializableILPP

running Unity.Netcode.Editor.CodeGen.NetworkBehaviourILPP

running Unity.Netcode.Editor.CodeGen.RuntimeAccessModifiersILPP

running zzzUnity.Burst.CodeGen.BurstILPostProcessor
[1148/1449  0s] ILPostProcess Library/Bee/artifacts/1900b0aE.dag/post-processed/UnityEditor.UI.dll (+pdb)
Processing assembly Library/Bee/artifacts/1900b0aE.dag/UnityEditor.UI.dll, with 129 defines and 255 references

processors: Unity.Jobs.CodeGen.JobsILPostProcessor, Unity.Multiplayer.Tools.NetStats.CodeGen.AssemblyProcessorMain, Unity.Netcode.Editor.CodeGen.INetworkMessageILPP, Unity.Netcode.Editor.CodeGen.INetworkSerializableILPP, Unity.Netcode.Editor.CodeGen.NetworkBehaviourILPP, Unity.Netcode.Editor.CodeGen.RuntimeAccessModifiersILPP, zzzUnity.Burst.CodeGen.BurstILPostProcessor

running Unity.Jobs.CodeGen.JobsILPostProcessor

running Unity.Multiplayer.Tools.NetStats.CodeGen.AssemblyProcessorMain

running Unity.Netcode.Editor.CodeGen.INetworkMessageILPP

running Unity.Netcode.Editor.CodeGen.INetworkSerializableILPP

running Unity.Netcode.Editor.CodeGen.NetworkBehaviourILPP

running Unity.Netcode.Editor.CodeGen.RuntimeAccessModifiersILPP

running zzzUnity.Burst.CodeGen.BurstILPostProcessor
[1149/1449  0s] ILPostProcess Library/Bee/artifacts/1900b0aE.dag/post-processed/Unity.Multiplayer.Tools.Adapters.Utp2.dll (+pdb)
Processing assembly Library/Bee/artifacts/1900b0aE.dag/Unity.Multiplayer.Tools.Adapters.Utp2.dll, with 129 defines and 247 references

processors: Unity.Jobs.CodeGen.JobsILPostProcessor, Unity.Multiplayer.Tools.NetStats.CodeGen.AssemblyProcessorMain, Unity.Netcode.Editor.CodeGen.INetworkMessageILPP, Unity.Netcode.Editor.CodeGen.INetworkSerializableILPP, Unity.Netcode.Editor.CodeGen.NetworkBehaviourILPP, Unity.Netcode.Editor.CodeGen.RuntimeAccessModifiersILPP, zzzUnity.Burst.CodeGen.BurstILPostProcessor

running Unity.Jobs.CodeGen.JobsILPostProcessor

running Unity.Multiplayer.Tools.NetStats.CodeGen.AssemblyProcessorMain

running Unity.Netcode.Editor.CodeGen.INetworkMessageILPP

running Unity.Netcode.Editor.CodeGen.INetworkSerializableILPP

running Unity.Netcode.Editor.CodeGen.NetworkBehaviourILPP

running Unity.Netcode.Editor.CodeGen.RuntimeAccessModifiersILPP

running zzzUnity.Burst.CodeGen.BurstILPostProcessor
[1150/1449  0s] ILPostProcess Library/Bee/artifacts/1900b0aE.dag/post-processed/Unity.Services.Core.Editor.dll (+pdb)
Processing assembly Library/Bee/artifacts/1900b0aE.dag/Unity.Services.Core.Editor.dll, with 126 defines and 266 references

processors: Unity.Jobs.CodeGen.JobsILPostProcessor, Unity.Multiplayer.Tools.NetStats.CodeGen.AssemblyProcessorMain, Unity.Netcode.Editor.CodeGen.INetworkMessageILPP, Unity.Netcode.Editor.CodeGen.INetworkSerializableILPP, Unity.Netcode.Editor.CodeGen.NetworkBehaviourILPP, Unity.Netcode.Editor.CodeGen.RuntimeAccessModifiersILPP, zzzUnity.Burst.CodeGen.BurstILPostProcessor

running Unity.Jobs.CodeGen.JobsILPostProcessor

running Unity.Multiplayer.Tools.NetStats.CodeGen.AssemblyProcessorMain

running Unity.Netcode.Editor.CodeGen.INetworkMessageILPP

running Unity.Netcode.Editor.CodeGen.INetworkSerializableILPP

running Unity.Netcode.Editor.CodeGen.NetworkBehaviourILPP

running Unity.Netcode.Editor.CodeGen.RuntimeAccessModifiersILPP

running zzzUnity.Burst.CodeGen.BurstILPostProcessor
[1151/1449  0s] ILPostProcess Library/Bee/artifacts/1900b0aE.dag/post-processed/Unity.DedicatedServer.Editor.Bridge.dll (+pdb)
Processing assembly Library/Bee/artifacts/1900b0aE.dag/Unity.DedicatedServer.Editor.Bridge.dll, with 126 defines and 256 references

processors: Unity.Jobs.CodeGen.JobsILPostProcessor, Unity.Multiplayer.Tools.NetStats.CodeGen.AssemblyProcessorMain, Unity.Netcode.Editor.CodeGen.INetworkMessageILPP, Unity.Netcode.Editor.CodeGen.INetworkSerializableILPP, Unity.Netcode.Editor.CodeGen.NetworkBehaviourILPP, Unity.Netcode.Editor.CodeGen.RuntimeAccessModifiersILPP, zzzUnity.Burst.CodeGen.BurstILPostProcessor

running Unity.Jobs.CodeGen.JobsILPostProcessor

running Unity.Multiplayer.Tools.NetStats.CodeGen.AssemblyProcessorMain

running Unity.Netcode.Editor.CodeGen.INetworkMessageILPP

running Unity.Netcode.Editor.CodeGen.INetworkSerializableILPP

running Unity.Netcode.Editor.CodeGen.NetworkBehaviourILPP

running Unity.Netcode.Editor.CodeGen.RuntimeAccessModifiersILPP

running zzzUnity.Burst.CodeGen.BurstILPostProcessor
[1152/1449  0s] ILPostProcess Library/Bee/artifacts/1900b0aE.dag/post-processed/Unity.TextMeshPro.Editor.dll (+pdb)
Processing assembly Library/Bee/artifacts/1900b0aE.dag/Unity.TextMeshPro.Editor.dll, with 126 defines and 257 references

processors: Unity.Jobs.CodeGen.JobsILPostProcessor, Unity.Multiplayer.Tools.NetStats.CodeGen.AssemblyProcessorMain, Unity.Netcode.Editor.CodeGen.INetworkMessageILPP, Unity.Netcode.Editor.CodeGen.INetworkSerializableILPP, Unity.Netcode.Editor.CodeGen.NetworkBehaviourILPP, Unity.Netcode.Editor.CodeGen.RuntimeAccessModifiersILPP, zzzUnity.Burst.CodeGen.BurstILPostProcessor

running Unity.Jobs.CodeGen.JobsILPostProcessor

running Unity.Multiplayer.Tools.NetStats.CodeGen.AssemblyProcessorMain

running Unity.Netcode.Editor.CodeGen.INetworkMessageILPP

running Unity.Netcode.Editor.CodeGen.INetworkSerializableILPP

running Unity.Netcode.Editor.CodeGen.NetworkBehaviourILPP

running Unity.Netcode.Editor.CodeGen.RuntimeAccessModifiersILPP

running zzzUnity.Burst.CodeGen.BurstILPostProcessor
[1153/1449  0s] ILPostProcess Library/Bee/artifacts/1900b0aE.dag/post-processed/Unity.Multiplayer.Tools.Editor.dll (+pdb)
Processing assembly Library/Bee/artifacts/1900b0aE.dag/Unity.Multiplayer.Tools.Editor.dll, with 126 defines and 257 references

processors: Unity.Jobs.CodeGen.JobsILPostProcessor, Unity.Multiplayer.Tools.NetStats.CodeGen.AssemblyProcessorMain, Unity.Netcode.Editor.CodeGen.INetworkMessageILPP, Unity.Netcode.Editor.CodeGen.INetworkSerializableILPP, Unity.Netcode.Editor.CodeGen.NetworkBehaviourILPP, Unity.Netcode.Editor.CodeGen.RuntimeAccessModifiersILPP, zzzUnity.Burst.CodeGen.BurstILPostProcessor

running Unity.Jobs.CodeGen.JobsILPostProcessor

running Unity.Multiplayer.Tools.NetStats.CodeGen.AssemblyProcessorMain

running Unity.Netcode.Editor.CodeGen.INetworkMessageILPP

running Unity.Netcode.Editor.CodeGen.INetworkSerializableILPP

running Unity.Netcode.Editor.CodeGen.NetworkBehaviourILPP

running Unity.Netcode.Editor.CodeGen.RuntimeAccessModifiersILPP

running zzzUnity.Burst.CodeGen.BurstILPostProcessor
[1154/1449  0s] ILPostProcess Library/Bee/artifacts/1900b0aE.dag/post-processed/Unity.Services.Multiplayer.Editor.Matchmaker.Authoring.Core.dll (+pdb)
Processing assembly Library/Bee/artifacts/1900b0aE.dag/Unity.Services.Multiplayer.Editor.Matchmaker.Authoring.Core.dll, with 127 defines and 134 references

processors: Unity.Jobs.CodeGen.JobsILPostProcessor, Unity.Multiplayer.Tools.NetStats.CodeGen.AssemblyProcessorMain, Unity.Netcode.Editor.CodeGen.INetworkMessageILPP, Unity.Netcode.Editor.CodeGen.INetworkSerializableILPP, Unity.Netcode.Editor.CodeGen.NetworkBehaviourILPP, Unity.Netcode.Editor.CodeGen.RuntimeAccessModifiersILPP, zzzUnity.Burst.CodeGen.BurstILPostProcessor

running Unity.Jobs.CodeGen.JobsILPostProcessor

running Unity.Multiplayer.Tools.NetStats.CodeGen.AssemblyProcessorMain

running Unity.Netcode.Editor.CodeGen.INetworkMessageILPP

running Unity.Netcode.Editor.CodeGen.INetworkSerializableILPP

running Unity.Netcode.Editor.CodeGen.NetworkBehaviourILPP

running Unity.Netcode.Editor.CodeGen.RuntimeAccessModifiersILPP

running zzzUnity.Burst.CodeGen.BurstILPostProcessor
[1155/1449  0s] ILPostProcess Library/Bee/artifacts/1900b0aE.dag/post-processed/glTFast.Editor.Documentation.Examples.dll (+pdb)
Processing assembly Library/Bee/artifacts/1900b0aE.dag/glTFast.Editor.Documentation.Examples.dll, with 126 defines and 259 references

processors: Unity.Jobs.CodeGen.JobsILPostProcessor, Unity.Multiplayer.Tools.NetStats.CodeGen.AssemblyProcessorMain, Unity.Netcode.Editor.CodeGen.INetworkMessageILPP, Unity.Netcode.Editor.CodeGen.INetworkSerializableILPP, Unity.Netcode.Editor.CodeGen.NetworkBehaviourILPP, Unity.Netcode.Editor.CodeGen.RuntimeAccessModifiersILPP, zzzUnity.Burst.CodeGen.BurstILPostProcessor

running Unity.Jobs.CodeGen.JobsILPostProcessor

running Unity.Multiplayer.Tools.NetStats.CodeGen.AssemblyProcessorMain

running Unity.Netcode.Editor.CodeGen.INetworkMessageILPP

running Unity.Netcode.Editor.CodeGen.INetworkSerializableILPP

running Unity.Netcode.Editor.CodeGen.NetworkBehaviourILPP

running Unity.Netcode.Editor.CodeGen.RuntimeAccessModifiersILPP

running zzzUnity.Burst.CodeGen.BurstILPostProcessor
[1156/1449  0s] ILPostProcess Library/Bee/artifacts/1900b0aE.dag/post-processed/Unity.Multiplayer.PlayMode.Scenarios.Editor.dll (+pdb)
Processing assembly Library/Bee/artifacts/1900b0aE.dag/Unity.Multiplayer.PlayMode.Scenarios.Editor.dll, with 128 defines and 269 references

processors: Unity.Jobs.CodeGen.JobsILPostProcessor, Unity.Multiplayer.Tools.NetStats.CodeGen.AssemblyProcessorMain, Unity.Netcode.Editor.CodeGen.INetworkMessageILPP, Unity.Netcode.Editor.CodeGen.INetworkSerializableILPP, Unity.Netcode.Editor.CodeGen.NetworkBehaviourILPP, Unity.Netcode.Editor.CodeGen.RuntimeAccessModifiersILPP, zzzUnity.Burst.CodeGen.BurstILPostProcessor

running Unity.Jobs.CodeGen.JobsILPostProcessor

running Unity.Multiplayer.Tools.NetStats.CodeGen.AssemblyProcessorMain

running Unity.Netcode.Editor.CodeGen.INetworkMessageILPP

running Unity.Netcode.Editor.CodeGen.INetworkSerializableILPP

running Unity.Netcode.Editor.CodeGen.NetworkBehaviourILPP

running Unity.Netcode.Editor.CodeGen.RuntimeAccessModifiersILPP

running zzzUnity.Burst.CodeGen.BurstILPostProcessor
[1157/1449  0s] ILPostProcess Library/Bee/artifacts/1900b0aE.dag/post-processed/Unity.Multiplayer.Playmode.Common.Editor.dll (+pdb)
Processing assembly Library/Bee/artifacts/1900b0aE.dag/Unity.Multiplayer.Playmode.Common.Editor.dll, with 126 defines and 252 references

processors: Unity.Jobs.CodeGen.JobsILPostProcessor, Unity.Multiplayer.Tools.NetStats.CodeGen.AssemblyProcessorMain, Unity.Netcode.Editor.CodeGen.INetworkMessageILPP, Unity.Netcode.Editor.CodeGen.INetworkSerializableILPP, Unity.Netcode.Editor.CodeGen.NetworkBehaviourILPP, Unity.Netcode.Editor.CodeGen.RuntimeAccessModifiersILPP, zzzUnity.Burst.CodeGen.BurstILPostProcessor

running Unity.Jobs.CodeGen.JobsILPostProcessor

running Unity.Multiplayer.Tools.NetStats.CodeGen.AssemblyProcessorMain

running Unity.Netcode.Editor.CodeGen.INetworkMessageILPP

running Unity.Netcode.Editor.CodeGen.INetworkSerializableILPP

running Unity.Netcode.Editor.CodeGen.NetworkBehaviourILPP

running Unity.Netcode.Editor.CodeGen.RuntimeAccessModifiersILPP

running zzzUnity.Burst.CodeGen.BurstILPostProcessor
[1158/1449  0s] ILPostProcess Library/Bee/artifacts/1900b0aE.dag/post-processed/Unity.Services.Authentication.PlayerAccounts.Editor.dll (+pdb)
Processing assembly Library/Bee/artifacts/1900b0aE.dag/Unity.Services.Authentication.PlayerAccounts.Editor.dll, with 126 defines and 259 references

processors: Unity.Jobs.CodeGen.JobsILPostProcessor, Unity.Multiplayer.Tools.NetStats.CodeGen.AssemblyProcessorMain, Unity.Netcode.Editor.CodeGen.INetworkMessageILPP, Unity.Netcode.Editor.CodeGen.INetworkSerializableILPP, Unity.Netcode.Editor.CodeGen.NetworkBehaviourILPP, Unity.Netcode.Editor.CodeGen.RuntimeAccessModifiersILPP, zzzUnity.Burst.CodeGen.BurstILPostProcessor

running Unity.Jobs.CodeGen.JobsILPostProcessor

running Unity.Multiplayer.Tools.NetStats.CodeGen.AssemblyProcessorMain

running Unity.Netcode.Editor.CodeGen.INetworkMessageILPP

running Unity.Netcode.Editor.CodeGen.INetworkSerializableILPP

running Unity.Netcode.Editor.CodeGen.NetworkBehaviourILPP

running Unity.Netcode.Editor.CodeGen.RuntimeAccessModifiersILPP

running zzzUnity.Burst.CodeGen.BurstILPostProcessor
[1159/1449  0s] ILPostProcess Library/Bee/artifacts/1900b0aE.dag/post-processed/Unity.Multiplayer.Playmode.Workflow.Editor.dll (+pdb)
Processing assembly Library/Bee/artifacts/1900b0aE.dag/Unity.Multiplayer.Playmode.Workflow.Editor.dll, with 127 defines and 259 references

processors: Unity.Jobs.CodeGen.JobsILPostProcessor, Unity.Multiplayer.Tools.NetStats.CodeGen.AssemblyProcessorMain, Unity.Netcode.Editor.CodeGen.INetworkMessageILPP, Unity.Netcode.Editor.CodeGen.INetworkSerializableILPP, Unity.Netcode.Editor.CodeGen.NetworkBehaviourILPP, Unity.Netcode.Editor.CodeGen.RuntimeAccessModifiersILPP, zzzUnity.Burst.CodeGen.BurstILPostProcessor

running Unity.Jobs.CodeGen.JobsILPostProcessor

running Unity.Multiplayer.Tools.NetStats.CodeGen.AssemblyProcessorMain

running Unity.Netcode.Editor.CodeGen.INetworkMessageILPP

running Unity.Netcode.Editor.CodeGen.INetworkSerializableILPP

running Unity.Netcode.Editor.CodeGen.NetworkBehaviourILPP

running Unity.Netcode.Editor.CodeGen.RuntimeAccessModifiersILPP

running zzzUnity.Burst.CodeGen.BurstILPostProcessor
[1160/1449  0s] ILPostProcess Library/Bee/artifacts/1900b0aE.dag/post-processed/Unity.Multiplayer.Tools.NetworkSimulator.Editor.dll (+pdb)
Processing assembly Library/Bee/artifacts/1900b0aE.dag/Unity.Multiplayer.Tools.NetworkSimulator.Editor.dll, with 128 defines and 256 references

processors: Unity.Jobs.CodeGen.JobsILPostProcessor, Unity.Multiplayer.Tools.NetStats.CodeGen.AssemblyProcessorMain, Unity.Netcode.Editor.CodeGen.INetworkMessageILPP, Unity.Netcode.Editor.CodeGen.INetworkSerializableILPP, Unity.Netcode.Editor.CodeGen.NetworkBehaviourILPP, Unity.Netcode.Editor.CodeGen.RuntimeAccessModifiersILPP, zzzUnity.Burst.CodeGen.BurstILPostProcessor

running Unity.Jobs.CodeGen.JobsILPostProcessor

running Unity.Multiplayer.Tools.NetStats.CodeGen.AssemblyProcessorMain

running Unity.Netcode.Editor.CodeGen.INetworkMessageILPP

running Unity.Netcode.Editor.CodeGen.INetworkSerializableILPP

running Unity.Netcode.Editor.CodeGen.NetworkBehaviourILPP

running Unity.Netcode.Editor.CodeGen.RuntimeAccessModifiersILPP

running zzzUnity.Burst.CodeGen.BurstILPostProcessor
[1161/1449  0s] ILPostProcess Library/Bee/artifacts/1900b0aE.dag/post-processed/Unity.Services.Authentication.Editor.Shared.dll (+pdb)
Processing assembly Library/Bee/artifacts/1900b0aE.dag/Unity.Services.Authentication.Editor.Shared.dll, with 126 defines and 262 references

processors: Unity.Jobs.CodeGen.JobsILPostProcessor, Unity.Multiplayer.Tools.NetStats.CodeGen.AssemblyProcessorMain, Unity.Netcode.Editor.CodeGen.INetworkMessageILPP, Unity.Netcode.Editor.CodeGen.INetworkSerializableILPP, Unity.Netcode.Editor.CodeGen.NetworkBehaviourILPP, Unity.Netcode.Editor.CodeGen.RuntimeAccessModifiersILPP, zzzUnity.Burst.CodeGen.BurstILPostProcessor

running Unity.Jobs.CodeGen.JobsILPostProcessor

running Unity.Multiplayer.Tools.NetStats.CodeGen.AssemblyProcessorMain

running Unity.Netcode.Editor.CodeGen.INetworkMessageILPP

running Unity.Netcode.Editor.CodeGen.INetworkSerializableILPP

running Unity.Netcode.Editor.CodeGen.NetworkBehaviourILPP

running Unity.Netcode.Editor.CodeGen.RuntimeAccessModifiersILPP

running zzzUnity.Burst.CodeGen.BurstILPostProcessor
[1162/1449  0s] ILPostProcess Library/Bee/artifacts/1900b0aE.dag/post-processed/Unity.DedicatedServer.MultiplayerRoles.Editor.dll (+pdb)
Processing assembly Library/Bee/artifacts/1900b0aE.dag/Unity.DedicatedServer.MultiplayerRoles.Editor.dll, with 126 defines and 259 references

processors: Unity.Jobs.CodeGen.JobsILPostProcessor, Unity.Multiplayer.Tools.NetStats.CodeGen.AssemblyProcessorMain, Unity.Netcode.Editor.CodeGen.INetworkMessageILPP, Unity.Netcode.Editor.CodeGen.INetworkSerializableILPP, Unity.Netcode.Editor.CodeGen.NetworkBehaviourILPP, Unity.Netcode.Editor.CodeGen.RuntimeAccessModifiersILPP, zzzUnity.Burst.CodeGen.BurstILPostProcessor

running Unity.Jobs.CodeGen.JobsILPostProcessor

running Unity.Multiplayer.Tools.NetStats.CodeGen.AssemblyProcessorMain

running Unity.Netcode.Editor.CodeGen.INetworkMessageILPP

running Unity.Netcode.Editor.CodeGen.INetworkSerializableILPP

running Unity.Netcode.Editor.CodeGen.NetworkBehaviourILPP

running Unity.Netcode.Editor.CodeGen.RuntimeAccessModifiersILPP

running zzzUnity.Burst.CodeGen.BurstILPostProcessor
[1163/1449  0s] ILPostProcess Library/Bee/artifacts/1900b0aE.dag/post-processed/Unity.Multiplayer.Tools.NetStatsMonitor.Editor.dll (+pdb)
Processing assembly Library/Bee/artifacts/1900b0aE.dag/Unity.Multiplayer.Tools.NetStatsMonitor.Editor.dll, with 126 defines and 260 references

processors: Unity.Jobs.CodeGen.JobsILPostProcessor, Unity.Multiplayer.Tools.NetStats.CodeGen.AssemblyProcessorMain, Unity.Netcode.Editor.CodeGen.INetworkMessageILPP, Unity.Netcode.Editor.CodeGen.INetworkSerializableILPP, Unity.Netcode.Editor.CodeGen.NetworkBehaviourILPP, Unity.Netcode.Editor.CodeGen.RuntimeAccessModifiersILPP, zzzUnity.Burst.CodeGen.BurstILPostProcessor

running Unity.Jobs.CodeGen.JobsILPostProcessor

running Unity.Multiplayer.Tools.NetStats.CodeGen.AssemblyProcessorMain

running Unity.Netcode.Editor.CodeGen.INetworkMessageILPP

running Unity.Netcode.Editor.CodeGen.INetworkSerializableILPP

running Unity.Netcode.Editor.CodeGen.NetworkBehaviourILPP

running Unity.Netcode.Editor.CodeGen.RuntimeAccessModifiersILPP

running zzzUnity.Burst.CodeGen.BurstILPostProcessor
[1164/1449  1s] ILPostProcess Library/Bee/artifacts/1900b0aE.dag/post-processed/Unity.Multiplayer.Tools.NetVis.Configuration.dll (+pdb)
Processing assembly Library/Bee/artifacts/1900b0aE.dag/Unity.Multiplayer.Tools.NetVis.Configuration.dll, with 129 defines and 249 references

processors: Unity.Jobs.CodeGen.JobsILPostProcessor, Unity.Multiplayer.Tools.NetStats.CodeGen.AssemblyProcessorMain, Unity.Netcode.Editor.CodeGen.INetworkMessageILPP, Unity.Netcode.Editor.CodeGen.INetworkSerializableILPP, Unity.Netcode.Editor.CodeGen.NetworkBehaviourILPP, Unity.Netcode.Editor.CodeGen.RuntimeAccessModifiersILPP, zzzUnity.Burst.CodeGen.BurstILPostProcessor

running Unity.Jobs.CodeGen.JobsILPostProcessor

running Unity.Multiplayer.Tools.NetStats.CodeGen.AssemblyProcessorMain

running Unity.Netcode.Editor.CodeGen.INetworkMessageILPP

running Unity.Netcode.Editor.CodeGen.INetworkSerializableILPP

running Unity.Netcode.Editor.CodeGen.NetworkBehaviourILPP

running Unity.Netcode.Editor.CodeGen.RuntimeAccessModifiersILPP

running zzzUnity.Burst.CodeGen.BurstILPostProcessor
[1165/1449  2s] ILPostProcess Library/Bee/artifacts/1900b0aE.dag/post-processed/Unity.Networking.Transport.dll (+pdb)
Processing assembly Library/Bee/artifacts/1900b0aE.dag/Unity.Networking.Transport.dll, with 129 defines and 251 references

processors: Unity.Jobs.CodeGen.JobsILPostProcessor, Unity.Multiplayer.Tools.NetStats.CodeGen.AssemblyProcessorMain, Unity.Netcode.Editor.CodeGen.INetworkMessageILPP, Unity.Netcode.Editor.CodeGen.INetworkSerializableILPP, Unity.Netcode.Editor.CodeGen.NetworkBehaviourILPP, Unity.Netcode.Editor.CodeGen.RuntimeAccessModifiersILPP, zzzUnity.Burst.CodeGen.BurstILPostProcessor

running Unity.Jobs.CodeGen.JobsILPostProcessor

running Unity.Multiplayer.Tools.NetStats.CodeGen.AssemblyProcessorMain

running Unity.Netcode.Editor.CodeGen.INetworkMessageILPP

running Unity.Netcode.Editor.CodeGen.INetworkSerializableILPP

running Unity.Netcode.Editor.CodeGen.NetworkBehaviourILPP

running Unity.Netcode.Editor.CodeGen.RuntimeAccessModifiersILPP

running zzzUnity.Burst.CodeGen.BurstILPostProcessor
[1166/1449  1s] ILPostProcess Library/Bee/artifacts/1900b0aE.dag/post-processed/Unity.Burst.dll (+pdb)
Processing assembly Library/Bee/artifacts/1900b0aE.dag/Unity.Burst.dll, with 128 defines and 244 references

processors: Unity.Jobs.CodeGen.JobsILPostProcessor, Unity.Multiplayer.Tools.NetStats.CodeGen.AssemblyProcessorMain, Unity.Netcode.Editor.CodeGen.INetworkMessageILPP, Unity.Netcode.Editor.CodeGen.INetworkSerializableILPP, Unity.Netcode.Editor.CodeGen.NetworkBehaviourILPP, Unity.Netcode.Editor.CodeGen.RuntimeAccessModifiersILPP, zzzUnity.Burst.CodeGen.BurstILPostProcessor

running Unity.Jobs.CodeGen.JobsILPostProcessor

running Unity.Multiplayer.Tools.NetStats.CodeGen.AssemblyProcessorMain

running Unity.Netcode.Editor.CodeGen.INetworkMessageILPP

running Unity.Netcode.Editor.CodeGen.INetworkSerializableILPP

running Unity.Netcode.Editor.CodeGen.NetworkBehaviourILPP

running Unity.Netcode.Editor.CodeGen.RuntimeAccessModifiersILPP

running zzzUnity.Burst.CodeGen.BurstILPostProcessor
[1167/1449  0s] ILPostProcess Library/Bee/artifacts/1900b0aE.dag/post-processed/Unity.DedicatedServer.Editor.dll (+pdb)
Processing assembly Library/Bee/artifacts/1900b0aE.dag/Unity.DedicatedServer.Editor.dll, with 126 defines and 256 references

processors: Unity.Jobs.CodeGen.JobsILPostProcessor, Unity.Multiplayer.Tools.NetStats.CodeGen.AssemblyProcessorMain, Unity.Netcode.Editor.CodeGen.INetworkMessageILPP, Unity.Netcode.Editor.CodeGen.INetworkSerializableILPP, Unity.Netcode.Editor.CodeGen.NetworkBehaviourILPP, Unity.Netcode.Editor.CodeGen.RuntimeAccessModifiersILPP, zzzUnity.Burst.CodeGen.BurstILPostProcessor

running Unity.Jobs.CodeGen.JobsILPostProcessor

running Unity.Multiplayer.Tools.NetStats.CodeGen.AssemblyProcessorMain

running Unity.Netcode.Editor.CodeGen.INetworkMessageILPP

running Unity.Netcode.Editor.CodeGen.INetworkSerializableILPP

running Unity.Netcode.Editor.CodeGen.NetworkBehaviourILPP

running Unity.Netcode.Editor.CodeGen.RuntimeAccessModifiersILPP

running zzzUnity.Burst.CodeGen.BurstILPostProcessor
[1168/1449  0s] ILPostProcess Library/Bee/artifacts/1900b0aE.dag/post-processed/Unity.Multiplayer.PlayMode.Editor.Bridge.dll (+pdb)
Processing assembly Library/Bee/artifacts/1900b0aE.dag/Unity.Multiplayer.PlayMode.Editor.Bridge.dll, with 127 defines and 258 references

processors: Unity.Jobs.CodeGen.JobsILPostProcessor, Unity.Multiplayer.Tools.NetStats.CodeGen.AssemblyProcessorMain, Unity.Netcode.Editor.CodeGen.INetworkMessageILPP, Unity.Netcode.Editor.CodeGen.INetworkSerializableILPP, Unity.Netcode.Editor.CodeGen.NetworkBehaviourILPP, Unity.Netcode.Editor.CodeGen.RuntimeAccessModifiersILPP, zzzUnity.Burst.CodeGen.BurstILPostProcessor

running Unity.Jobs.CodeGen.JobsILPostProcessor

running Unity.Multiplayer.Tools.NetStats.CodeGen.AssemblyProcessorMain

running Unity.Netcode.Editor.CodeGen.INetworkMessageILPP

running Unity.Netcode.Editor.CodeGen.INetworkSerializableILPP

running Unity.Netcode.Editor.CodeGen.NetworkBehaviourILPP

running Unity.Netcode.Editor.CodeGen.RuntimeAccessModifiersILPP

running zzzUnity.Burst.CodeGen.BurstILPostProcessor
[1169/1449  0s] ILPostProcess Library/Bee/artifacts/1900b0aE.dag/post-processed/Unity.Mathematics.Editor.dll (+pdb)
Processing assembly Library/Bee/artifacts/1900b0aE.dag/Unity.Mathematics.Editor.dll, with 126 defines and 257 references

processors: Unity.Jobs.CodeGen.JobsILPostProcessor, Unity.Multiplayer.Tools.NetStats.CodeGen.AssemblyProcessorMain, Unity.Netcode.Editor.CodeGen.INetworkMessageILPP, Unity.Netcode.Editor.CodeGen.INetworkSerializableILPP, Unity.Netcode.Editor.CodeGen.NetworkBehaviourILPP, Unity.Netcode.Editor.CodeGen.RuntimeAccessModifiersILPP, zzzUnity.Burst.CodeGen.BurstILPostProcessor

running Unity.Jobs.CodeGen.JobsILPostProcessor

running Unity.Multiplayer.Tools.NetStats.CodeGen.AssemblyProcessorMain

running Unity.Netcode.Editor.CodeGen.INetworkMessageILPP

running Unity.Netcode.Editor.CodeGen.INetworkSerializableILPP

running Unity.Netcode.Editor.CodeGen.NetworkBehaviourILPP

running Unity.Netcode.Editor.CodeGen.RuntimeAccessModifiersILPP

running zzzUnity.Burst.CodeGen.BurstILPostProcessor
[1170/1449  1s] ILPostProcess Library/Bee/artifacts/1900b0aE.dag/post-processed/glTFast.dll (+pdb)
Processing assembly Library/Bee/artifacts/1900b0aE.dag/glTFast.dll, with 133 defines and 251 references

processors: Unity.Jobs.CodeGen.JobsILPostProcessor, Unity.Multiplayer.Tools.NetStats.CodeGen.AssemblyProcessorMain, Unity.Netcode.Editor.CodeGen.INetworkMessageILPP, Unity.Netcode.Editor.CodeGen.INetworkSerializableILPP, Unity.Netcode.Editor.CodeGen.NetworkBehaviourILPP, Unity.Netcode.Editor.CodeGen.RuntimeAccessModifiersILPP, zzzUnity.Burst.CodeGen.BurstILPostProcessor

running Unity.Jobs.CodeGen.JobsILPostProcessor

running Unity.Multiplayer.Tools.NetStats.CodeGen.AssemblyProcessorMain

running Unity.Netcode.Editor.CodeGen.INetworkMessageILPP

running Unity.Netcode.Editor.CodeGen.INetworkSerializableILPP

running Unity.Netcode.Editor.CodeGen.NetworkBehaviourILPP

running Unity.Netcode.Editor.CodeGen.RuntimeAccessModifiersILPP

running zzzUnity.Burst.CodeGen.BurstILPostProcessor
[1171/1449  0s] ILPostProcess Library/Bee/artifacts/1900b0aE.dag/post-processed/Unity.Services.Multiplayer.Multiplay.Authoring.Core.dll (+pdb)
Processing assembly Library/Bee/artifacts/1900b0aE.dag/Unity.Services.Multiplayer.Multiplay.Authoring.Core.dll, with 127 defines and 134 references

processors: Unity.Jobs.CodeGen.JobsILPostProcessor, Unity.Multiplayer.Tools.NetStats.CodeGen.AssemblyProcessorMain, Unity.Netcode.Editor.CodeGen.INetworkMessageILPP, Unity.Netcode.Editor.CodeGen.INetworkSerializableILPP, Unity.Netcode.Editor.CodeGen.NetworkBehaviourILPP, Unity.Netcode.Editor.CodeGen.RuntimeAccessModifiersILPP, zzzUnity.Burst.CodeGen.BurstILPostProcessor

running Unity.Jobs.CodeGen.JobsILPostProcessor

running Unity.Multiplayer.Tools.NetStats.CodeGen.AssemblyProcessorMain

running Unity.Netcode.Editor.CodeGen.INetworkMessageILPP

running Unity.Netcode.Editor.CodeGen.INetworkSerializableILPP

running Unity.Netcode.Editor.CodeGen.NetworkBehaviourILPP

running Unity.Netcode.Editor.CodeGen.RuntimeAccessModifiersILPP

running zzzUnity.Burst.CodeGen.BurstILPostProcessor
[1172/1449  1s] ILPostProcess Library/Bee/artifacts/1900b0aE.dag/post-processed/Unity.Collections.dll (+pdb)
Processing assembly Library/Bee/artifacts/1900b0aE.dag/Unity.Collections.dll, with 130 defines and 250 references

processors: Unity.Jobs.CodeGen.JobsILPostProcessor, Unity.Multiplayer.Tools.NetStats.CodeGen.AssemblyProcessorMain, Unity.Netcode.Editor.CodeGen.INetworkMessageILPP, Unity.Netcode.Editor.CodeGen.INetworkSerializableILPP, Unity.Netcode.Editor.CodeGen.NetworkBehaviourILPP, Unity.Netcode.Editor.CodeGen.RuntimeAccessModifiersILPP, zzzUnity.Burst.CodeGen.BurstILPostProcessor

running Unity.Jobs.CodeGen.JobsILPostProcessor

running Unity.Multiplayer.Tools.NetStats.CodeGen.AssemblyProcessorMain

running Unity.Netcode.Editor.CodeGen.INetworkMessageILPP

running Unity.Netcode.Editor.CodeGen.INetworkSerializableILPP

running Unity.Netcode.Editor.CodeGen.NetworkBehaviourILPP

running Unity.Netcode.Editor.CodeGen.RuntimeAccessModifiersILPP

running zzzUnity.Burst.CodeGen.BurstILPostProcessor
[1173/1449  0s] ILPostProcess Library/Bee/artifacts/1900b0aE.dag/post-processed/glTFast.Editor.dll (+pdb)
Processing assembly Library/Bee/artifacts/1900b0aE.dag/glTFast.Editor.dll, with 127 defines and 259 references

processors: Unity.Jobs.CodeGen.JobsILPostProcessor, Unity.Multiplayer.Tools.NetStats.CodeGen.AssemblyProcessorMain, Unity.Netcode.Editor.CodeGen.INetworkMessageILPP, Unity.Netcode.Editor.CodeGen.INetworkSerializableILPP, Unity.Netcode.Editor.CodeGen.NetworkBehaviourILPP, Unity.Netcode.Editor.CodeGen.RuntimeAccessModifiersILPP, zzzUnity.Burst.CodeGen.BurstILPostProcessor

running Unity.Jobs.CodeGen.JobsILPostProcessor

running Unity.Multiplayer.Tools.NetStats.CodeGen.AssemblyProcessorMain

running Unity.Netcode.Editor.CodeGen.INetworkMessageILPP

running Unity.Netcode.Editor.CodeGen.INetworkSerializableILPP

running Unity.Netcode.Editor.CodeGen.NetworkBehaviourILPP

running Unity.Netcode.Editor.CodeGen.RuntimeAccessModifiersILPP

running zzzUnity.Burst.CodeGen.BurstILPostProcessor
[1174/1449  0s] ILPostProcess Library/Bee/artifacts/1900b0aE.dag/post-processed/Unity.PerformanceTesting.Editor.dll (+pdb)
Processing assembly Library/Bee/artifacts/1900b0aE.dag/Unity.PerformanceTesting.Editor.dll, with 127 defines and 252 references

processors: Unity.Jobs.CodeGen.JobsILPostProcessor, Unity.Multiplayer.Tools.NetStats.CodeGen.AssemblyProcessorMain, Unity.Netcode.Editor.CodeGen.INetworkMessageILPP, Unity.Netcode.Editor.CodeGen.INetworkSerializableILPP, Unity.Netcode.Editor.CodeGen.NetworkBehaviourILPP, Unity.Netcode.Editor.CodeGen.RuntimeAccessModifiersILPP, zzzUnity.Burst.CodeGen.BurstILPostProcessor

running Unity.Jobs.CodeGen.JobsILPostProcessor

running Unity.Multiplayer.Tools.NetStats.CodeGen.AssemblyProcessorMain

running Unity.Netcode.Editor.CodeGen.INetworkMessageILPP

running Unity.Netcode.Editor.CodeGen.INetworkSerializableILPP

running Unity.Netcode.Editor.CodeGen.NetworkBehaviourILPP

running Unity.Netcode.Editor.CodeGen.RuntimeAccessModifiersILPP

running zzzUnity.Burst.CodeGen.BurstILPostProcessor
[1175/1449  0s] ILPostProcess Library/Bee/artifacts/1900b0aE.dag/post-processed/Unity.Settings.Editor.dll (+pdb)
Processing assembly Library/Bee/artifacts/1900b0aE.dag/Unity.Settings.Editor.dll, with 126 defines and 256 references

processors: Unity.Jobs.CodeGen.JobsILPostProcessor, Unity.Multiplayer.Tools.NetStats.CodeGen.AssemblyProcessorMain, Unity.Netcode.Editor.CodeGen.INetworkMessageILPP, Unity.Netcode.Editor.CodeGen.INetworkSerializableILPP, Unity.Netcode.Editor.CodeGen.NetworkBehaviourILPP, Unity.Netcode.Editor.CodeGen.RuntimeAccessModifiersILPP, zzzUnity.Burst.CodeGen.BurstILPostProcessor

running Unity.Jobs.CodeGen.JobsILPostProcessor

running Unity.Multiplayer.Tools.NetStats.CodeGen.AssemblyProcessorMain

running Unity.Netcode.Editor.CodeGen.INetworkMessageILPP

running Unity.Netcode.Editor.CodeGen.INetworkSerializableILPP

running Unity.Netcode.Editor.CodeGen.NetworkBehaviourILPP

running Unity.Netcode.Editor.CodeGen.RuntimeAccessModifiersILPP

running zzzUnity.Burst.CodeGen.BurstILPostProcessor
[1176/1449  0s] ILPostProcess Library/Bee/artifacts/1900b0aE.dag/post-processed/Unity.Multiplayer.Playmode.VirtualProjects.Editor.dll (+pdb)
Processing assembly Library/Bee/artifacts/1900b0aE.dag/Unity.Multiplayer.Playmode.VirtualProjects.Editor.dll, with 126 defines and 254 references

processors: Unity.Jobs.CodeGen.JobsILPostProcessor, Unity.Multiplayer.Tools.NetStats.CodeGen.AssemblyProcessorMain, Unity.Netcode.Editor.CodeGen.INetworkMessageILPP, Unity.Netcode.Editor.CodeGen.INetworkSerializableILPP, Unity.Netcode.Editor.CodeGen.NetworkBehaviourILPP, Unity.Netcode.Editor.CodeGen.RuntimeAccessModifiersILPP, zzzUnity.Burst.CodeGen.BurstILPostProcessor

running Unity.Jobs.CodeGen.JobsILPostProcessor

running Unity.Multiplayer.Tools.NetStats.CodeGen.AssemblyProcessorMain

running Unity.Netcode.Editor.CodeGen.INetworkMessageILPP

running Unity.Netcode.Editor.CodeGen.INetworkSerializableILPP

running Unity.Netcode.Editor.CodeGen.NetworkBehaviourILPP

running Unity.Netcode.Editor.CodeGen.RuntimeAccessModifiersILPP

running zzzUnity.Burst.CodeGen.BurstILPostProcessor
[1177/1449  0s] ILPostProcess Library/Bee/artifacts/1900b0aE.dag/post-processed/Unity.DedicatedServer.CliArguments.Editor.dll (+pdb)
Processing assembly Library/Bee/artifacts/1900b0aE.dag/Unity.DedicatedServer.CliArguments.Editor.dll, with 126 defines and 259 references

processors: Unity.Jobs.CodeGen.JobsILPostProcessor, Unity.Multiplayer.Tools.NetStats.CodeGen.AssemblyProcessorMain, Unity.Netcode.Editor.CodeGen.INetworkMessageILPP, Unity.Netcode.Editor.CodeGen.INetworkSerializableILPP, Unity.Netcode.Editor.CodeGen.NetworkBehaviourILPP, Unity.Netcode.Editor.CodeGen.RuntimeAccessModifiersILPP, zzzUnity.Burst.CodeGen.BurstILPostProcessor

running Unity.Jobs.CodeGen.JobsILPostProcessor

running Unity.Multiplayer.Tools.NetStats.CodeGen.AssemblyProcessorMain

running Unity.Netcode.Editor.CodeGen.INetworkMessageILPP

running Unity.Netcode.Editor.CodeGen.INetworkSerializableILPP

running Unity.Netcode.Editor.CodeGen.NetworkBehaviourILPP

running Unity.Netcode.Editor.CodeGen.RuntimeAccessModifiersILPP

running zzzUnity.Burst.CodeGen.BurstILPostProcessor
[1178/1449  0s] ILPostProcess Library/Bee/artifacts/1900b0aE.dag/post-processed/Unity.Services.Multiplayer.Multiplay.Authoring.Editor.dll (+pdb)
Processing assembly Library/Bee/artifacts/1900b0aE.dag/Unity.Services.Multiplayer.Multiplay.Authoring.Editor.dll, with 128 defines and 261 references

processors: Unity.Jobs.CodeGen.JobsILPostProcessor, Unity.Multiplayer.Tools.NetStats.CodeGen.AssemblyProcessorMain, Unity.Netcode.Editor.CodeGen.INetworkMessageILPP, Unity.Netcode.Editor.CodeGen.INetworkSerializableILPP, Unity.Netcode.Editor.CodeGen.NetworkBehaviourILPP, Unity.Netcode.Editor.CodeGen.RuntimeAccessModifiersILPP, zzzUnity.Burst.CodeGen.BurstILPostProcessor

running Unity.Jobs.CodeGen.JobsILPostProcessor

running Unity.Multiplayer.Tools.NetStats.CodeGen.AssemblyProcessorMain

running Unity.Netcode.Editor.CodeGen.INetworkMessageILPP

running Unity.Netcode.Editor.CodeGen.INetworkSerializableILPP

running Unity.Netcode.Editor.CodeGen.NetworkBehaviourILPP

running Unity.Netcode.Editor.CodeGen.RuntimeAccessModifiersILPP

running zzzUnity.Burst.CodeGen.BurstILPostProcessor
[1179/1449  0s] ILPostProcess Library/Bee/artifacts/1900b0aE.dag/post-processed/Unity.Services.Multiplayer.Editor.Matchmaker.Authoring.dll (+pdb)
Processing assembly Library/Bee/artifacts/1900b0aE.dag/Unity.Services.Multiplayer.Editor.Matchmaker.Authoring.dll, with 128 defines and 264 references

processors: Unity.Jobs.CodeGen.JobsILPostProcessor, Unity.Multiplayer.Tools.NetStats.CodeGen.AssemblyProcessorMain, Unity.Netcode.Editor.CodeGen.INetworkMessageILPP, Unity.Netcode.Editor.CodeGen.INetworkSerializableILPP, Unity.Netcode.Editor.CodeGen.NetworkBehaviourILPP, Unity.Netcode.Editor.CodeGen.RuntimeAccessModifiersILPP, zzzUnity.Burst.CodeGen.BurstILPostProcessor

running Unity.Jobs.CodeGen.JobsILPostProcessor

running Unity.Multiplayer.Tools.NetStats.CodeGen.AssemblyProcessorMain

running Unity.Netcode.Editor.CodeGen.INetworkMessageILPP

running Unity.Netcode.Editor.CodeGen.INetworkSerializableILPP

running Unity.Netcode.Editor.CodeGen.NetworkBehaviourILPP

running Unity.Netcode.Editor.CodeGen.RuntimeAccessModifiersILPP

running zzzUnity.Burst.CodeGen.BurstILPostProcessor
[1180/1449  0s] ILPostProcess Library/Bee/artifacts/1900b0aE.dag/post-processed/Unity.Services.Multiplayer.Editor.Shared.dll (+pdb)
Processing assembly Library/Bee/artifacts/1900b0aE.dag/Unity.Services.Multiplayer.Editor.Shared.dll, with 128 defines and 259 references

processors: Unity.Jobs.CodeGen.JobsILPostProcessor, Unity.Multiplayer.Tools.NetStats.CodeGen.AssemblyProcessorMain, Unity.Netcode.Editor.CodeGen.INetworkMessageILPP, Unity.Netcode.Editor.CodeGen.INetworkSerializableILPP, Unity.Netcode.Editor.CodeGen.NetworkBehaviourILPP, Unity.Netcode.Editor.CodeGen.RuntimeAccessModifiersILPP, zzzUnity.Burst.CodeGen.BurstILPostProcessor

running Unity.Jobs.CodeGen.JobsILPostProcessor

running Unity.Multiplayer.Tools.NetStats.CodeGen.AssemblyProcessorMain

running Unity.Netcode.Editor.CodeGen.INetworkMessageILPP

running Unity.Netcode.Editor.CodeGen.INetworkSerializableILPP

running Unity.Netcode.Editor.CodeGen.NetworkBehaviourILPP

running Unity.Netcode.Editor.CodeGen.RuntimeAccessModifiersILPP

running zzzUnity.Burst.CodeGen.BurstILPostProcessor
[1181/1449  0s] ILPostProcess Library/Bee/artifacts/1900b0aE.dag/post-processed/Unity.Collections.Editor.dll (+pdb)
Processing assembly Library/Bee/artifacts/1900b0aE.dag/Unity.Collections.Editor.dll, with 127 defines and 257 references

processors: Unity.Jobs.CodeGen.JobsILPostProcessor, Unity.Multiplayer.Tools.NetStats.CodeGen.AssemblyProcessorMain, Unity.Netcode.Editor.CodeGen.INetworkMessageILPP, Unity.Netcode.Editor.CodeGen.INetworkSerializableILPP, Unity.Netcode.Editor.CodeGen.NetworkBehaviourILPP, Unity.Netcode.Editor.CodeGen.RuntimeAccessModifiersILPP, zzzUnity.Burst.CodeGen.BurstILPostProcessor

running Unity.Jobs.CodeGen.JobsILPostProcessor

running Unity.Multiplayer.Tools.NetStats.CodeGen.AssemblyProcessorMain

running Unity.Netcode.Editor.CodeGen.INetworkMessageILPP

running Unity.Netcode.Editor.CodeGen.INetworkSerializableILPP

running Unity.Netcode.Editor.CodeGen.NetworkBehaviourILPP

running Unity.Netcode.Editor.CodeGen.RuntimeAccessModifiersILPP

running zzzUnity.Burst.CodeGen.BurstILPostProcessor
[1182/1449  0s] ILPostProcess Library/Bee/artifacts/1900b0aE.dag/post-processed/Unity.Services.Deployment.Core.dll (+pdb)
Processing assembly Library/Bee/artifacts/1900b0aE.dag/Unity.Services.Deployment.Core.dll, with 126 defines and 133 references

processors: Unity.Jobs.CodeGen.JobsILPostProcessor, Unity.Multiplayer.Tools.NetStats.CodeGen.AssemblyProcessorMain, Unity.Netcode.Editor.CodeGen.INetworkMessageILPP, Unity.Netcode.Editor.CodeGen.INetworkSerializableILPP, Unity.Netcode.Editor.CodeGen.NetworkBehaviourILPP, Unity.Netcode.Editor.CodeGen.RuntimeAccessModifiersILPP, zzzUnity.Burst.CodeGen.BurstILPostProcessor

running Unity.Jobs.CodeGen.JobsILPostProcessor

running Unity.Multiplayer.Tools.NetStats.CodeGen.AssemblyProcessorMain

running Unity.Netcode.Editor.CodeGen.INetworkMessageILPP

running Unity.Netcode.Editor.CodeGen.INetworkSerializableILPP

running Unity.Netcode.Editor.CodeGen.NetworkBehaviourILPP

running Unity.Netcode.Editor.CodeGen.RuntimeAccessModifiersILPP

running zzzUnity.Burst.CodeGen.BurstILPostProcessor
[1183/1449  0s] ILPostProcess Library/Bee/artifacts/1900b0aE.dag/post-processed/Unity.InputSystem.DocCodeSamples.dll (+pdb)
Processing assembly Library/Bee/artifacts/1900b0aE.dag/Unity.InputSystem.DocCodeSamples.dll, with 126 defines and 252 references

processors: Unity.Jobs.CodeGen.JobsILPostProcessor, Unity.Multiplayer.Tools.NetStats.CodeGen.AssemblyProcessorMain, Unity.Netcode.Editor.CodeGen.INetworkMessageILPP, Unity.Netcode.Editor.CodeGen.INetworkSerializableILPP, Unity.Netcode.Editor.CodeGen.NetworkBehaviourILPP, Unity.Netcode.Editor.CodeGen.RuntimeAccessModifiersILPP, zzzUnity.Burst.CodeGen.BurstILPostProcessor

running Unity.Jobs.CodeGen.JobsILPostProcessor

running Unity.Multiplayer.Tools.NetStats.CodeGen.AssemblyProcessorMain

running Unity.Netcode.Editor.CodeGen.INetworkMessageILPP

running Unity.Netcode.Editor.CodeGen.INetworkSerializableILPP

running Unity.Netcode.Editor.CodeGen.NetworkBehaviourILPP

running Unity.Netcode.Editor.CodeGen.RuntimeAccessModifiersILPP

running zzzUnity.Burst.CodeGen.BurstILPostProcessor
[1184/1449  0s] ILPostProcess Library/Bee/artifacts/1900b0aE.dag/post-processed/Unity.Services.Multiplayer.Editor.dll (+pdb)
Processing assembly Library/Bee/artifacts/1900b0aE.dag/Unity.Services.Multiplayer.Editor.dll, with 126 defines and 266 references

processors: Unity.Jobs.CodeGen.JobsILPostProcessor, Unity.Multiplayer.Tools.NetStats.CodeGen.AssemblyProcessorMain, Unity.Netcode.Editor.CodeGen.INetworkMessageILPP, Unity.Netcode.Editor.CodeGen.INetworkSerializableILPP, Unity.Netcode.Editor.CodeGen.NetworkBehaviourILPP, Unity.Netcode.Editor.CodeGen.RuntimeAccessModifiersILPP, zzzUnity.Burst.CodeGen.BurstILPostProcessor

running Unity.Jobs.CodeGen.JobsILPostProcessor

running Unity.Multiplayer.Tools.NetStats.CodeGen.AssemblyProcessorMain

running Unity.Netcode.Editor.CodeGen.INetworkMessageILPP

running Unity.Netcode.Editor.CodeGen.INetworkSerializableILPP

running Unity.Netcode.Editor.CodeGen.NetworkBehaviourILPP

running Unity.Netcode.Editor.CodeGen.RuntimeAccessModifiersILPP

running zzzUnity.Burst.CodeGen.BurstILPostProcessor
[1185/1449  0s] ILPostProcess Library/Bee/artifacts/1900b0aE.dag/post-processed/Unity.Services.Deployment.dll (+pdb)
Processing assembly Library/Bee/artifacts/1900b0aE.dag/Unity.Services.Deployment.dll, with 128 defines and 260 references

processors: Unity.Jobs.CodeGen.JobsILPostProcessor, Unity.Multiplayer.Tools.NetStats.CodeGen.AssemblyProcessorMain, Unity.Netcode.Editor.CodeGen.INetworkMessageILPP, Unity.Netcode.Editor.CodeGen.INetworkSerializableILPP, Unity.Netcode.Editor.CodeGen.NetworkBehaviourILPP, Unity.Netcode.Editor.CodeGen.RuntimeAccessModifiersILPP, zzzUnity.Burst.CodeGen.BurstILPostProcessor

running Unity.Jobs.CodeGen.JobsILPostProcessor

running Unity.Multiplayer.Tools.NetStats.CodeGen.AssemblyProcessorMain

running Unity.Netcode.Editor.CodeGen.INetworkMessageILPP

running Unity.Netcode.Editor.CodeGen.INetworkSerializableILPP

running Unity.Netcode.Editor.CodeGen.NetworkBehaviourILPP

running Unity.Netcode.Editor.CodeGen.RuntimeAccessModifiersILPP

running zzzUnity.Burst.CodeGen.BurstILPostProcessor
[1186/1449  0s] ILPostProcess Library/Bee/artifacts/1900b0aE.dag/post-processed/Unity.Multiplayer.Tools.DependencyInjection.dll (+pdb)
Processing assembly Library/Bee/artifacts/1900b0aE.dag/Unity.Multiplayer.Tools.DependencyInjection.dll, with 126 defines and 256 references

processors: Unity.Jobs.CodeGen.JobsILPostProcessor, Unity.Multiplayer.Tools.NetStats.CodeGen.AssemblyProcessorMain, Unity.Netcode.Editor.CodeGen.INetworkMessageILPP, Unity.Netcode.Editor.CodeGen.INetworkSerializableILPP, Unity.Netcode.Editor.CodeGen.NetworkBehaviourILPP, Unity.Netcode.Editor.CodeGen.RuntimeAccessModifiersILPP, zzzUnity.Burst.CodeGen.BurstILPostProcessor

running Unity.Jobs.CodeGen.JobsILPostProcessor

running Unity.Multiplayer.Tools.NetStats.CodeGen.AssemblyProcessorMain

running Unity.Netcode.Editor.CodeGen.INetworkMessageILPP

running Unity.Netcode.Editor.CodeGen.INetworkSerializableILPP

running Unity.Netcode.Editor.CodeGen.NetworkBehaviourILPP

running Unity.Netcode.Editor.CodeGen.RuntimeAccessModifiersILPP

running zzzUnity.Burst.CodeGen.BurstILPostProcessor
[1187/1449  0s] ILPostProcess Library/Bee/artifacts/1900b0aE.dag/post-processed/Unity.Networking.Editor.dll (+pdb)
Processing assembly Library/Bee/artifacts/1900b0aE.dag/Unity.Networking.Editor.dll, with 126 defines and 256 references

processors: Unity.Jobs.CodeGen.JobsILPostProcessor, Unity.Multiplayer.Tools.NetStats.CodeGen.AssemblyProcessorMain, Unity.Netcode.Editor.CodeGen.INetworkMessageILPP, Unity.Netcode.Editor.CodeGen.INetworkSerializableILPP, Unity.Netcode.Editor.CodeGen.NetworkBehaviourILPP, Unity.Netcode.Editor.CodeGen.RuntimeAccessModifiersILPP, zzzUnity.Burst.CodeGen.BurstILPostProcessor

running Unity.Jobs.CodeGen.JobsILPostProcessor

running Unity.Multiplayer.Tools.NetStats.CodeGen.AssemblyProcessorMain

running Unity.Netcode.Editor.CodeGen.INetworkMessageILPP

running Unity.Netcode.Editor.CodeGen.INetworkSerializableILPP

running Unity.Netcode.Editor.CodeGen.NetworkBehaviourILPP

running Unity.Netcode.Editor.CodeGen.RuntimeAccessModifiersILPP

running zzzUnity.Burst.CodeGen.BurstILPostProcessor
[1188/1449  0s] ILPostProcess Library/Bee/artifacts/1900b0aE.dag/post-processed/Unity.Services.Core.Environments.Editor.dll (+pdb)
Processing assembly Library/Bee/artifacts/1900b0aE.dag/Unity.Services.Core.Environments.Editor.dll, with 126 defines and 261 references

processors: Unity.Jobs.CodeGen.JobsILPostProcessor, Unity.Multiplayer.Tools.NetStats.CodeGen.AssemblyProcessorMain, Unity.Netcode.Editor.CodeGen.INetworkMessageILPP, Unity.Netcode.Editor.CodeGen.INetworkSerializableILPP, Unity.Netcode.Editor.CodeGen.NetworkBehaviourILPP, Unity.Netcode.Editor.CodeGen.RuntimeAccessModifiersILPP, zzzUnity.Burst.CodeGen.BurstILPostProcessor

running Unity.Jobs.CodeGen.JobsILPostProcessor

running Unity.Multiplayer.Tools.NetStats.CodeGen.AssemblyProcessorMain

running Unity.Netcode.Editor.CodeGen.INetworkMessageILPP

running Unity.Netcode.Editor.CodeGen.INetworkSerializableILPP

running Unity.Netcode.Editor.CodeGen.NetworkBehaviourILPP

running Unity.Netcode.Editor.CodeGen.RuntimeAccessModifiersILPP

running zzzUnity.Burst.CodeGen.BurstILPostProcessor
[1189/1449  0s] ILPostProcess Library/Bee/artifacts/1900b0aE.dag/post-processed/Unity.Multiplayer.Center.Editor.dll (+pdb)
Processing assembly Library/Bee/artifacts/1900b0aE.dag/Unity.Multiplayer.Center.Editor.dll, with 126 defines and 257 references

processors: Unity.Jobs.CodeGen.JobsILPostProcessor, Unity.Multiplayer.Tools.NetStats.CodeGen.AssemblyProcessorMain, Unity.Netcode.Editor.CodeGen.INetworkMessageILPP, Unity.Netcode.Editor.CodeGen.INetworkSerializableILPP, Unity.Netcode.Editor.CodeGen.NetworkBehaviourILPP, Unity.Netcode.Editor.CodeGen.RuntimeAccessModifiersILPP, zzzUnity.Burst.CodeGen.BurstILPostProcessor

running Unity.Jobs.CodeGen.JobsILPostProcessor

running Unity.Multiplayer.Tools.NetStats.CodeGen.AssemblyProcessorMain

running Unity.Netcode.Editor.CodeGen.INetworkMessageILPP

running Unity.Netcode.Editor.CodeGen.INetworkSerializableILPP

running Unity.Netcode.Editor.CodeGen.NetworkBehaviourILPP

running Unity.Netcode.Editor.CodeGen.RuntimeAccessModifiersILPP

running zzzUnity.Burst.CodeGen.BurstILPostProcessor
[1190/1449  0s] ILPostProcess Library/Bee/artifacts/1900b0aE.dag/post-processed/Unity.Multiplayer.Playmode.WorkflowUI.Editor.dll (+pdb)
Processing assembly Library/Bee/artifacts/1900b0aE.dag/Unity.Multiplayer.Playmode.WorkflowUI.Editor.dll, with 127 defines and 260 references

processors: Unity.Jobs.CodeGen.JobsILPostProcessor, Unity.Multiplayer.Tools.NetStats.CodeGen.AssemblyProcessorMain, Unity.Netcode.Editor.CodeGen.INetworkMessageILPP, Unity.Netcode.Editor.CodeGen.INetworkSerializableILPP, Unity.Netcode.Editor.CodeGen.NetworkBehaviourILPP, Unity.Netcode.Editor.CodeGen.RuntimeAccessModifiersILPP, zzzUnity.Burst.CodeGen.BurstILPostProcessor

running Unity.Jobs.CodeGen.JobsILPostProcessor

running Unity.Multiplayer.Tools.NetStats.CodeGen.AssemblyProcessorMain

running Unity.Netcode.Editor.CodeGen.INetworkMessageILPP

running Unity.Netcode.Editor.CodeGen.INetworkSerializableILPP

running Unity.Netcode.Editor.CodeGen.NetworkBehaviourILPP

running Unity.Netcode.Editor.CodeGen.RuntimeAccessModifiersILPP

running zzzUnity.Burst.CodeGen.BurstILPostProcessor
[1191/1449  0s] ILPostProcess Library/Bee/artifacts/1900b0aE.dag/post-processed/Unity.Multiplayer.Tools.DependencyInjection.UIElements.dll (+pdb)
Processing assembly Library/Bee/artifacts/1900b0aE.dag/Unity.Multiplayer.Tools.DependencyInjection.UIElements.dll, with 126 defines and 259 references

processors: Unity.Jobs.CodeGen.JobsILPostProcessor, Unity.Multiplayer.Tools.NetStats.CodeGen.AssemblyProcessorMain, Unity.Netcode.Editor.CodeGen.INetworkMessageILPP, Unity.Netcode.Editor.CodeGen.INetworkSerializableILPP, Unity.Netcode.Editor.CodeGen.NetworkBehaviourILPP, Unity.Netcode.Editor.CodeGen.RuntimeAccessModifiersILPP, zzzUnity.Burst.CodeGen.BurstILPostProcessor

running Unity.Jobs.CodeGen.JobsILPostProcessor

running Unity.Multiplayer.Tools.NetStats.CodeGen.AssemblyProcessorMain

running Unity.Netcode.Editor.CodeGen.INetworkMessageILPP

running Unity.Netcode.Editor.CodeGen.INetworkSerializableILPP

running Unity.Netcode.Editor.CodeGen.NetworkBehaviourILPP

running Unity.Netcode.Editor.CodeGen.RuntimeAccessModifiersILPP

running zzzUnity.Burst.CodeGen.BurstILPostProcessor
[1192/1449  0s] CopyFiles Library/ScriptAssemblies/Unity.Services.Core.Environments.dll
[1193/1449  0s] CopyFiles Library/ScriptAssemblies/Unity.Multiplayer.Tools.NetworkSolutionInterface.dll
[1194/1449  0s] CopyFiles Library/ScriptAssemblies/Unity.Collections.dll
[1195/1449  0s] CopyFiles Library/ScriptAssemblies/Unity.Multiplayer.Tools.NetStatsMonitor.Configuration.dll
[1196/1449  0s] CopyFiles Library/ScriptAssemblies/Unity.Services.Authentication.dll
[1197/1449  0s] CopyFiles Library/ScriptAssemblies/Unity.Services.Core.Threading.dll
[1198/1449  0s] CopyFiles Library/ScriptAssemblies/Unity.InputSystem.ForUI.dll
[1200/1449  0s] CopyFiles Library/ScriptAssemblies/Unity.Multiplayer.Widgets.Core.dll
[1201/1449  0s] CopyFiles Library/ScriptAssemblies/Unity.TextMeshPro.dll
[1202/1449  0s] CopyFiles Library/ScriptAssemblies/Unity.Services.Core.Scheduler.dll
[1203/1449  0s] CopyFiles Library/ScriptAssemblies/Unity.Multiplayer.Tools.MetricTypes.dll
[1204/1449  0s] CopyFiles Library/ScriptAssemblies/Unity.Multiplayer.Center.Common.dll
[1205/1449  0s] CopyFiles Library/ScriptAssemblies/Unity.Services.Vivox.dll
[1206/1449  0s] CopyFiles Library/ScriptAssemblies/Unity.Services.Core.Analytics.dll
[1207/1449  0s] CopyFiles Library/ScriptAssemblies/Unity.InputSystem.dll
[1208/1449  0s] CopyFiles Library/ScriptAssemblies/Unity.Services.Core.Configuration.dll
[1209/1449  0s] CopyFiles Library/ScriptAssemblies/glTFast.Documentation.Examples.dll
[1210/1449  0s] CopyFiles Library/ScriptAssemblies/Unity.Multiplayer.Tools.Adapters.dll
[1211/1449  0s] CopyFiles Library/ScriptAssemblies/Unity.Services.Core.Networking.dll
[1212/1449  0s] CopyFiles Library/ScriptAssemblies/Unity.Multiplayer.Tools.NetStatsMonitor.Component.dll
[1213/1449  0s] CopyFiles Library/ScriptAssemblies/Unity.Services.Authentication.PlayerAccounts.dll
[1214/1449  0s] CopyFiles Library/ScriptAssemblies/Unity.Multiplayer.Tools.Initialization.dll
[1215/1449  0s] CopyFiles Library/ScriptAssemblies/glTFast.Export.dll
[1216/1449  0s] CopyFiles Library/ScriptAssemblies/glTFast.dots.dll
[1217/1449  0s] CopyFiles Library/ScriptAssemblies/Unity.Multiplayer.Playmode.Common.Runtime.dll
[1218/1449  0s] CopyFiles Library/ScriptAssemblies/Unity.Mathematics.dll
[1219/1449  0s] CopyFiles Library/ScriptAssemblies/Unity.Networking.Transport.dll
[1220/1449  0s] CopyFiles Library/ScriptAssemblies/Unity.Services.Core.Components.dll
[1221/1449  0s] CopyFiles Library/ScriptAssemblies/Unity.Burst.dll
[1223/1449  0s] CopyFiles Library/ScriptAssemblies/Unity.Multiplayer.Tools.Common.dll
[1224/1449  0s] CopyFiles Library/ScriptAssemblies/Unity.DedicatedServer.MultiplayerRoles.dll
[1225/1449  0s] CopyFiles Library/ScriptAssemblies/Unity.Multiplayer.Tools.NetworkProfiler.Runtime.dll
[1226/1449  0s] CopyFiles Library/ScriptAssemblies/Unity.Services.Core.Environments.Internal.dll
[1227/1449  0s] CopyFiles Library/ScriptAssemblies/Unity.Services.Core.Internal.dll
[1228/1449  0s] CopyFiles Library/ScriptAssemblies/Unity.Multiplayer.Tools.NetStatsMonitor.Implementation.dll
[1229/1449  0s] CopyFiles Library/ScriptAssemblies/Unity.Multiplayer.Widgets.Session.dll
[1230/1449  0s] CopyFiles Library/ScriptAssemblies/Unity.Multiplayer.Tools.MetricEvents.dll
[1231/1449  0s] CopyFiles Library/ScriptAssemblies/Unity.Services.Wire.Internal.dll
[1232/1449  0s] CopyFiles Library/ScriptAssemblies/glTFast.Newtonsoft.dll
[1233/1449  0s] CopyFiles Library/ScriptAssemblies/Unity.Services.Core.Registration.dll
[1235/1449  0s] ILPostProcess Library/Bee/artifacts/1900b0aE.dag/post-processed/Unity.Services.Authentication.Editor.dll (+pdb)
Processing assembly Library/Bee/artifacts/1900b0aE.dag/Unity.Services.Authentication.Editor.dll, with 126 defines and 264 references

processors: Unity.Jobs.CodeGen.JobsILPostProcessor, Unity.Multiplayer.Tools.NetStats.CodeGen.AssemblyProcessorMain, Unity.Netcode.Editor.CodeGen.INetworkMessageILPP, Unity.Netcode.Editor.CodeGen.INetworkSerializableILPP, Unity.Netcode.Editor.CodeGen.NetworkBehaviourILPP, Unity.Netcode.Editor.CodeGen.RuntimeAccessModifiersILPP, zzzUnity.Burst.CodeGen.BurstILPostProcessor

running Unity.Jobs.CodeGen.JobsILPostProcessor

running Unity.Multiplayer.Tools.NetStats.CodeGen.AssemblyProcessorMain

running Unity.Netcode.Editor.CodeGen.INetworkMessageILPP

running Unity.Netcode.Editor.CodeGen.INetworkSerializableILPP

running Unity.Netcode.Editor.CodeGen.NetworkBehaviourILPP

running Unity.Netcode.Editor.CodeGen.RuntimeAccessModifiersILPP

running zzzUnity.Burst.CodeGen.BurstILPostProcessor
[1236/1449  0s] CopyFiles Library/ScriptAssemblies/glTFast.dll
[1237/1449  0s] CopyFiles Library/ScriptAssemblies/Unity.Multiplayer.Tools.MetricTestData.dll
[1238/1449  0s] CopyFiles Library/ScriptAssemblies/Unity.Services.Core.Telemetry.dll
[1239/1449  0s] ILPostProcess Library/Bee/artifacts/1900b0aE.dag/post-processed/Unity.Multiplayer.Tools.NetVis.Editor.UI.dll (+pdb)
Processing assembly Library/Bee/artifacts/1900b0aE.dag/Unity.Multiplayer.Tools.NetVis.Editor.UI.dll, with 127 defines and 263 references

processors: Unity.Jobs.CodeGen.JobsILPostProcessor, Unity.Multiplayer.Tools.NetStats.CodeGen.AssemblyProcessorMain, Unity.Netcode.Editor.CodeGen.INetworkMessageILPP, Unity.Netcode.Editor.CodeGen.INetworkSerializableILPP, Unity.Netcode.Editor.CodeGen.NetworkBehaviourILPP, Unity.Netcode.Editor.CodeGen.RuntimeAccessModifiersILPP, zzzUnity.Burst.CodeGen.BurstILPostProcessor

running Unity.Jobs.CodeGen.JobsILPostProcessor

running Unity.Multiplayer.Tools.NetStats.CodeGen.AssemblyProcessorMain

running Unity.Netcode.Editor.CodeGen.INetworkMessageILPP

running Unity.Netcode.Editor.CodeGen.INetworkSerializableILPP

running Unity.Netcode.Editor.CodeGen.NetworkBehaviourILPP

running Unity.Netcode.Editor.CodeGen.RuntimeAccessModifiersILPP

running zzzUnity.Burst.CodeGen.BurstILPostProcessor
[1240/1449  0s] CopyFiles Library/ScriptAssemblies/UnityEngine.UI.dll
[1242/1449  0s] CopyFiles Library/ScriptAssemblies/Unity.Services.Core.dll
[1243/1449  0s] CopyFiles Library/ScriptAssemblies/Unity.Multiplayer.Playmode.dll
[1245/1449  0s] CopyFiles Library/ScriptAssemblies/Unity.Multiplayer.Tools.NetStats.dll
[1246/1449  0s] CopyFiles Library/ScriptAssemblies/Unity.Services.QoS.dll
[1247/1449  0s] CopyFiles Library/ScriptAssemblies/Unity.Profiling.Core.dll
[1248/1449  0s] CopyFiles Library/ScriptAssemblies/Unity.Services.Core.Device.dll
[1249/1449  0s] CopyFiles Library/ScriptAssemblies/Unity.Multiplayer.Tools.NetStatsReporting.dll
[1251/1449  0s] ILPostProcess Library/Bee/artifacts/1900b0aE.dag/post-processed/Unity.InternalAPIEditorBridge.022.dll (+pdb)
Processing assembly Library/Bee/artifacts/1900b0aE.dag/Unity.InternalAPIEditorBridge.022.dll, with 126 defines and 256 references

processors: Unity.Jobs.CodeGen.JobsILPostProcessor, Unity.Multiplayer.Tools.NetStats.CodeGen.AssemblyProcessorMain, Unity.Netcode.Editor.CodeGen.INetworkMessageILPP, Unity.Netcode.Editor.CodeGen.INetworkSerializableILPP, Unity.Netcode.Editor.CodeGen.NetworkBehaviourILPP, Unity.Netcode.Editor.CodeGen.RuntimeAccessModifiersILPP, zzzUnity.Burst.CodeGen.BurstILPostProcessor

running Unity.Jobs.CodeGen.JobsILPostProcessor

running Unity.Multiplayer.Tools.NetStats.CodeGen.AssemblyProcessorMain

running Unity.Netcode.Editor.CodeGen.INetworkMessageILPP

running Unity.Netcode.Editor.CodeGen.INetworkSerializableILPP

running Unity.Netcode.Editor.CodeGen.NetworkBehaviourILPP

running Unity.Netcode.Editor.CodeGen.RuntimeAccessModifiersILPP

running zzzUnity.Burst.CodeGen.BurstILPostProcessor
[1252/1449  0s] CopyFiles Library/ScriptAssemblies/unity-websocket-sharp.dll
[1253/1449  0s] CopyFiles Library/ScriptAssemblies/Unity.Multiplayer.Tools.DependencyInjection.UIElements.dll
[1254/1449  0s] CopyFiles Library/ScriptAssemblies/Unity.Multiplayer.Tools.DependencyInjection.UIElements.pdb
[1255/1449  0s] CopyFiles Library/ScriptAssemblies/Unity.Multiplayer.Playmode.WorkflowUI.Editor.pdb
[1256/1449  0s] CopyFiles Library/ScriptAssemblies/Unity.Multiplayer.Playmode.WorkflowUI.Editor.dll
[1257/1449  0s] CopyFiles Library/ScriptAssemblies/Unity.Services.Core.Environments.Editor.pdb
[1258/1449  0s] CopyFiles Library/ScriptAssemblies/Unity.Services.Authentication.Editor.pdb
[1259/1449  0s] ILPostProcess Library/Bee/artifacts/1900b0aE.dag/post-processed/Unity.Multiplayer.PlayMode.Configurations.Editor.dll (+pdb)
Processing assembly Library/Bee/artifacts/1900b0aE.dag/Unity.Multiplayer.PlayMode.Configurations.Editor.dll, with 126 defines and 259 references

processors: Unity.Jobs.CodeGen.JobsILPostProcessor, Unity.Multiplayer.Tools.NetStats.CodeGen.AssemblyProcessorMain, Unity.Netcode.Editor.CodeGen.INetworkMessageILPP, Unity.Netcode.Editor.CodeGen.INetworkSerializableILPP, Unity.Netcode.Editor.CodeGen.NetworkBehaviourILPP, Unity.Netcode.Editor.CodeGen.RuntimeAccessModifiersILPP, zzzUnity.Burst.CodeGen.BurstILPostProcessor

running Unity.Jobs.CodeGen.JobsILPostProcessor

running Unity.Multiplayer.Tools.NetStats.CodeGen.AssemblyProcessorMain

running Unity.Netcode.Editor.CodeGen.INetworkMessageILPP

running Unity.Netcode.Editor.CodeGen.INetworkSerializableILPP

running Unity.Netcode.Editor.CodeGen.NetworkBehaviourILPP

running Unity.Netcode.Editor.CodeGen.RuntimeAccessModifiersILPP

running zzzUnity.Burst.CodeGen.BurstILPostProcessor
[1260/1449  0s] CopyFiles Library/ScriptAssemblies/Unity.Services.Authentication.Editor.dll
[1261/1449  0s] CopyFiles Library/ScriptAssemblies/Unity.Multiplayer.Tools.NetVis.Editor.UI.pdb
[1262/1449  0s] CopyFiles Library/ScriptAssemblies/Unity.Services.Core.Environments.Editor.dll
[1263/1449  0s] CopyFiles Library/ScriptAssemblies/Unity.Multiplayer.Tools.NetVis.Editor.UI.dll
[1264/1449  0s] CopyFiles Library/ScriptAssemblies/Unity.Multiplayer.Center.Editor.pdb
[1265/1449  0s] CopyFiles Library/ScriptAssemblies/Unity.Networking.Editor.dll
[1266/1449  0s] CopyFiles Library/ScriptAssemblies/Unity.Multiplayer.Center.Editor.dll
[1267/1449  0s] CopyFiles Library/ScriptAssemblies/Unity.Networking.Editor.pdb
[1268/1449  0s] CopyFiles Library/ScriptAssemblies/Unity.Multiplayer.Tools.DependencyInjection.dll
[1269/1449  0s] CopyFiles Library/ScriptAssemblies/Unity.Multiplayer.Tools.DependencyInjection.pdb
[1270/1449  0s] CopyFiles Library/ScriptAssemblies/Unity.Services.Multiplayer.Editor.pdb
[1271/1449  0s] CopyFiles Library/ScriptAssemblies/Unity.Services.Deployment.pdb
[1272/1449  0s] CopyFiles Library/ScriptAssemblies/Unity.Services.Multiplayer.Editor.dll
[1273/1449  0s] CopyFiles Library/ScriptAssemblies/Unity.Services.Deployment.dll
[1276/1449  0s] CopyFiles Library/ScriptAssemblies/Unity.InputSystem.DocCodeSamples.pdb
[1277/1449  0s] CopyFiles Library/ScriptAssemblies/Unity.InputSystem.DocCodeSamples.dll
[1278/1449  0s] CopyFiles Library/ScriptAssemblies/Unity.Collections.Editor.pdb
[1279/1449  0s] CopyFiles Library/ScriptAssemblies/Unity.Collections.Editor.dll
[1280/1449  0s] CopyFiles Library/ScriptAssemblies/Unity.Services.Multiplayer.Editor.Shared.dll
[1281/1449  0s] CopyFiles Library/ScriptAssemblies/Unity.Services.Multiplayer.Editor.Shared.pdb
[1282/1449  0s] CopyFiles Library/ScriptAssemblies/Unity.InternalAPIEditorBridge.022.dll
[1283/1449  0s] CopyFiles Library/ScriptAssemblies/Unity.Services.Multiplayer.Editor.Matchmaker.Authoring.dll
[1284/1449  0s] CopyFiles Library/ScriptAssemblies/Unity.Services.Multiplayer.Editor.Matchmaker.Authoring.pdb
[1285/1449  0s] CopyFiles Library/ScriptAssemblies/Unity.InternalAPIEditorBridge.022.pdb
[1286/1449  0s] CopyFiles Library/ScriptAssemblies/Unity.DedicatedServer.CliArguments.Editor.dll
[1287/1449  0s] CopyFiles Library/ScriptAssemblies/Unity.DedicatedServer.CliArguments.Editor.pdb
[1288/1449  0s] CopyFiles Library/ScriptAssemblies/Unity.Multiplayer.Playmode.VirtualProjects.Editor.dll
[1289/1449  0s] CopyFiles Library/ScriptAssemblies/Unity.Multiplayer.Playmode.VirtualProjects.Editor.pdb
[1290/1449  0s] CopyFiles Library/ScriptAssemblies/Unity.Services.Multiplayer.Multiplay.Authoring.Editor.pdb
[1291/1449  0s] CopyFiles Library/ScriptAssemblies/Unity.Services.Multiplayer.Multiplay.Authoring.Editor.dll
[1292/1449  0s] CopyFiles Library/ScriptAssemblies/Unity.Settings.Editor.pdb
[1293/1449  0s] CopyFiles Library/ScriptAssemblies/glTFast.Editor.pdb
[1294/1449  0s] CopyFiles Library/ScriptAssemblies/Unity.Settings.Editor.dll
[1295/1449  0s] CopyFiles Library/ScriptAssemblies/glTFast.Editor.dll
[1298/1449  0s] CopyFiles Library/ScriptAssemblies/Unity.PerformanceTesting.Editor.dll
[1299/1449  0s] CopyFiles Library/ScriptAssemblies/Unity.PerformanceTesting.Editor.pdb
[1300/1449  0s] CopyFiles Library/ScriptAssemblies/Unity.Collections.pdb
[1301/1449  0s] CopyFiles Library/ScriptAssemblies/Unity.Mathematics.Editor.pdb
[1302/1449  0s] CopyFiles Library/ScriptAssemblies/Unity.Mathematics.Editor.dll
[1303/1449  0s] CopyFiles Library/ScriptAssemblies/glTFast.pdb
[1304/1449  0s] CopyFiles Library/ScriptAssemblies/Unity.Multiplayer.PlayMode.Editor.Bridge.pdb
[1305/1449  0s] CopyFiles Library/ScriptAssemblies/Unity.Multiplayer.PlayMode.Editor.Bridge.dll
[1306/1449  0s] CopyFiles Library/ScriptAssemblies/Unity.DedicatedServer.Editor.dll
[1307/1449  0s] CopyFiles Library/ScriptAssemblies/Unity.DedicatedServer.Editor.pdb
[1309/1449  0s] CopyFiles Library/ScriptAssemblies/Unity.Networking.Transport.pdb
[1310/1449  0s] CopyFiles Library/ScriptAssemblies/Unity.Burst.pdb
[1311/1449  0s] CopyFiles Library/ScriptAssemblies/Unity.Multiplayer.Tools.NetStatsMonitor.Editor.pdb
[1312/1449  0s] CopyFiles Library/ScriptAssemblies/Unity.Multiplayer.Tools.NetStatsMonitor.Editor.dll
[1313/1449  0s] CopyFiles Library/ScriptAssemblies/Unity.DedicatedServer.MultiplayerRoles.Editor.pdb
[1314/1449  0s] CopyFiles Library/ScriptAssemblies/Unity.DedicatedServer.MultiplayerRoles.Editor.dll
[1315/1449  0s] CopyFiles Library/ScriptAssemblies/Unity.Services.Authentication.Editor.Shared.pdb
[1316/1449  0s] CopyFiles Library/ScriptAssemblies/Unity.Services.Authentication.Editor.Shared.dll
[1317/1449  0s] CopyFiles Library/ScriptAssemblies/Unity.Multiplayer.Tools.NetworkSimulator.Editor.dll
[1318/1449  0s] CopyFiles Library/ScriptAssemblies/Unity.Multiplayer.Tools.NetworkSimulator.Editor.pdb
[1319/1449  0s] CopyFiles Library/ScriptAssemblies/Unity.Services.Authentication.PlayerAccounts.Editor.pdb
[1320/1449  0s] CopyFiles Library/ScriptAssemblies/Unity.Services.Authentication.PlayerAccounts.Editor.dll
[1321/1449  0s] CopyFiles Library/ScriptAssemblies/Unity.Multiplayer.Playmode.Workflow.Editor.dll
[1322/1449  0s] CopyFiles Library/ScriptAssemblies/Unity.Multiplayer.Playmode.Workflow.Editor.pdb
[1323/1449  0s] CopyFiles Library/ScriptAssemblies/Unity.Multiplayer.Playmode.Common.Editor.pdb
[1324/1449  0s] CopyFiles Library/ScriptAssemblies/Unity.Multiplayer.Playmode.Common.Editor.dll
[1325/1449  0s] CopyFiles Library/ScriptAssemblies/Unity.Multiplayer.PlayMode.Scenarios.Editor.pdb
[1327/1449  0s] CopyFiles Library/ScriptAssemblies/Unity.Multiplayer.PlayMode.Scenarios.Editor.dll
[1328/1449  0s] CopyFiles Library/ScriptAssemblies/glTFast.Editor.Documentation.Examples.dll
[1330/1449  0s] CopyFiles Library/ScriptAssemblies/glTFast.Editor.Documentation.Examples.pdb
[1331/1449  0s] CopyFiles Library/ScriptAssemblies/Unity.Multiplayer.Tools.Editor.pdb
[1332/1449  0s] CopyFiles Library/ScriptAssemblies/Unity.TextMeshPro.Editor.pdb
[1333/1449  0s] CopyFiles Library/ScriptAssemblies/Unity.Multiplayer.Tools.Editor.dll
[1334/1449  0s] CopyFiles Library/ScriptAssemblies/Unity.TextMeshPro.Editor.dll
[1335/1449  0s] CopyFiles Library/ScriptAssemblies/Unity.DedicatedServer.Editor.Bridge.dll
[1337/1449  0s] CopyFiles Library/ScriptAssemblies/Unity.DedicatedServer.Editor.Bridge.pdb
[1338/1449  0s] CopyFiles Library/ScriptAssemblies/Unity.Services.Core.Editor.pdb
[1339/1449  0s] CopyFiles Library/ScriptAssemblies/Unity.Services.Core.Editor.dll
[1340/1449  0s] CopyFiles Library/ScriptAssemblies/UnityEditor.UI.dll
[1341/1449  0s] CopyFiles Library/ScriptAssemblies/UnityEditor.UI.pdb
[1342/1449  0s] CopyFiles Library/ScriptAssemblies/Unity.Services.DeploymentApi.pdb
[1343/1449  0s] CopyFiles Library/ScriptAssemblies/Unity.Services.DeploymentApi.dll
[1344/1449  0s] CopyFiles Library/ScriptAssemblies/Unity.Services.Vivox.Editor.dll
[1345/1449  0s] CopyFiles Library/ScriptAssemblies/Unity.Services.Vivox.Editor.pdb
[1346/1449  0s] CopyFiles Library/ScriptAssemblies/Unity.Multiplayer.Tools.NetVis.Editor.Visualization.pdb
[1347/1449  0s] CopyFiles Library/ScriptAssemblies/Unity.Multiplayer.Tools.NetVis.Editor.Visualization.dll
[1349/1449  0s] CopyFiles Library/ScriptAssemblies/Unity.Services.Core.Configuration.Editor.dll
[1350/1449  0s] CopyFiles Library/ScriptAssemblies/Unity.Services.Core.Configuration.Editor.pdb
[1351/1449  0s] CopyFiles Library/ScriptAssemblies/Unity.Multiplayer.Tools.MetricTestData.pdb
[1352/1449  0s] CopyFiles Library/ScriptAssemblies/Unity.Services.QoS.pdb
[1353/1449  0s] CopyFiles Library/ScriptAssemblies/Unity.InputSystem.pdb
[1354/1449  0s] CopyFiles Library/ScriptAssemblies/Unity.Multiplayer.Tools.MetricTypes.pdb
[1355/1449  0s] CopyFiles Library/ScriptAssemblies/Unity.Mathematics.pdb
[1356/1449  0s] CopyFiles Library/ScriptAssemblies/Unity.Profiling.Core.pdb
[1358/1449  0s] CopyFiles Library/ScriptAssemblies/Unity.Services.Vivox.pdb
[1359/1449  0s] CopyFiles Library/ScriptAssemblies/Unity.Multiplayer.Widgets.Session.pdb
[1360/1449  0s] CopyFiles Library/ScriptAssemblies/Unity.Services.Core.Analytics.pdb
[1362/1449  0s] CopyFiles Library/ScriptAssemblies/Unity.Services.Core.Configuration.pdb
[1363/1449  0s] CopyFiles Library/ScriptAssemblies/Unity.Multiplayer.Tools.NetStats.pdb
[1365/1449  0s] CopyFiles Library/ScriptAssemblies/Unity.Multiplayer.Playmode.Common.Runtime.pdb
[1366/1449  0s] CopyFiles Library/ScriptAssemblies/glTFast.Documentation.Examples.pdb
[1367/1449  0s] CopyFiles Library/ScriptAssemblies/Unity.Multiplayer.Tools.NetStatsMonitor.Component.pdb
[1368/1449  0s] CopyFiles Library/ScriptAssemblies/glTFast.dots.pdb
[1369/1449  0s] CopyFiles Library/ScriptAssemblies/Unity.DedicatedServer.MultiplayerRoles.pdb
[1370/1449  0s] CopyFiles Library/ScriptAssemblies/Unity.Services.Authentication.pdb
[1371/1449  0s] CopyFiles Library/ScriptAssemblies/Unity.Multiplayer.Tools.NetStatsMonitor.Configuration.pdb
[1372/1449  0s] CopyFiles Library/ScriptAssemblies/Unity.Multiplayer.Playmode.pdb
[1373/1449  0s] CopyFiles Library/ScriptAssemblies/Unity.Multiplayer.Widgets.Core.pdb
[1374/1449  0s] CopyFiles Library/ScriptAssemblies/Unity.Services.Core.Threading.pdb
[1375/1449  0s] CopyFiles Library/ScriptAssemblies/Unity.InputSystem.ForUI.pdb
[1376/1449  0s] CopyFiles Library/ScriptAssemblies/unity-websocket-sharp.pdb
[1377/1449  0s] CopyFiles Library/ScriptAssemblies/Unity.Services.Core.Networking.pdb
[1378/1449  0s] CopyFiles Library/ScriptAssemblies/Unity.Services.Core.Scheduler.pdb
[1379/1449  0s] CopyFiles Library/ScriptAssemblies/Unity.Multiplayer.Tools.MetricEvents.pdb
[1380/1449  0s] CopyFiles Library/ScriptAssemblies/Unity.Services.Core.Registration.pdb
[1381/1449  0s] CopyFiles Library/ScriptAssemblies/Unity.Multiplayer.PlayMode.Configurations.Editor.pdb
[1382/1449  0s] CopyFiles Library/ScriptAssemblies/Unity.Services.Core.Telemetry.pdb
[1383/1449  0s] CopyFiles Library/ScriptAssemblies/Unity.Services.Core.Environments.Internal.pdb
[1384/1449  0s] CopyFiles Library/ScriptAssemblies/Unity.Services.Authentication.PlayerAccounts.pdb
[1385/1449  0s] CopyFiles Library/ScriptAssemblies/Unity.Multiplayer.Tools.Common.pdb
[1386/1449  0s] CopyFiles Library/ScriptAssemblies/Unity.TextMeshPro.pdb
[1387/1449  0s] CopyFiles Library/ScriptAssemblies/Unity.Multiplayer.Tools.Adapters.pdb
[1388/1449  0s] CopyFiles Library/ScriptAssemblies/glTFast.Export.pdb
[1389/1449  0s] CopyFiles Library/ScriptAssemblies/Unity.Multiplayer.Tools.NetworkProfiler.Runtime.pdb
[1390/1449  0s] CopyFiles Library/ScriptAssemblies/Unity.Services.Core.Device.pdb
[1391/1449  0s] CopyFiles Library/ScriptAssemblies/Unity.Multiplayer.Tools.NetStatsReporting.pdb
[1392/1449  0s] CopyFiles Library/ScriptAssemblies/Unity.Multiplayer.Center.Common.pdb
[1393/1449  0s] CopyFiles Library/ScriptAssemblies/Unity.Services.Core.Environments.pdb
[1394/1449  0s] CopyFiles Library/ScriptAssemblies/Unity.Multiplayer.Tools.NetworkSolutionInterface.pdb
[1395/1449  0s] CopyFiles Library/ScriptAssemblies/Unity.Services.Core.Components.pdb
[1396/1449  0s] CopyFiles Library/ScriptAssemblies/Unity.Services.Core.Internal.pdb
[1397/1449  0s] CopyFiles Library/ScriptAssemblies/glTFast.Newtonsoft.pdb
[1398/1449  0s] CopyFiles Library/ScriptAssemblies/Unity.Services.Wire.Internal.pdb
[1399/1449  0s] CopyFiles Library/ScriptAssemblies/Unity.Services.Core.pdb
[1400/1449  0s] CopyFiles Library/ScriptAssemblies/UnityEngine.UI.pdb
[1401/1449  0s] CopyFiles Library/ScriptAssemblies/Unity.Multiplayer.Tools.Initialization.pdb
[1402/1449  0s] CopyFiles Library/ScriptAssemblies/Unity.Multiplayer.Tools.NetStatsMonitor.Implementation.pdb
[1403/1449  1s] ILPostProcess Library/Bee/artifacts/1900b0aE.dag/post-processed/Unity.Multiplayer.Tools.NetworkProfiler.Editor.dll (+pdb)
Processing assembly Library/Bee/artifacts/1900b0aE.dag/Unity.Multiplayer.Tools.NetworkProfiler.Editor.dll, with 126 defines and 263 references

processors: Unity.Jobs.CodeGen.JobsILPostProcessor, Unity.Multiplayer.Tools.NetStats.CodeGen.AssemblyProcessorMain, Unity.Netcode.Editor.CodeGen.INetworkMessageILPP, Unity.Netcode.Editor.CodeGen.INetworkSerializableILPP, Unity.Netcode.Editor.CodeGen.NetworkBehaviourILPP, Unity.Netcode.Editor.CodeGen.RuntimeAccessModifiersILPP, zzzUnity.Burst.CodeGen.BurstILPostProcessor

running Unity.Jobs.CodeGen.JobsILPostProcessor

running Unity.Multiplayer.Tools.NetStats.CodeGen.AssemblyProcessorMain

running Unity.Netcode.Editor.CodeGen.INetworkMessageILPP

running Unity.Netcode.Editor.CodeGen.INetworkSerializableILPP

running Unity.Netcode.Editor.CodeGen.NetworkBehaviourILPP

running Unity.Netcode.Editor.CodeGen.RuntimeAccessModifiersILPP

running zzzUnity.Burst.CodeGen.BurstILPostProcessor
[1404/1449  0s] ILPostProcess Library/Bee/artifacts/1900b0aE.dag/post-processed/Unity.Netcode.PackageChecker.Editor.dll (+pdb)
Processing assembly Library/Bee/artifacts/1900b0aE.dag/Unity.Netcode.PackageChecker.Editor.dll, with 126 defines and 256 references

processors: Unity.Jobs.CodeGen.JobsILPostProcessor, Unity.Multiplayer.Tools.NetStats.CodeGen.AssemblyProcessorMain, Unity.Netcode.Editor.CodeGen.INetworkMessageILPP, Unity.Netcode.Editor.CodeGen.INetworkSerializableILPP, Unity.Netcode.Editor.CodeGen.NetworkBehaviourILPP, Unity.Netcode.Editor.CodeGen.RuntimeAccessModifiersILPP, zzzUnity.Burst.CodeGen.BurstILPostProcessor

running Unity.Jobs.CodeGen.JobsILPostProcessor

running Unity.Multiplayer.Tools.NetStats.CodeGen.AssemblyProcessorMain

running Unity.Netcode.Editor.CodeGen.INetworkMessageILPP

running Unity.Netcode.Editor.CodeGen.INetworkSerializableILPP

running Unity.Netcode.Editor.CodeGen.NetworkBehaviourILPP

running Unity.Netcode.Editor.CodeGen.RuntimeAccessModifiersILPP

running zzzUnity.Burst.CodeGen.BurstILPostProcessor
[1405/1449  0s] ILPostProcess Library/Bee/artifacts/1900b0aE.dag/post-processed/Unity.Burst.Editor.dll (+pdb)
Processing assembly Library/Bee/artifacts/1900b0aE.dag/Unity.Burst.Editor.dll, with 126 defines and 257 references

processors: Unity.Jobs.CodeGen.JobsILPostProcessor, Unity.Multiplayer.Tools.NetStats.CodeGen.AssemblyProcessorMain, Unity.Netcode.Editor.CodeGen.INetworkMessageILPP, Unity.Netcode.Editor.CodeGen.INetworkSerializableILPP, Unity.Netcode.Editor.CodeGen.NetworkBehaviourILPP, Unity.Netcode.Editor.CodeGen.RuntimeAccessModifiersILPP, zzzUnity.Burst.CodeGen.BurstILPostProcessor

running Unity.Jobs.CodeGen.JobsILPostProcessor

running Unity.Multiplayer.Tools.NetStats.CodeGen.AssemblyProcessorMain

running Unity.Netcode.Editor.CodeGen.INetworkMessageILPP

running Unity.Netcode.Editor.CodeGen.INetworkSerializableILPP

running Unity.Netcode.Editor.CodeGen.NetworkBehaviourILPP

running Unity.Netcode.Editor.CodeGen.RuntimeAccessModifiersILPP

running zzzUnity.Burst.CodeGen.BurstILPostProcessor
[1406/1449  0s] CopyFiles Library/ScriptAssemblies/Unity.Multiplayer.Tools.NetworkProfiler.Editor.pdb
[1407/1449  0s] CopyFiles Library/ScriptAssemblies/Unity.Multiplayer.PlayMode.Configurations.Editor.dll
[1408/1449  0s] ILPostProcess Library/Bee/artifacts/1900b0aE.dag/post-processed/Unity.Multiplayer.PlayMode.Analytics.Editor.dll (+pdb)
Processing assembly Library/Bee/artifacts/1900b0aE.dag/Unity.Multiplayer.PlayMode.Analytics.Editor.dll, with 126 defines and 256 references

processors: Unity.Jobs.CodeGen.JobsILPostProcessor, Unity.Multiplayer.Tools.NetStats.CodeGen.AssemblyProcessorMain, Unity.Netcode.Editor.CodeGen.INetworkMessageILPP, Unity.Netcode.Editor.CodeGen.INetworkSerializableILPP, Unity.Netcode.Editor.CodeGen.NetworkBehaviourILPP, Unity.Netcode.Editor.CodeGen.RuntimeAccessModifiersILPP, zzzUnity.Burst.CodeGen.BurstILPostProcessor

running Unity.Jobs.CodeGen.JobsILPostProcessor

running Unity.Multiplayer.Tools.NetStats.CodeGen.AssemblyProcessorMain

running Unity.Netcode.Editor.CodeGen.INetworkMessageILPP

running Unity.Netcode.Editor.CodeGen.INetworkSerializableILPP

running Unity.Netcode.Editor.CodeGen.NetworkBehaviourILPP

running Unity.Netcode.Editor.CodeGen.RuntimeAccessModifiersILPP

running zzzUnity.Burst.CodeGen.BurstILPostProcessor
[1409/1449  0s] CopyFiles Library/ScriptAssemblies/Unity.Burst.Editor.pdb
[1410/1449  0s] CopyFiles Library/ScriptAssemblies/Unity.Netcode.PackageChecker.Editor.dll
[1411/1449  0s] CopyFiles Library/ScriptAssemblies/Unity.Netcode.PackageChecker.Editor.pdb
[1412/1449  0s] CopyFiles Library/ScriptAssemblies/Unity.Multiplayer.PlayMode.Analytics.Editor.pdb
[1413/1449  0s] CopyFiles Library/ScriptAssemblies/Unity.Multiplayer.PlayMode.Analytics.Editor.dll
[1414/1449  0s] CopyFiles Library/ScriptAssemblies/Unity.Multiplayer.Tools.NetworkProfiler.Editor.dll
[1415/1449  0s] CopyFiles Library/ScriptAssemblies/Unity.Burst.Editor.dll
[1416/1449  4s] ILPostProcess Library/Bee/artifacts/1900b0aE.dag/post-processed/BizarreChess.Editor.dll (+pdb)
Processing assembly Library/Bee/artifacts/1900b0aE.dag/BizarreChess.Editor.dll, with 126 defines and 260 references

processors: Unity.Jobs.CodeGen.JobsILPostProcessor, Unity.Multiplayer.Tools.NetStats.CodeGen.AssemblyProcessorMain, Unity.Netcode.Editor.CodeGen.INetworkMessageILPP, Unity.Netcode.Editor.CodeGen.INetworkSerializableILPP, Unity.Netcode.Editor.CodeGen.NetworkBehaviourILPP, Unity.Netcode.Editor.CodeGen.RuntimeAccessModifiersILPP, zzzUnity.Burst.CodeGen.BurstILPostProcessor

running Unity.Jobs.CodeGen.JobsILPostProcessor

running Unity.Multiplayer.Tools.NetStats.CodeGen.AssemblyProcessorMain

running Unity.Netcode.Editor.CodeGen.INetworkMessageILPP

running Unity.Netcode.Editor.CodeGen.INetworkSerializableILPP

running Unity.Netcode.Editor.CodeGen.NetworkBehaviourILPP

running Unity.Netcode.Editor.CodeGen.RuntimeAccessModifiersILPP

running zzzUnity.Burst.CodeGen.BurstILPostProcessor
[1417/1449  0s] CopyFiles Library/ScriptAssemblies/BizarreChess.Editor.pdb
[1418/1449  0s] CopyFiles Library/ScriptAssemblies/BizarreChess.Editor.dll
[1419/1449  5s] ILPostProcess Library/Bee/artifacts/1900b0aE.dag/post-processed/Unity.Multiplayer.Tools.Adapters.Ngo1WithUtp2.dll (+pdb)
Processing assembly Library/Bee/artifacts/1900b0aE.dag/Unity.Multiplayer.Tools.Adapters.Ngo1WithUtp2.dll, with 130 defines and 249 references

processors: Unity.Jobs.CodeGen.JobsILPostProcessor, Unity.Multiplayer.Tools.NetStats.CodeGen.AssemblyProcessorMain, Unity.Netcode.Editor.CodeGen.INetworkMessageILPP, Unity.Netcode.Editor.CodeGen.INetworkSerializableILPP, Unity.Netcode.Editor.CodeGen.NetworkBehaviourILPP, Unity.Netcode.Editor.CodeGen.RuntimeAccessModifiersILPP, zzzUnity.Burst.CodeGen.BurstILPostProcessor

running Unity.Jobs.CodeGen.JobsILPostProcessor

running Unity.Multiplayer.Tools.NetStats.CodeGen.AssemblyProcessorMain

running Unity.Netcode.Editor.CodeGen.INetworkMessageILPP

running Unity.Netcode.Editor.CodeGen.INetworkSerializableILPP

running Unity.Netcode.Editor.CodeGen.NetworkBehaviourILPP

running Unity.Netcode.Editor.CodeGen.RuntimeAccessModifiersILPP

running zzzUnity.Burst.CodeGen.BurstILPostProcessor
[1422/1449  3s] ILPostProcess Library/Bee/artifacts/1900b0aE.dag/post-processed/com.unity.multiplayer.tools.window.dll (+pdb)
Processing assembly Library/Bee/artifacts/1900b0aE.dag/com.unity.multiplayer.tools.window.dll, with 129 defines and 260 references

processors: Unity.Jobs.CodeGen.JobsILPostProcessor, Unity.Multiplayer.Tools.NetStats.CodeGen.AssemblyProcessorMain, Unity.Netcode.Editor.CodeGen.INetworkMessageILPP, Unity.Netcode.Editor.CodeGen.INetworkSerializableILPP, Unity.Netcode.Editor.CodeGen.NetworkBehaviourILPP, Unity.Netcode.Editor.CodeGen.RuntimeAccessModifiersILPP, zzzUnity.Burst.CodeGen.BurstILPostProcessor

running Unity.Jobs.CodeGen.JobsILPostProcessor

running Unity.Multiplayer.Tools.NetStats.CodeGen.AssemblyProcessorMain

running Unity.Netcode.Editor.CodeGen.INetworkMessageILPP

running Unity.Netcode.Editor.CodeGen.INetworkSerializableILPP

running Unity.Netcode.Editor.CodeGen.NetworkBehaviourILPP

running Unity.Netcode.Editor.CodeGen.RuntimeAccessModifiersILPP

running zzzUnity.Burst.CodeGen.BurstILPostProcessor
[1423/1449  5s] ILPostProcess Library/Bee/artifacts/1900b0aE.dag/post-processed/Unity.Multiplayer.Tools.Adapters.Ngo1.dll (+pdb)
Processing assembly Library/Bee/artifacts/1900b0aE.dag/Unity.Multiplayer.Tools.Adapters.Ngo1.dll, with 130 defines and 251 references

processors: Unity.Jobs.CodeGen.JobsILPostProcessor, Unity.Multiplayer.Tools.NetStats.CodeGen.AssemblyProcessorMain, Unity.Netcode.Editor.CodeGen.INetworkMessageILPP, Unity.Netcode.Editor.CodeGen.INetworkSerializableILPP, Unity.Netcode.Editor.CodeGen.NetworkBehaviourILPP, Unity.Netcode.Editor.CodeGen.RuntimeAccessModifiersILPP, zzzUnity.Burst.CodeGen.BurstILPostProcessor

running Unity.Jobs.CodeGen.JobsILPostProcessor

running Unity.Multiplayer.Tools.NetStats.CodeGen.AssemblyProcessorMain

running Unity.Netcode.Editor.CodeGen.INetworkMessageILPP

running Unity.Netcode.Editor.CodeGen.INetworkSerializableILPP

running Unity.Netcode.Editor.CodeGen.NetworkBehaviourILPP

running Unity.Netcode.Editor.CodeGen.RuntimeAccessModifiersILPP

running zzzUnity.Burst.CodeGen.BurstILPostProcessor
[1426/1449  0s] CopyFiles Library/ScriptAssemblies/com.unity.multiplayer.tools.window.pdb
[1427/1449  0s] CopyFiles Library/ScriptAssemblies/com.unity.multiplayer.tools.window.dll
[1428/1449  4s] ILPostProcess Library/Bee/artifacts/1900b0aE.dag/post-processed/Unity.Multiplayer.Widgets.Editor.dll (+pdb)
Processing assembly Library/Bee/artifacts/1900b0aE.dag/Unity.Multiplayer.Widgets.Editor.dll, with 133 defines and 266 references

processors: Unity.Jobs.CodeGen.JobsILPostProcessor, Unity.Multiplayer.Tools.NetStats.CodeGen.AssemblyProcessorMain, Unity.Netcode.Editor.CodeGen.INetworkMessageILPP, Unity.Netcode.Editor.CodeGen.INetworkSerializableILPP, Unity.Netcode.Editor.CodeGen.NetworkBehaviourILPP, Unity.Netcode.Editor.CodeGen.RuntimeAccessModifiersILPP, zzzUnity.Burst.CodeGen.BurstILPostProcessor

running Unity.Jobs.CodeGen.JobsILPostProcessor

running Unity.Multiplayer.Tools.NetStats.CodeGen.AssemblyProcessorMain

running Unity.Netcode.Editor.CodeGen.INetworkMessageILPP

running Unity.Netcode.Editor.CodeGen.INetworkSerializableILPP

running Unity.Netcode.Editor.CodeGen.NetworkBehaviourILPP

running Unity.Netcode.Editor.CodeGen.RuntimeAccessModifiersILPP

running zzzUnity.Burst.CodeGen.BurstILPostProcessor
[1429/1449  4s] ILPostProcess Library/Bee/artifacts/1900b0aE.dag/post-processed/Unity.Netcode.Editor.dll (+pdb)
Processing assembly Library/Bee/artifacts/1900b0aE.dag/Unity.Netcode.Editor.dll, with 131 defines and 260 references

processors: Unity.Jobs.CodeGen.JobsILPostProcessor, Unity.Multiplayer.Tools.NetStats.CodeGen.AssemblyProcessorMain, Unity.Netcode.Editor.CodeGen.INetworkMessageILPP, Unity.Netcode.Editor.CodeGen.INetworkSerializableILPP, Unity.Netcode.Editor.CodeGen.NetworkBehaviourILPP, Unity.Netcode.Editor.CodeGen.RuntimeAccessModifiersILPP, zzzUnity.Burst.CodeGen.BurstILPostProcessor

running Unity.Jobs.CodeGen.JobsILPostProcessor

running Unity.Multiplayer.Tools.NetStats.CodeGen.AssemblyProcessorMain

running Unity.Netcode.Editor.CodeGen.INetworkMessageILPP

running Unity.Netcode.Editor.CodeGen.INetworkSerializableILPP

running Unity.Netcode.Editor.CodeGen.NetworkBehaviourILPP

running Unity.Netcode.Editor.CodeGen.RuntimeAccessModifiersILPP

running zzzUnity.Burst.CodeGen.BurstILPostProcessor
[1430/1449  0s] CopyFiles Library/ScriptAssemblies/Unity.Multiplayer.Widgets.Editor.pdb
[1431/1449  0s] CopyFiles Library/ScriptAssemblies/Unity.Multiplayer.Widgets.Editor.dll
[1432/1449  0s] CopyFiles Library/ScriptAssemblies/Unity.Netcode.Editor.pdb
[1433/1449  0s] CopyFiles Library/ScriptAssemblies/Unity.Netcode.Editor.dll
[1434/1449  5s] ILPostProcess Library/Bee/artifacts/1900b0aE.dag/post-processed/Unity.Multiplayer.Center.NetcodeForGameObjectsExample.dll (+pdb)
Processing assembly Library/Bee/artifacts/1900b0aE.dag/Unity.Multiplayer.Center.NetcodeForGameObjectsExample.dll, with 132 defines and 251 references

processors: Unity.Jobs.CodeGen.JobsILPostProcessor, Unity.Multiplayer.Tools.NetStats.CodeGen.AssemblyProcessorMain, Unity.Netcode.Editor.CodeGen.INetworkMessageILPP, Unity.Netcode.Editor.CodeGen.INetworkSerializableILPP, Unity.Netcode.Editor.CodeGen.NetworkBehaviourILPP, Unity.Netcode.Editor.CodeGen.RuntimeAccessModifiersILPP, zzzUnity.Burst.CodeGen.BurstILPostProcessor

running Unity.Jobs.CodeGen.JobsILPostProcessor

running Unity.Multiplayer.Tools.NetStats.CodeGen.AssemblyProcessorMain

running Unity.Netcode.Editor.CodeGen.INetworkMessageILPP

running Unity.Netcode.Editor.CodeGen.INetworkSerializableILPP

running Unity.Netcode.Editor.CodeGen.NetworkBehaviourILPP

running Unity.Netcode.Editor.CodeGen.RuntimeAccessModifiersILPP

running zzzUnity.Burst.CodeGen.BurstILPostProcessor
[1437/1449  4s] ILPostProcess Library/Bee/artifacts/1900b0aE.dag/post-processed/Unity.Multiplayer.Center.Integrations.dll (+pdb)
Processing assembly Library/Bee/artifacts/1900b0aE.dag/Unity.Multiplayer.Center.Integrations.dll, with 136 defines and 260 references

processors: Unity.Jobs.CodeGen.JobsILPostProcessor, Unity.Multiplayer.Tools.NetStats.CodeGen.AssemblyProcessorMain, Unity.Netcode.Editor.CodeGen.INetworkMessageILPP, Unity.Netcode.Editor.CodeGen.INetworkSerializableILPP, Unity.Netcode.Editor.CodeGen.NetworkBehaviourILPP, Unity.Netcode.Editor.CodeGen.RuntimeAccessModifiersILPP, zzzUnity.Burst.CodeGen.BurstILPostProcessor

running Unity.Jobs.CodeGen.JobsILPostProcessor

running Unity.Multiplayer.Tools.NetStats.CodeGen.AssemblyProcessorMain

running Unity.Netcode.Editor.CodeGen.INetworkMessageILPP

running Unity.Netcode.Editor.CodeGen.INetworkSerializableILPP

running Unity.Netcode.Editor.CodeGen.NetworkBehaviourILPP

running Unity.Netcode.Editor.CodeGen.RuntimeAccessModifiersILPP

running zzzUnity.Burst.CodeGen.BurstILPostProcessor
[1438/1449  6s] ILPostProcess Library/Bee/artifacts/1900b0aE.dag/post-processed/Unity.Services.Multiplayer.dll (+pdb)
Processing assembly Library/Bee/artifacts/1900b0aE.dag/Unity.Services.Multiplayer.dll, with 130 defines and 255 references

processors: Unity.Jobs.CodeGen.JobsILPostProcessor, Unity.Multiplayer.Tools.NetStats.CodeGen.AssemblyProcessorMain, Unity.Netcode.Editor.CodeGen.INetworkMessageILPP, Unity.Netcode.Editor.CodeGen.INetworkSerializableILPP, Unity.Netcode.Editor.CodeGen.NetworkBehaviourILPP, Unity.Netcode.Editor.CodeGen.RuntimeAccessModifiersILPP, zzzUnity.Burst.CodeGen.BurstILPostProcessor

running Unity.Jobs.CodeGen.JobsILPostProcessor

running Unity.Multiplayer.Tools.NetStats.CodeGen.AssemblyProcessorMain

running Unity.Netcode.Editor.CodeGen.INetworkMessageILPP

running Unity.Netcode.Editor.CodeGen.INetworkSerializableILPP

running Unity.Netcode.Editor.CodeGen.NetworkBehaviourILPP

running Unity.Netcode.Editor.CodeGen.RuntimeAccessModifiersILPP

running zzzUnity.Burst.CodeGen.BurstILPostProcessor
[1439/1449  0s] CopyFiles Library/ScriptAssemblies/Unity.Multiplayer.Center.Integrations.pdb
[1440/1449  0s] CopyFiles Library/ScriptAssemblies/Unity.Services.Multiplayer.pdb
[1441/1449  0s] CopyFiles Library/ScriptAssemblies/Unity.Multiplayer.Center.Integrations.dll
[1442/1449  5s] ILPostProcess Library/Bee/artifacts/1900b0aE.dag/post-processed/BizarreChess.dll (+pdb)
Processing assembly Library/Bee/artifacts/1900b0aE.dag/BizarreChess.dll, with 128 defines and 256 references

processors: Unity.Jobs.CodeGen.JobsILPostProcessor, Unity.Multiplayer.Tools.NetStats.CodeGen.AssemblyProcessorMain, Unity.Netcode.Editor.CodeGen.INetworkMessageILPP, Unity.Netcode.Editor.CodeGen.INetworkSerializableILPP, Unity.Netcode.Editor.CodeGen.NetworkBehaviourILPP, Unity.Netcode.Editor.CodeGen.RuntimeAccessModifiersILPP, zzzUnity.Burst.CodeGen.BurstILPostProcessor

running Unity.Jobs.CodeGen.JobsILPostProcessor

running Unity.Multiplayer.Tools.NetStats.CodeGen.AssemblyProcessorMain

running Unity.Netcode.Editor.CodeGen.INetworkMessageILPP

running Unity.Netcode.Editor.CodeGen.INetworkSerializableILPP

running Unity.Netcode.Editor.CodeGen.NetworkBehaviourILPP

running Unity.Netcode.Editor.CodeGen.RuntimeAccessModifiersILPP

running zzzUnity.Burst.CodeGen.BurstILPostProcessor
[1443/1449  0s] CopyFiles Library/ScriptAssemblies/BizarreChess.pdb
[1444/1449  0s] CopyFiles Library/ScriptAssemblies/Unity.Services.Multiplayer.dll
[1445/1449  0s] CopyFiles Library/ScriptAssemblies/BizarreChess.dll
[1446/1449  6s] ILPostProcess Library/Bee/artifacts/1900b0aE.dag/post-processed/Unity.Netcode.Runtime.dll (+pdb)
Processing assembly Library/Bee/artifacts/1900b0aE.dag/Unity.Netcode.Runtime.dll, with 137 defines and 256 references

processors: Unity.Jobs.CodeGen.JobsILPostProcessor, Unity.Multiplayer.Tools.NetStats.CodeGen.AssemblyProcessorMain, Unity.Netcode.Editor.CodeGen.INetworkMessageILPP, Unity.Netcode.Editor.CodeGen.INetworkSerializableILPP, Unity.Netcode.Editor.CodeGen.NetworkBehaviourILPP, Unity.Netcode.Editor.CodeGen.RuntimeAccessModifiersILPP, zzzUnity.Burst.CodeGen.BurstILPostProcessor

running Unity.Jobs.CodeGen.JobsILPostProcessor

running Unity.Multiplayer.Tools.NetStats.CodeGen.AssemblyProcessorMain

running Unity.Netcode.Editor.CodeGen.INetworkMessageILPP

running Unity.Netcode.Editor.CodeGen.INetworkSerializableILPP

running Unity.Netcode.Editor.CodeGen.NetworkBehaviourILPP

running Unity.Netcode.Editor.CodeGen.RuntimeAccessModifiersILPP

running zzzUnity.Burst.CodeGen.BurstILPostProcessor
[1447/1449  0s] CopyFiles Library/ScriptAssemblies/Unity.Netcode.Runtime.pdb
[1448/1449  0s] CopyFiles Library/ScriptAssemblies/Unity.Netcode.Runtime.dll
*** Tundra build success (24.68 seconds), 901 items updated, 1449 evaluated
Assets\Scripts\Networking\NetworkedGameState.cs(299,20): warning CS0618: 'ServerRpcAttribute.RequireOwnership' is obsolete: 'ServerRpc with RequireOwnership is deprecated. Use [Rpc(SendTo.Server, InvokePermission = RpcInvokePermission.Everyone)] or [Rpc(SendTo.Server, InvokePermission = RpcInvokePermission.Owner)] instead.)]'
Assets\Scripts\Networking\NetworkedGameState.cs(366,20): warning CS0618: 'ServerRpcAttribute.RequireOwnership' is obsolete: 'ServerRpc with RequireOwnership is deprecated. Use [Rpc(SendTo.Server, InvokePermission = RpcInvokePermission.Everyone)] or [Rpc(SendTo.Server, InvokePermission = RpcInvokePermission.Owner)] instead.)]'
Assets\Scripts\Networking\NetworkedGameState.cs(393,20): warning CS0618: 'ServerRpcAttribute.RequireOwnership' is obsolete: 'ServerRpc with RequireOwnership is deprecated. Use [Rpc(SendTo.Server, InvokePermission = RpcInvokePermission.Everyone)] or [Rpc(SendTo.Server, InvokePermission = RpcInvokePermission.Owner)] instead.)]'
Assets\Scripts\Networking\NetworkedGameState.cs(415,20): warning CS0618: 'ServerRpcAttribute.RequireOwnership' is obsolete: 'ServerRpc with RequireOwnership is deprecated. Use [Rpc(SendTo.Server, InvokePermission = RpcInvokePermission.Everyone)] or [Rpc(SendTo.Server, InvokePermission = RpcInvokePermission.Owner)] instead.)]'
Assets\Scripts\Networking\NetworkedGameState.cs(459,20): warning CS0618: 'ServerRpcAttribute.RequireOwnership' is obsolete: 'ServerRpc with RequireOwnership is deprecated. Use [Rpc(SendTo.Server, InvokePermission = RpcInvokePermission.Everyone)] or [Rpc(SendTo.Server, InvokePermission = RpcInvokePermission.Owner)] instead.)]'
Assets\Scripts\Networking\NetworkedGameState.cs(481,20): warning CS0618: 'ServerRpcAttribute.RequireOwnership' is obsolete: 'ServerRpc with RequireOwnership is deprecated. Use [Rpc(SendTo.Server, InvokePermission = RpcInvokePermission.Everyone)] or [Rpc(SendTo.Server, InvokePermission = RpcInvokePermission.Owner)] instead.)]'
Assets\Scripts\Networking\NetworkedGameState.cs(499,20): warning CS0618: 'ServerRpcAttribute.RequireOwnership' is obsolete: 'ServerRpc with RequireOwnership is deprecated. Use [Rpc(SendTo.Server, InvokePermission = RpcInvokePermission.Everyone)] or [Rpc(SendTo.Server, InvokePermission = RpcInvokePermission.Owner)] instead.)]'
Assets\Scripts\Core\Player\PlayerColors.cs(84,29): warning CS0414: The field 'PlayerColors._initialized' is assigned but its value is never used
AssetDatabase: script compilation time: 53.408743s
Begin MonoManager ReloadAssembly
- Loaded All Assemblies, in  5.550 seconds
Start importing ProjectSettings/ProjectSettings.asset using Guid(00000000000000004000000000000000) (LibraryAssetImporter) -> (artifact id: '27e5c6bafd7a536638a794d4dfaa33ff') in 0.0121498 seconds
Refreshing native plugins compatible for Editor in 3.30 ms, found 2 plugins.
Native extension for WindowsStandalone target not found
Native extension for WebGL target not found
Refreshing native plugins compatible for Editor in 3.00 ms, found 2 plugins.
[Licensing::Client] Successfully resolved entitlement details
Mono: successfully reloaded assembly
- Finished resetting the current domain, in  2.580 seconds
Domain Reload Profiling: 8126ms
	BeginReloadAssembly (240ms)
		ExecutionOrderSort (0ms)
		DisableScriptedObjects (8ms)
		BackupInstance (0ms)
		ReleaseScriptingObjects (0ms)
		CreateAndSetChildDomain (128ms)
	RebuildCommonClasses (26ms)
	RebuildNativeTypeToScriptingClass (8ms)
	initialDomainReloadingComplete (38ms)
	LoadAllAssembliesAndSetupDomain (5233ms)
		LoadAssemblies (5169ms)
		RebuildTransferFunctionScriptingTraits (0ms)
		AnalyzeDomain (137ms)
			TypeCache.Refresh (93ms)
				TypeCache.ScanAssembly (82ms)
			BuildScriptInfoCaches (40ms)
			ResolveRequiredComponents (3ms)
	FinalizeReload (2580ms)
		ReleaseScriptCaches (0ms)
		RebuildScriptCaches (0ms)
		SetupLoadedEditorAssemblies (2494ms)
			LogAssemblyErrors (0ms)
			InitializePlatformSupportModulesInManaged (25ms)
			SetLoadedEditorAssemblies (6ms)
			BeforeProcessingInitializeOnLoad (132ms)
			ProcessInitializeOnLoadAttributes (1743ms)
			ProcessInitializeOnLoadMethodAttributes (583ms)
			AfterProcessingInitializeOnLoad (5ms)
			EditorAssembliesLoaded (1ms)
		ExecutionOrderSort2 (0ms)
		AwakeInstancesAfterBackupRestoration (5ms)
Start importing Assets/README_BizarreChess.md using Guid(ce6bcb7601b7d8840953b012483fff12) (TextScriptImporter) -> (artifact id: 'e82cf7392014ad0b1d6dfcffbdee75dc') in 0.0026178 seconds
Refreshing native plugins compatible for Editor in 3.26 ms, found 2 plugins.
Preloading 1 native plugins for Editor in 0.05 ms.
Asset Pipeline Refresh (id=b6fc4133c1664c64b9efc44348292b98): Total: 62.313 seconds - Initiated by InitialRefreshV2(ForceSynchronousImport)
	Summary:
		Imports: total=2 (actual=2, local cache=0, cache server=0)
		Asset DB Process Time: managed=2 ms, native=3086 ms
		Asset DB Callback time: managed=194 ms, native=7 ms
		Scripting: domain reloads=1, domain reload time=5551 ms, compile time=53410 ms, other=60 ms
		Project Asset Count: scripts=1479, non-scripts=905
		Asset File Changes: new=1, changed=4, moved=0, deleted=0
		Scan Filter Count: 0
	InvokeCustomDependenciesCallbacks: 0.001ms
	InvokePackagesCallback: 1.438ms
	ApplyChangesToAssetFolders: 0.337ms
	Scan: 235.605ms
	OnSourceAssetsModified: 1.075ms
	CategorizeAssetsWithTransientArtifact: 28.558ms
	ProcessAssetsWithTransientArtifactChanges: 52.729ms
	CategorizeAssets: 19.141ms
	ImportOutOfDateAssets: 2615.404ms (-50817.803ms without children)
		ImportManagerImport: 20.067ms (4.339ms without children)
			ImportInProcess: 15.682ms
			UpdateCategorizedAssets: 0.046ms
		CompileScripts: 53410.393ms
		ReloadNativeAssets: 0.011ms
		UnloadImportedAssets: 1.762ms
		ReloadImportedAssets: 0.000ms
		EnsureUptoDateAssetsAreRegisteredWithGuidPM: 0.551ms
		InitializingProgressBar: 0.008ms
		PostProcessAllAssetNotificationsAddChangedAssets: 0.001ms
		OnDemandSchedulerStart: 0.414ms
	PostProcessAllAssets: 190.295ms
	Hotreload: 10.654ms
	GatherAllCurrentPrimaryArtifactRevisions: 0.001ms
	UnloadStreamsBegin: 0.307ms
	PersistCurrentRevisions: 0.124ms
	UnloadStreamsEnd: 0.001ms
	GenerateScriptTypeHashes: 2.148ms
	Untracked: 59157.335ms

Application.AssetDatabase Initial Refresh End
Scanning for USB devices : 10.664ms
Initializing Unity extensions:
[Licensing::Client] Successfully resolved entitlement details
[MODES] ModeService[none].Initialize
[MODES] ModeService[none].LoadModes
[MODES] Loading mode Default (0) for mode-current-id-BizarreChess
Unloading 6 Unused Serialized files (Serialized files now loaded: 0)
Unloading 6666 unused Assets / (3.5 MB). Loaded Objects now: 7186.
Memory consumption went from 163.4 MB to 159.9 MB.
Total: 8.729600 ms (FindLiveObjects: 0.436600 ms CreateObjectMapping: 0.450600 ms MarkObjects: 5.784900 ms  DeleteObjects: 2.056600 ms)

[MeshBakeEditor] Starting bake of default chess pieces...
UnityEngine.Debug:ExtractStackTraceNoAlloc (byte*,int,string)
UnityEngine.StackTraceUtility:ExtractStackTrace ()
UnityEngine.DebugLogHandler:Internal_Log (UnityEngine.LogType,UnityEngine.LogOption,string,UnityEngine.Object)
UnityEngine.DebugLogHandler:LogFormat (UnityEngine.LogType,UnityEngine.Object,string,object[])
UnityEngine.Logger:Log (UnityEngine.LogType,object)
UnityEngine.Debug:Log (object)
BizarreChess.Editor.MeshBakeEditor:BakeDefaultPieces () (at Assets/Scripts/Editor/MeshBakeEditor.cs:68)
BizarreChess.Editor.MeshBakeEditor:BakeAllMeshesNow () (at Assets/Scripts/Editor/MeshBakeEditor.cs:22)
BizarreChess.Editor.WebGLBuilder:Build () (at Assets/Scripts/Editor/WebGLBuilder.cs:23)

(Filename: Assets/Scripts/Editor/MeshBakeEditor.cs Line: 68)

[MeshBakeEditor] Baked: King
UnityEngine.Debug:ExtractStackTraceNoAlloc (byte*,int,string)
UnityEngine.StackTraceUtility:ExtractStackTrace ()
UnityEngine.DebugLogHandler:Internal_Log (UnityEngine.LogType,UnityEngine.LogOption,string,UnityEngine.Object)
UnityEngine.DebugLogHandler:LogFormat (UnityEngine.LogType,UnityEngine.Object,string,object[])
UnityEngine.Logger:Log (UnityEngine.LogType,object)
UnityEngine.Debug:Log (object)
BizarreChess.Editor.MeshBakeEditor:BakeDefaultPieces () (at Assets/Scripts/Editor/MeshBakeEditor.cs:84)
BizarreChess.Editor.MeshBakeEditor:BakeAllMeshesNow () (at Assets/Scripts/Editor/MeshBakeEditor.cs:22)
BizarreChess.Editor.WebGLBuilder:Build () (at Assets/Scripts/Editor/WebGLBuilder.cs:23)

(Filename: Assets/Scripts/Editor/MeshBakeEditor.cs Line: 84)

[MeshBakeEditor] Baked: Queen
UnityEngine.Debug:ExtractStackTraceNoAlloc (byte*,int,string)
UnityEngine.StackTraceUtility:ExtractStackTrace ()
UnityEngine.DebugLogHandler:Internal_Log (UnityEngine.LogType,UnityEngine.LogOption,string,UnityEngine.Object)
UnityEngine.DebugLogHandler:LogFormat (UnityEngine.LogType,UnityEngine.Object,string,object[])
UnityEngine.Logger:Log (UnityEngine.LogType,object)
UnityEngine.Debug:Log (object)
BizarreChess.Editor.MeshBakeEditor:BakeDefaultPieces () (at Assets/Scripts/Editor/MeshBakeEditor.cs:84)
BizarreChess.Editor.MeshBakeEditor:BakeAllMeshesNow () (at Assets/Scripts/Editor/MeshBakeEditor.cs:22)
BizarreChess.Editor.WebGLBuilder:Build () (at Assets/Scripts/Editor/WebGLBuilder.cs:23)

(Filename: Assets/Scripts/Editor/MeshBakeEditor.cs Line: 84)

[MeshBakeEditor] Baked: Rook
UnityEngine.Debug:ExtractStackTraceNoAlloc (byte*,int,string)
UnityEngine.StackTraceUtility:ExtractStackTrace ()
UnityEngine.DebugLogHandler:Internal_Log (UnityEngine.LogType,UnityEngine.LogOption,string,UnityEngine.Object)
UnityEngine.DebugLogHandler:LogFormat (UnityEngine.LogType,UnityEngine.Object,string,object[])
UnityEngine.Logger:Log (UnityEngine.LogType,object)
UnityEngine.Debug:Log (object)
BizarreChess.Editor.MeshBakeEditor:BakeDefaultPieces () (at Assets/Scripts/Editor/MeshBakeEditor.cs:84)
BizarreChess.Editor.MeshBakeEditor:BakeAllMeshesNow () (at Assets/Scripts/Editor/MeshBakeEditor.cs:22)
BizarreChess.Editor.WebGLBuilder:Build () (at Assets/Scripts/Editor/WebGLBuilder.cs:23)

(Filename: Assets/Scripts/Editor/MeshBakeEditor.cs Line: 84)

[MeshBakeEditor] Baked: Bishop
UnityEngine.Debug:ExtractStackTraceNoAlloc (byte*,int,string)
UnityEngine.StackTraceUtility:ExtractStackTrace ()
UnityEngine.DebugLogHandler:Internal_Log (UnityEngine.LogType,UnityEngine.LogOption,string,UnityEngine.Object)
UnityEngine.DebugLogHandler:LogFormat (UnityEngine.LogType,UnityEngine.Object,string,object[])
UnityEngine.Logger:Log (UnityEngine.LogType,object)
UnityEngine.Debug:Log (object)
BizarreChess.Editor.MeshBakeEditor:BakeDefaultPieces () (at Assets/Scripts/Editor/MeshBakeEditor.cs:84)
BizarreChess.Editor.MeshBakeEditor:BakeAllMeshesNow () (at Assets/Scripts/Editor/MeshBakeEditor.cs:22)
BizarreChess.Editor.WebGLBuilder:Build () (at Assets/Scripts/Editor/WebGLBuilder.cs:23)

(Filename: Assets/Scripts/Editor/MeshBakeEditor.cs Line: 84)

[MeshBakeEditor] Baked: Knight
UnityEngine.Debug:ExtractStackTraceNoAlloc (byte*,int,string)
UnityEngine.StackTraceUtility:ExtractStackTrace ()
UnityEngine.DebugLogHandler:Internal_Log (UnityEngine.LogType,UnityEngine.LogOption,string,UnityEngine.Object)
UnityEngine.DebugLogHandler:LogFormat (UnityEngine.LogType,UnityEngine.Object,string,object[])
UnityEngine.Logger:Log (UnityEngine.LogType,object)
UnityEngine.Debug:Log (object)
BizarreChess.Editor.MeshBakeEditor:BakeDefaultPieces () (at Assets/Scripts/Editor/MeshBakeEditor.cs:84)
BizarreChess.Editor.MeshBakeEditor:BakeAllMeshesNow () (at Assets/Scripts/Editor/MeshBakeEditor.cs:22)
BizarreChess.Editor.WebGLBuilder:Build () (at Assets/Scripts/Editor/WebGLBuilder.cs:23)

(Filename: Assets/Scripts/Editor/MeshBakeEditor.cs Line: 84)

[MeshBakeEditor] Baked: Pawn
UnityEngine.Debug:ExtractStackTraceNoAlloc (byte*,int,string)
UnityEngine.StackTraceUtility:ExtractStackTrace ()
UnityEngine.DebugLogHandler:Internal_Log (UnityEngine.LogType,UnityEngine.LogOption,string,UnityEngine.Object)
UnityEngine.DebugLogHandler:LogFormat (UnityEngine.LogType,UnityEngine.Object,string,object[])
UnityEngine.Logger:Log (UnityEngine.LogType,object)
UnityEngine.Debug:Log (object)
BizarreChess.Editor.MeshBakeEditor:BakeDefaultPieces () (at Assets/Scripts/Editor/MeshBakeEditor.cs:84)
BizarreChess.Editor.MeshBakeEditor:BakeAllMeshesNow () (at Assets/Scripts/Editor/MeshBakeEditor.cs:22)
BizarreChess.Editor.WebGLBuilder:Build () (at Assets/Scripts/Editor/WebGLBuilder.cs:23)

(Filename: Assets/Scripts/Editor/MeshBakeEditor.cs Line: 84)

[MeshBakeEditor] Baked: Lancer
UnityEngine.Debug:ExtractStackTraceNoAlloc (byte*,int,string)
UnityEngine.StackTraceUtility:ExtractStackTrace ()
UnityEngine.DebugLogHandler:Internal_Log (UnityEngine.LogType,UnityEngine.LogOption,string,UnityEngine.Object)
UnityEngine.DebugLogHandler:LogFormat (UnityEngine.LogType,UnityEngine.Object,string,object[])
UnityEngine.Logger:Log (UnityEngine.LogType,object)
UnityEngine.Debug:Log (object)
BizarreChess.Editor.MeshBakeEditor:BakeDefaultPieces () (at Assets/Scripts/Editor/MeshBakeEditor.cs:84)
BizarreChess.Editor.MeshBakeEditor:BakeAllMeshesNow () (at Assets/Scripts/Editor/MeshBakeEditor.cs:22)
BizarreChess.Editor.WebGLBuilder:Build () (at Assets/Scripts/Editor/WebGLBuilder.cs:23)

(Filename: Assets/Scripts/Editor/MeshBakeEditor.cs Line: 84)

[MeshBakeEditor] Baked: Camel
UnityEngine.Debug:ExtractStackTraceNoAlloc (byte*,int,string)
UnityEngine.StackTraceUtility:ExtractStackTrace ()
UnityEngine.DebugLogHandler:Internal_Log (UnityEngine.LogType,UnityEngine.LogOption,string,UnityEngine.Object)
UnityEngine.DebugLogHandler:LogFormat (UnityEngine.LogType,UnityEngine.Object,string,object[])
UnityEngine.Logger:Log (UnityEngine.LogType,object)
UnityEngine.Debug:Log (object)
BizarreChess.Editor.MeshBakeEditor:BakeDefaultPieces () (at Assets/Scripts/Editor/MeshBakeEditor.cs:84)
BizarreChess.Editor.MeshBakeEditor:BakeAllMeshesNow () (at Assets/Scripts/Editor/MeshBakeEditor.cs:22)
BizarreChess.Editor.WebGLBuilder:Build () (at Assets/Scripts/Editor/WebGLBuilder.cs:23)

(Filename: Assets/Scripts/Editor/MeshBakeEditor.cs Line: 84)

[MeshBakeEditor] Baked: Crossbowman
UnityEngine.Debug:ExtractStackTraceNoAlloc (byte*,int,string)
UnityEngine.StackTraceUtility:ExtractStackTrace ()
UnityEngine.DebugLogHandler:Internal_Log (UnityEngine.LogType,UnityEngine.LogOption,string,UnityEngine.Object)
UnityEngine.DebugLogHandler:LogFormat (UnityEngine.LogType,UnityEngine.Object,string,object[])
UnityEngine.Logger:Log (UnityEngine.LogType,object)
UnityEngine.Debug:Log (object)
BizarreChess.Editor.MeshBakeEditor:BakeDefaultPieces () (at Assets/Scripts/Editor/MeshBakeEditor.cs:84)
BizarreChess.Editor.MeshBakeEditor:BakeAllMeshesNow () (at Assets/Scripts/Editor/MeshBakeEditor.cs:22)
BizarreChess.Editor.WebGLBuilder:Build () (at Assets/Scripts/Editor/WebGLBuilder.cs:23)

(Filename: Assets/Scripts/Editor/MeshBakeEditor.cs Line: 84)

Asset Pipeline Refresh (id=05c476cbcc4e3994e94b14a9af98187b): Total: 0.015 seconds - Initiated by RefreshV2(NoUpdateAssetOptions)
[MeshBakeEditor] Baking complete! 9 meshes baked.
UnityEngine.Debug:ExtractStackTraceNoAlloc (byte*,int,string)
UnityEngine.StackTraceUtility:ExtractStackTrace ()
UnityEngine.DebugLogHandler:Internal_Log (UnityEngine.LogType,UnityEngine.LogOption,string,UnityEngine.Object)
UnityEngine.DebugLogHandler:LogFormat (UnityEngine.LogType,UnityEngine.Object,string,object[])
UnityEngine.Logger:Log (UnityEngine.LogType,object)
UnityEngine.Debug:Log (object)
BizarreChess.Editor.MeshBakeEditor:BakeDefaultPieces () (at Assets/Scripts/Editor/MeshBakeEditor.cs:93)
BizarreChess.Editor.MeshBakeEditor:BakeAllMeshesNow () (at Assets/Scripts/Editor/MeshBakeEditor.cs:22)
BizarreChess.Editor.WebGLBuilder:Build () (at Assets/Scripts/Editor/WebGLBuilder.cs:23)

(Filename: Assets/Scripts/Editor/MeshBakeEditor.cs Line: 93)

Cancelling DisplayDialog: Mesh Baking Complete Successfully baked 9 meshes.
This should not be called in batch mode.
UnityEngine.Debug:ExtractStackTraceNoAlloc (byte*,int,string)
UnityEngine.StackTraceUtility:ExtractStackTrace ()
UnityEditor.EditorUtility:DisplayDialogImpl (string,string,string,string)
UnityEditor.EditorUtility:DisplayDialog (string,string,string,string)
UnityEditor.EditorUtility:DisplayDialog (string,string,string)
BizarreChess.Editor.MeshBakeEditor:BakeDefaultPieces () (at Assets/Scripts/Editor/MeshBakeEditor.cs:94)
BizarreChess.Editor.MeshBakeEditor:BakeAllMeshesNow () (at Assets/Scripts/Editor/MeshBakeEditor.cs:22)
BizarreChess.Editor.WebGLBuilder:Build () (at Assets/Scripts/Editor/WebGLBuilder.cs:23)

[Assets/Scripts/Editor/MeshBakeEditor.cs line 94]

[ServicesCore]: To use Unity's dashboard services, you need to link your Unity project to a project ID. To do this, go to Project Settings to select your organization, select your project and then link a project ID. You also need to make sure your organization has access to the required products. Visit https://dashboard.unity3d.com to sign up.
UnityEngine.Debug:ExtractStackTraceNoAlloc (byte*,int,string)
UnityEngine.StackTraceUtility:ExtractStackTrace ()
UnityEngine.DebugLogHandler:Internal_Log (UnityEngine.LogType,UnityEngine.LogOption,string,UnityEngine.Object)
UnityEngine.DebugLogHandler:LogFormat (UnityEngine.LogType,UnityEngine.Object,string,object[])
UnityEngine.Logger:LogWarning (string,object)
Unity.Services.Core.Internal.CoreLogger:LogWarning (object) (at ./Library/PackageCache/com.unity.services.core@874e9d230d57/Runtime/Core.Internal/Logging/CoreLogger.cs:15)
Unity.Services.Core.Editor.ProjectUnlinkBuildWarning:OnPreprocessBuild (UnityEditor.Build.Reporting.BuildReport) (at ./Library/PackageCache/com.unity.services.core@874e9d230d57/Editor/Core/Build/ProjectUnlinkBuildWarning.cs:29)
UnityEditor.Build.BuildPipelineInterfaces/<>c__DisplayClass16_0:<OnBuildPreProcess>b__1 (UnityEditor.Build.IPreprocessBuildWithReport)
UnityEditor.Build.BuildPipelineInterfaces:InvokeCallbackInterfacesPair<UnityEditor.Build.IPreprocessBuild, UnityEditor.Build.IPreprocessBuildWithReport> (System.Collections.Generic.List`1<UnityEditor.Build.IPreprocessBuild>,System.Action`1<UnityEditor.Build.IPreprocessBuild>,System.Collections.Generic.List`1<UnityEditor.Build.IPreprocessBuildWithReport>,System.Action`1<UnityEditor.Build.IPreprocessBuildWithReport>,bool)
UnityEditor.Build.BuildPipelineInterfaces:OnBuildPreProcess (UnityEditor.Build.Reporting.BuildReport)
UnityEditor.BuildPipeline:BuildPlayerInternalNoCheck (string[],string,string,UnityEditor.BuildTargetGroup,UnityEditor.BuildTarget,int,UnityEditor.BuildOptions,string[],bool)
UnityEditor.BuildPipeline:BuildPlayerInternal (string[],string,string,UnityEditor.BuildTargetGroup,UnityEditor.BuildTarget,int,UnityEditor.BuildOptions,string[])
UnityEditor.BuildPipeline:BuildPlayer (string[],string,string,UnityEditor.BuildTargetGroup,UnityEditor.BuildTarget,int,UnityEditor.BuildOptions,string[])
UnityEditor.BuildPipeline:BuildPlayer (UnityEditor.BuildPlayerOptions)
BizarreChess.Editor.WebGLBuilder:Build () (at Assets/Scripts/Editor/WebGLBuilder.cs:50)

(Filename: ./Library/PackageCache/com.unity.services.core@874e9d230d57/Editor/Core/Build/ProjectUnlinkBuildWarning.cs Line: 29)

Launched and connected shader compiler UnityShaderCompiler.exe after 0.01 seconds
Starting: C:\Program Files\Unity\Hub\Editor\6000.1.8f1\Editor\Data\bee_backend.exe --ipc --defer-dag-verification --dagfile="Library/Bee/1900b0aESkipCompile.dag" --continue-on-failure --profile="Library/Bee/backend1.traceevents" ScriptAssembliesAndTypeDB
WorkingDir: C:/Repos/BizarreChess2
ExitCode: 4 Duration: 0s50ms
[             ] Require frontend run.  Library/Bee/1900b0aESkipCompile.dag couldn't be loaded
Starting: C:\Program Files\Unity\Hub\Editor\6000.1.8f1\Editor\Data\Tools\netcorerun\netcorerun.exe "C:\Program Files\Unity\Hub\Editor\6000.1.8f1\Editor\Data\Tools\BuildPipeline\ScriptCompilationBuildProgram.exe" "Library/Bee/1900b0aESkipCompile.dag.json" "Library/Bee/1900b0aESkipCompile-inputdata.json" "Library\Bee\buildprogram0.traceevents"
WorkingDir: C:/Repos/BizarreChess2
ExitCode: 0 Duration: 0s188ms
Starting: C:\Program Files\Unity\Hub\Editor\6000.1.8f1\Editor\Data\bee_backend.exe --ipc --defer-dag-verification --dagfile="Library/Bee/1900b0aESkipCompile.dag" --continue-on-failure --dagfilejson="Library\Bee\1900b0aESkipCompile.dag.json" --profile="Library/Bee/backend2.traceevents" ScriptAssembliesAndTypeDB
WorkingDir: C:/Repos/BizarreChess2
ExitCode: 0 Duration: 1s172ms
Finished compiling graph: 5 nodes, 7 flattened edges (7 ToBuild, 0 ToUse), maximum node priority 5
[2/4        0s] WriteResponseFile Library/Bee/artifacts/rsp/6097564273297756792.rsp
[3/4        1s] BuildPlayerDataGenerator Library/BuildPlayerData/Editor/TypeDb-All.json
*** Tundra build success (1.15 seconds), 2 items updated, 4 evaluated
Start importing Assets/Resources/PerformanceTestRunInfo.json using Guid(40bf1cf249bbc0b469763d2449146506) (TextScriptImporter) -> (artifact id: 'aa7a2f43ad8185395897cfedd0fbbd92') in 0.0087664 seconds
Start importing Assets/Resources/PerformanceTestRunSettings.json using Guid(f8bdf9313aaa7554d9e14128b054a1ce) (TextScriptImporter) -> (artifact id: 'ea678395b6c85a5d1e63f6a887677d20') in 0.0068221 seconds
Refreshing native plugins compatible for Editor in 3.24 ms, found 2 plugins.
Preloading 1 native plugins for Editor in 0.06 ms.
Asset Pipeline Refresh (id=fbf7e0d39dddf764f8cbef3ccc026e2d): Total: 0.050 seconds - Initiated by RefreshV2(NoUpdateAssetOptions)
[ScriptCompilation] Requested script compilation because: Recompiling scripts for player build.
BuildPlayer: start building target 20
Starting: C:\Program Files\Unity\Hub\Editor\6000.1.8f1\Editor\Data\bee_backend.exe --ipc --defer-dag-verification --dagfile="Library/Bee/2000b0aP.dag" --continue-on-failure --profile="Library/Bee/backend1.traceevents" ScriptAssembliesAndTypeDB
WorkingDir: C:/Repos/BizarreChess2
ExitCode: 4 Duration: 0s29ms
[             ] Require frontend run.  Library/Bee/2000b0aP.dag couldn't be loaded
Total cache size 259618324
Total cache size after purge 259618324, took 00:00:00.2363506
Starting: C:\Program Files\Unity\Hub\Editor\6000.1.8f1\Editor\Data\Tools\netcorerun\netcorerun.exe "C:\Program Files\Unity\Hub\Editor\6000.1.8f1\Editor\Data\Tools\BuildPipeline\ScriptCompilationBuildProgram.exe" "Library/Bee/2000b0aP.dag.json" "Library/Bee/2000b0aP-inputdata.json" "Library\Bee\buildprogram0.traceevents"
WorkingDir: C:/Repos/BizarreChess2
ExitCode: 0 Duration: 0s451ms
Starting: C:\Program Files\Unity\Hub\Editor\6000.1.8f1\Editor\Data\bee_backend.exe --ipc --defer-dag-verification --dagfile="Library/Bee/2000b0aP.dag" --continue-on-failure --dagfilejson="Library\Bee\2000b0aP.dag.json" --profile="Library/Bee/backend2.traceevents" ScriptAssembliesAndTypeDB
WorkingDir: C:/Repos/BizarreChess2
ExitCode: 0 Duration: 15s
Finished compiling graph: 979 nodes, 14702 flattened edges (10790 ToBuild, 160 ToUse), maximum node priority 957
[123/978    0s] WriteText Library/Bee/artifacts/WebGL_CodeGen/UnityEngine.TestRunner.rsp2
[124/978    0s] WriteText Library/Bee/artifacts/WebGL_CodeGen/UnityEditor.UI.rsp2
[126/978    0s] WriteText Library/Bee/artifacts/WebGL_CodeGen/UnityEditor.TestRunner.UnityAdditionalFile.txt
[127/978    0s] WriteText Library/Bee/artifacts/WebGL_CodeGen/UnityEngine.TestRunner.UnityAdditionalFile.txt
[128/978    0s] WriteText Library/Bee/artifacts/WebGL_CodeGen/UnityEditor.UI.UnityAdditionalFile.txt
[129/978    0s] WriteText Library/Bee/artifacts/WebGL_CodeGen/UnityEngine.UI.UnityAdditionalFile.txt
[130/978    0s] WriteText Library/Bee/artifacts/WebGL_CodeGen/UnityEditor.TestRunner.rsp2
[131/978    0s] WriteText Library/Bee/artifacts/WebGL_CodeGen/UnityEngine.TestRunner.rsp
[132/978    0s] WriteText Library/Bee/artifacts/WebGL_CodeGen/UnityEditor.TestRunner.rsp
[133/978    0s] WriteText Library/Bee/artifacts/WebGL_CodeGen/UnityEditor.UI.rsp
[134/978    0s] WriteText Library/Bee/artifacts/WebGL_CodeGen/UnityEditor.UI.dll.mvfrm.rsp
[135/978    0s] WriteText Library/Bee/artifacts/WebGL_CodeGen/UnityEditor.TestRunner.dll.mvfrm.rsp
[136/978    0s] WriteText Library/Bee/artifacts/2000b0aP.dag/UnityEngine.UI.rsp2
[137/978    0s] WriteText Library/Bee/artifacts/WebGL_CodeGen/Unity.Mathematics.rsp2
[138/978    0s] WriteText Library/Bee/artifacts/WebGL_CodeGen/Unity.Burst.UnityAdditionalFile.txt
[139/978    0s] WriteText Library/Bee/artifacts/WebGL_CodeGen/Unity.Burst.rsp2
[140/978    0s] WriteText Library/Bee/artifacts/WebGL_CodeGen/Unity.Mathematics.UnityAdditionalFile.txt
[141/978    0s] WriteText Library/Bee/artifacts/WebGL_CodeGen/UnityEngine.UI.rsp2
[142/978    0s] WriteText Library/Bee/artifacts/2000b0aP.dag/UnityEngine.UI.UnityAdditionalFile.txt
[143/978    0s] WriteText Library/Bee/artifacts/WebGL_CodeGen/Unity.Collections.dll.mvfrm.rsp
[144/978    0s] WriteText Library/Bee/artifacts/WebGL_CodeGen/Unity.Burst.rsp
[145/978    0s] WriteText Library/Bee/artifacts/WebGL_CodeGen/Unity.Burst.dll.mvfrm.rsp
[146/978    0s] WriteText Library/Bee/artifacts/WebGL_CodeGen/UnityEngine.TestRunner.dll.mvfrm.rsp
[147/978    0s] WriteText Library/Bee/artifacts/WebGL_CodeGen/Unity.Mathematics.rsp
[148/978    0s] WriteText Library/Bee/artifacts/WebGL_CodeGen/Unity.Multiplayer.Tools.Common.rsp2
[149/978    0s] WriteText Library/Bee/artifacts/WebGL_CodeGen/Unity.Multiplayer.Tools.Common.UnityAdditionalFile.txt
[150/978    0s] WriteText Library/Bee/artifacts/WebGL_CodeGen/Unity.Collections.rsp2
[151/978    0s] WriteText Library/Bee/artifacts/WebGL_CodeGen/Unity.Collections.UnityAdditionalFile.txt
[152/978    0s] WriteText Library/Bee/artifacts/WebGL_CodeGen/UnityEngine.UI.rsp
[153/978    0s] WriteText Library/Bee/artifacts/WebGL_CodeGen/Unity.Mathematics.dll.mvfrm.rsp
[154/978    0s] WriteText Library/Bee/artifacts/WebGL_CodeGen/UnityEngine.UI.dll.mvfrm.rsp
[155/978    0s] MovedFromExtractor Library/Bee/artifacts/mvdfrm/UnityEngine.ShaderVariantAnalyticsModule.dll_375F2B759FC22541.mvfrm
[156/978    0s] MovedFromExtractor Library/Bee/artifacts/mvdfrm/UnityEngine.SubsystemsModule.dll_FD70637F2D420B7F.mvfrm
[157/978    0s] MovedFromExtractor Library/Bee/artifacts/mvdfrm/UnityEngine.ScreenCaptureModule.dll_792DB569CDF708F3.mvfrm
[158/978    0s] MovedFromExtractor Library/Bee/artifacts/mvdfrm/UnityEngine.AccessibilityModule.dll_FF2E7EA8BA4F7C07.mvfrm
[159/978    0s] MovedFromExtractor Library/Bee/artifacts/mvdfrm/UnityEngine.PhysicsModule.dll_E642084B6CF9A350.mvfrm
[160/978    0s] MovedFromExtractor Library/Bee/artifacts/mvdfrm/UnityEngine.RuntimeInitializeOnLoadManagerInitializerModule.dll_FBD36CE746C5ED4B.mvfrm
[161/978    0s] MovedFromExtractor Library/Bee/artifacts/mvdfrm/UnityEngine.SharedInternalsModule.dll_7816DEC3FD067D6A.mvfrm
[162/978    0s] MovedFromExtractor Library/Bee/artifacts/mvdfrm/UnityEngine.PropertiesModule.dll_D6D1C9CBB075F22E.mvfrm
[163/978    0s] MovedFromExtractor Library/Bee/artifacts/mvdfrm/UnityEngine.ParticleSystemModule.dll_6630CC28039155E0.mvfrm
[164/978    0s] MovedFromExtractor-Combine Library/Bee/artifacts/WebGL_CodeGen/UnityEngine.UI.dll.mvfrm
[165/978    0s] MovedFromExtractor Library/Bee/artifacts/mvdfrm/UnityEngine.MultiplayerModule.dll_34ED6915E4833533.mvfrm
[166/978    0s] MovedFromExtractor Library/Bee/artifacts/mvdfrm/UnityEngine.Physics2DModule.dll_ACF1803867847882.mvfrm
[167/978    0s] MovedFromExtractor Library/Bee/artifacts/mvdfrm/UnityEngine.TerrainModule.dll_008883BA42B7EC3E.mvfrm
[168/978    0s] MovedFromExtractor Library/Bee/artifacts/mvdfrm/UnityEngine.StreamingModule.dll_14E07D98160F382B.mvfrm
[169/978    0s] MovedFromExtractor Library/Bee/artifacts/mvdfrm/UnityEngine.MarshallingModule.dll_5DADEB1E0FE3D50D.mvfrm
[170/978    0s] MovedFromExtractor Library/Bee/artifacts/mvdfrm/UnityEngine.PerformanceReportingModule.dll_1B53C0BD7BDDF539.mvfrm
[171/978    0s] MovedFromExtractor Library/Bee/artifacts/mvdfrm/UnityEngine.SubstanceModule.dll_F18B91E161623639.mvfrm
[172/978    0s] MovedFromExtractor-Combine Library/Bee/artifacts/WebGL_CodeGen/UnityEngine.TestRunner.dll.mvfrm
[173/978    0s] MovedFromExtractor Library/Bee/artifacts/mvdfrm/UnityEngine.SpriteMaskModule.dll_92C2FD1D5EFA236C.mvfrm
[174/978    0s] MovedFromExtractor Library/Bee/artifacts/mvdfrm/UnityEngine.SpriteShapeModule.dll_CEA679E3E15DDFC5.mvfrm
[175/978    0s] MovedFromExtractor Library/Bee/artifacts/mvdfrm/UnityEngine.TilemapModule.dll_9F84EB3B5A74CD47.mvfrm
[176/978    0s] MovedFromExtractor Library/Bee/artifacts/mvdfrm/UnityEngine.TerrainPhysicsModule.dll_66AB74FB1CD4506D.mvfrm
[177/978    0s] MovedFromExtractor Library/Bee/artifacts/mvdfrm/UnityEngine.TextRenderingModule.dll_A26D2774852E88E8.mvfrm
[178/978    0s] MovedFromExtractor Library/Bee/artifacts/mvdfrm/UnityEngine.UIModule.dll_319767EE3241FB6F.mvfrm
[179/978    0s] MovedFromExtractor Library/Bee/artifacts/mvdfrm/UnityEngine.UmbraModule.dll_BFCBB996272E0A12.mvfrm
[180/978    0s] MovedFromExtractor Library/Bee/artifacts/mvdfrm/UnityEngine.UnityConnectModule.dll_1F9FE56B40E35230.mvfrm
[181/978    0s] MovedFromExtractor Library/Bee/artifacts/mvdfrm/UnityEngine.TextCoreTextEngineModule.dll_3D281D6913D21FD6.mvfrm
[182/978    0s] MovedFromExtractor Library/Bee/artifacts/mvdfrm/UnityEngine.UnityTestProtocolModule.dll_1F7C9D36C32EF448.mvfrm
[183/978    0s] MovedFromExtractor Library/Bee/artifacts/mvdfrm/UnityEngine.UnityAnalyticsModule.dll_85D03CF1AFB8A7DC.mvfrm
[184/978    0s] MovedFromExtractor Library/Bee/artifacts/mvdfrm/UnityEngine.UnityAnalyticsCommonModule.dll_B6927E0195C69397.mvfrm
[185/978    0s] MovedFromExtractor Library/Bee/artifacts/mvdfrm/UnityEngine.TextCoreFontEngineModule.dll_F53FE6F7844E66B8.mvfrm
[186/978    0s] MovedFromExtractor Library/Bee/artifacts/mvdfrm/UnityEngine.InputModule.dll_AB6CD52E103F8343.mvfrm
[187/978    0s] MovedFromExtractor Library/Bee/artifacts/mvdfrm/UnityEngine.UnityWebRequestAudioModule.dll_9350149C0248BFD1.mvfrm
[188/978    0s] MovedFromExtractor Library/Bee/artifacts/mvdfrm/UnityEngine.UIElementsModule.dll_01AEC4E7306E4776.mvfrm
[189/978    0s] MovedFromExtractor Library/Bee/artifacts/mvdfrm/UnityEngine.UnityWebRequestAssetBundleModule.dll_15657BBB73EB4FAD.mvfrm
[190/978    0s] WriteText Library/Bee/artifacts/WebGL_CodeGen/Unity.Collections.rsp
[191/978    0s] MovedFromExtractor Library/Bee/artifacts/mvdfrm/UnityEngine.TLSModule.dll_BC7D6E37E322A024.mvfrm
[192/978    0s] MovedFromExtractor Library/Bee/artifacts/mvdfrm/UnityEngine.UnityWebRequestModule.dll_05A4A79890CD1C99.mvfrm
[193/978    0s] MovedFromExtractor Library/Bee/artifacts/mvdfrm/UnityEngine.UnityWebRequestTextureModule.dll_76A50DC4F3F5E9C6.mvfrm
[194/978    0s] MovedFromExtractor Library/Bee/artifacts/mvdfrm/UnityEngine.UnityWebRequestWWWModule.dll_07EA62C50391DC42.mvfrm
[195/978    0s] MovedFromExtractor Library/Bee/artifacts/mvdfrm/UnityEngine.VFXModule.dll_3D5C06A6B9900991.mvfrm
[196/978    0s] MovedFromExtractor Library/Bee/artifacts/mvdfrm/UnityEngine.VideoModule.dll_6A0091E85C997A44.mvfrm
[197/978    0s] MovedFromExtractor Library/Bee/artifacts/mvdfrm/UnityEngine.VehiclesModule.dll_0041B138589652B2.mvfrm
[198/978    0s] MovedFromExtractor Library/Bee/artifacts/mvdfrm/UnityEngine.VRModule.dll_84698E73D3FC80E7.mvfrm
[199/978    0s] MovedFromExtractor Library/Bee/artifacts/mvdfrm/UnityEngine.GIModule.dll_CE6012CE71A9DDDD.mvfrm
[200/978    0s] MovedFromExtractor Library/Bee/artifacts/mvdfrm/UnityEngine.GraphicsStateCollectionSerializerModule.dll_A01E32EBE4728EEF.mvfrm
[201/978    0s] MovedFromExtractor Library/Bee/artifacts/mvdfrm/UnityEngine.ImageConversionModule.dll_F4059FEE85D8821A.mvfrm
[202/978    0s] MovedFromExtractor Library/Bee/artifacts/mvdfrm/UnityEngine.GameCenterModule.dll_A9968A8D3D8A8DF2.mvfrm
[203/978    0s] MovedFromExtractor Library/Bee/artifacts/mvdfrm/UnityEngine.HotReloadModule.dll_E1944E4DA1BA9C6F.mvfrm
[204/978    0s] MovedFromExtractor Library/Bee/artifacts/mvdfrm/UnityEngine.XRModule.dll_B72851785D36CE45.mvfrm
[205/978    0s] MovedFromExtractor Library/Bee/artifacts/mvdfrm/UnityEngine.WindModule.dll_DB8C3E2A3E0BE4E3.mvfrm
[206/978    0s] MovedFromExtractor Library/Bee/artifacts/mvdfrm/UnityEngine.GridModule.dll_42AE7EEFC529FC71.mvfrm
[207/978    0s] MovedFromExtractor Library/Bee/artifacts/mvdfrm/UnityEngine.HierarchyCoreModule.dll_76491B8328FCD4FD.mvfrm
[208/978    0s] MovedFromExtractor Library/Bee/artifacts/mvdfrm/UnityEngine.InputForUIModule.dll_AC48E4A69DAB2AAE.mvfrm
[209/978    0s] WriteText Library/Bee/artifacts/WebGL_CodeGen/Unity.Multiplayer.Tools.Common.dll.mvfrm.rsp
[210/978    0s] WriteText Library/Bee/artifacts/WebGL_CodeGen/Unity.Multiplayer.Tools.Common.rsp
[211/978    0s] WriteText Library/Bee/artifacts/WebGL_CodeGen/Unity.Multiplayer.Tools.NetStats.UnityAdditionalFile.txt
[212/978    0s] WriteText Library/Bee/artifacts/WebGL_CodeGen/Unity.Multiplayer.Tools.NetStats.rsp2
[213/978    0s] WriteText Library/Bee/artifacts/2000b0aP.dag/UnityEngine.UI.dll.mvfrm.rsp
[214/978    0s] WriteText Library/Bee/artifacts/2000b0aP.dag/UnityEngine.UI.rsp
[215/978    0s] WriteText Library/Bee/artifacts/WebGL_CodeGen/Unity.Multiplayer.Tools.NetStats.dll.mvfrm.rsp
[216/978    0s] WriteText Library/Bee/artifacts/WebGL_CodeGen/Unity.Multiplayer.Tools.NetStats.rsp
[217/978    0s] WriteText Library/Bee/artifacts/WebGL_CodeGen/Unity.Multiplayer.Tools.MetricTypes.UnityAdditionalFile.txt
[218/978    0s] WriteText Library/Bee/artifacts/WebGL_CodeGen/Unity.Multiplayer.Tools.MetricTypes.rsp2
[219/978    0s] WriteText Library/Bee/artifacts/WebGL_CodeGen/Unity.Multiplayer.Tools.MetricTypes.dll.mvfrm.rsp
[220/978    0s] WriteText Library/Bee/artifacts/WebGL_CodeGen/Unity.Multiplayer.Tools.MetricTypes.rsp
[221/978    0s] WriteText Library/Bee/artifacts/WebGL_CodeGen/Unity.Multiplayer.Tools.MetricEvents.UnityAdditionalFile.txt
[222/978    0s] WriteText Library/Bee/artifacts/WebGL_CodeGen/Unity.Multiplayer.Tools.MetricEvents.rsp2
[223/978    0s] WriteText Library/Bee/artifacts/2000b0aP.dag/Unity.Burst.rsp2
[224/978    0s] WriteText Library/Bee/artifacts/2000b0aP.dag/Unity.Burst.UnityAdditionalFile.txt
[225/978    0s] WriteText Library/Bee/artifacts/2000b0aP.dag/Unity.Mathematics.UnityAdditionalFile.txt
[226/978    0s] WriteText Library/Bee/artifacts/2000b0aP.dag/Unity.Mathematics.rsp2
[227/978    0s] WriteText Library/Bee/artifacts/WebGL_CodeGen/Unity.Multiplayer.Tools.MetricEvents.dll.mvfrm.rsp
[228/978    0s] WriteText Library/Bee/artifacts/WebGL_CodeGen/Unity.Multiplayer.Tools.MetricEvents.rsp
[229/978    0s] WriteText Library/Bee/artifacts/WebGL_CodeGen/Unity.Multiplayer.Tools.NetStatsReporting.rsp2
[230/978    0s] WriteText Library/Bee/artifacts/WebGL_CodeGen/Unity.Networking.Transport.UnityAdditionalFile.txt
[231/978    0s] WriteText Library/Bee/artifacts/WebGL_CodeGen/Unity.Multiplayer.Tools.NetworkSolutionInterface.UnityAdditionalFile.txt
[232/978    0s] WriteText Library/Bee/artifacts/WebGL_CodeGen/Unity.Networking.Transport.rsp2
[233/978    0s] WriteText Library/Bee/artifacts/WebGL_CodeGen/Unity.Multiplayer.Tools.NetStatsReporting.UnityAdditionalFile.txt
[234/978    0s] WriteText Library/Bee/artifacts/WebGL_CodeGen/Unity.Multiplayer.Tools.NetworkSolutionInterface.rsp2
[235/978    0s] WriteText Library/Bee/artifacts/2000b0aP.dag/Unity.Burst.dll.mvfrm.rsp
[236/978    0s] WriteText Library/Bee/artifacts/2000b0aP.dag/Unity.Burst.rsp
[237/978    0s] WriteText Library/Bee/artifacts/2000b0aP.dag/Unity.Mathematics.dll.mvfrm.rsp
[238/978    0s] WriteText Library/Bee/artifacts/2000b0aP.dag/Unity.Mathematics.rsp
[239/978    0s] MovedFromExtractor Library/Bee/artifacts/mvdfrm/UnityEngine.InputLegacyModule.dll_468A67A7C3AD5DAC.mvfrm
[240/978    0s] WriteText Library/Bee/artifacts/2000b0aP.dag/Unity.Collections.rsp2
[241/978    0s] WriteText Library/Bee/artifacts/2000b0aP.dag/Unity.Multiplayer.Tools.Common.rsp2
[242/978    0s] MovedFromExtractor Library/Bee/artifacts/mvdfrm/UnityEngine.IMGUIModule.dll_7D56ACE46038F280.mvfrm
[243/978    0s] WriteText Library/Bee/artifacts/2000b0aP.dag/Unity.Multiplayer.Tools.Common.UnityAdditionalFile.txt
[244/978    0s] WriteText Library/Bee/artifacts/2000b0aP.dag/Unity.Services.Core.UnityAdditionalFile.txt
[245/978    0s] WriteText Library/Bee/artifacts/2000b0aP.dag/Unity.Services.Core.rsp2
[246/978    0s] WriteText Library/Bee/artifacts/WebGL_CodeGen/Unity.Multiplayer.Tools.NetStatsReporting.dll.mvfrm.rsp
[247/978    0s] WriteText Library/Bee/artifacts/WebGL_CodeGen/Unity.Multiplayer.Tools.NetworkSolutionInterface.dll.mvfrm.rsp
[248/978    0s] WriteText Library/Bee/artifacts/WebGL_CodeGen/Unity.Networking.Transport.dll.mvfrm.rsp
[249/978    0s] WriteText Library/Bee/artifacts/2000b0aP.dag/Unity.Collections.dll.mvfrm.rsp
[250/978    0s] WriteText Library/Bee/artifacts/2000b0aP.dag/Unity.Collections.rsp
[251/978    0s] WriteText Library/Bee/artifacts/WebGL_CodeGen/Unity.Multiplayer.Tools.NetStatsReporting.rsp
[252/978    0s] WriteText Library/Bee/artifacts/WebGL_CodeGen/Unity.Networking.Transport.rsp
[253/978    0s] WriteText Library/Bee/artifacts/WebGL_CodeGen/Unity.Multiplayer.Tools.NetworkSolutionInterface.rsp
[254/978    0s] WriteText Library/Bee/artifacts/2000b0aP.dag/Unity.Multiplayer.Tools.Common.dll.mvfrm.rsp
[255/978    0s] WriteText Library/Bee/artifacts/WebGL_CodeGen/Unity.Netcode.Runtime.UnityAdditionalFile.txt
[256/978    0s] WriteText Library/Bee/artifacts/2000b0aP.dag/Unity.Multiplayer.Tools.Common.rsp
[257/978    0s] WriteText Library/Bee/artifacts/2000b0aP.dag/Unity.Multiplayer.Tools.NetStats.UnityAdditionalFile.txt
[258/978    0s] WriteText Library/Bee/artifacts/2000b0aP.dag/Unity.Multiplayer.Tools.NetStats.rsp2
[259/978    0s] WriteText Library/Bee/artifacts/WebGL_CodeGen/Unity.Netcode.Runtime.rsp2
[260/978    0s] WriteText Library/Bee/artifacts/2000b0aP.dag/Unity.Services.Core.dll.mvfrm.rsp
[261/978    0s] WriteText Library/Bee/artifacts/2000b0aP.dag/Unity.Collections.UnityAdditionalFile.txt
[262/978    0s] WriteText Library/Bee/artifacts/2000b0aP.dag/Unity.Multiplayer.Tools.NetStats.dll.mvfrm.rsp
[263/978    0s] WriteText Library/Bee/artifacts/2000b0aP.dag/Unity.Multiplayer.Tools.NetStats.rsp
[264/978    0s] WriteText Library/Bee/artifacts/2000b0aP.dag/Unity.Services.Core.Internal.UnityAdditionalFile.txt
[265/978    0s] WriteText Library/Bee/artifacts/2000b0aP.dag/Unity.Services.Core.Internal.rsp2
[266/978    0s] WriteText Library/Bee/artifacts/2000b0aP.dag/Unity.Services.Core.rsp
[267/978    0s] WriteText Library/Bee/artifacts/WebGL_CodeGen/Unity.Netcode.Runtime.dll.mvfrm.rsp
[268/978    0s] WriteText Library/Bee/artifacts/WebGL_CodeGen/Unity.Netcode.Runtime.rsp
[269/978    0s] WriteText Library/Bee/artifacts/WebGL_CodeGen/Unity.Netcode.Editor.CodeGen.rsp2
[270/978    0s] WriteText Library/Bee/artifacts/WebGL_CodeGen/Unity.Burst.CodeGen.UnityAdditionalFile.txt
[271/978    0s] WriteText Library/Bee/artifacts/WebGL_CodeGen/Unity.Collections.CodeGen.UnityAdditionalFile.txt
[272/978    0s] WriteText Library/Bee/artifacts/WebGL_CodeGen/Unity.Collections.CodeGen.rsp2
[273/978    0s] WriteText Library/Bee/artifacts/WebGL_CodeGen/Unity.Multiplayer.Tools.NetStats.CodeGen.UnityAdditionalFile.txt
[274/978    0s] WriteText Library/Bee/artifacts/WebGL_CodeGen/Unity.Multiplayer.Tools.NetStats.CodeGen.rsp2
[275/978    0s] WriteText Library/Bee/artifacts/WebGL_CodeGen/Unity.Netcode.Editor.CodeGen.UnityAdditionalFile.txt
[276/978    0s] WriteText Library/Bee/artifacts/2000b0aP.dag/Unity.Multiplayer.Tools.MetricTypes.UnityAdditionalFile.txt
[277/978    0s] WriteText Library/Bee/artifacts/2000b0aP.dag/Unity.Multiplayer.Tools.MetricTypes.rsp2
[278/978    0s] WriteText Library/Bee/artifacts/2000b0aP.dag/Unity.Services.Core.Internal.dll.mvfrm.rsp
[279/978    0s] WriteText Library/Bee/artifacts/2000b0aP.dag/Unity.Services.Core.Internal.rsp
[280/978    0s] WriteText Library/Bee/artifacts/2000b0aP.dag/Unity.Multiplayer.Tools.MetricTypes.dll.mvfrm.rsp
[282/978    0s] WriteText Library/Bee/artifacts/2000b0aP.dag/Unity.Multiplayer.Tools.MetricTypes.rsp
[283/978    0s] WriteText Library/Bee/artifacts/2000b0aP.dag/Unity.Multiplayer.Tools.MetricEvents.rsp2
[284/978    0s] WriteText Library/Bee/artifacts/2000b0aP.dag/Unity.Multiplayer.Tools.MetricEvents.UnityAdditionalFile.txt
[289/978    0s] WriteText Library/Bee/artifacts/WebGL_CodeGen/Unity.Netcode.Editor.CodeGen.dll.mvfrm.rsp
[290/978    0s] WriteText Library/Bee/artifacts/WebGL_CodeGen/Unity.Burst.CodeGen.dll.mvfrm.rsp
[291/978    0s] WriteText Library/Bee/artifacts/WebGL_CodeGen/Unity.Multiplayer.Tools.NetStats.CodeGen.dll.mvfrm.rsp
[292/978    0s] WriteText Library/Bee/artifacts/WebGL_CodeGen/Unity.Collections.CodeGen.dll.mvfrm.rsp
[293/978    0s] WriteText Library/Bee/artifacts/WebGL_CodeGen/Unity.Burst.CodeGen.rsp
[294/978    0s] WriteText Library/Bee/artifacts/WebGL_CodeGen/Unity.Collections.CodeGen.rsp
[295/978    0s] WriteText Library/Bee/artifacts/WebGL_CodeGen/Unity.Netcode.Editor.CodeGen.rsp
[296/978    0s] WriteText Library/Bee/artifacts/WebGL_CodeGen/Unity.Multiplayer.Tools.NetStats.CodeGen.rsp
[297/978    0s] WriteText Library/Bee/artifacts/2000b0aP.dag/Unity.Services.Core.Environments.rsp2
[298/978    0s] WriteText Library/Bee/artifacts/2000b0aP.dag/Unity.Networking.Transport.rsp2
[299/978    0s] WriteText Library/Bee/artifacts/2000b0aP.dag/Unity.Networking.Transport.UnityAdditionalFile.txt
[300/978    0s] WriteText Library/Bee/artifacts/2000b0aP.dag/Unity.Services.Core.Environments.UnityAdditionalFile.txt
[301/978    0s] WriteText Library/Bee/artifacts/2000b0aP.dag/Unity.Multiplayer.Tools.MetricEvents.dll.mvfrm.rsp
[302/978    0s] WriteText Library/Bee/artifacts/2000b0aP.dag/Unity.Multiplayer.Tools.MetricEvents.rsp
[303/978    0s] WriteText Library/Bee/artifacts/2000b0aP.dag/Unity.Services.Core.Environments.dll.mvfrm.rsp
[304/978    0s] WriteText Library/Bee/artifacts/2000b0aP.dag/Unity.Services.Core.Environments.rsp
[305/978    0s] WriteText Library/Bee/artifacts/2000b0aP.dag/Unity.Multiplayer.Tools.NetStatsReporting.UnityAdditionalFile.txt
[306/978    0s] WriteText Library/Bee/artifacts/2000b0aP.dag/Unity.Multiplayer.Tools.NetStatsReporting.rsp2
[307/978    0s] WriteText Library/Bee/artifacts/2000b0aP.dag/Unity.Networking.Transport.dll.mvfrm.rsp
[308/978    0s] WriteText Library/Bee/artifacts/2000b0aP.dag/Unity.Multiplayer.Tools.NetworkSolutionInterface.UnityAdditionalFile.txt
[309/978    0s] WriteText Library/Bee/artifacts/2000b0aP.dag/Unity.Multiplayer.Tools.NetworkSolutionInterface.rsp2
[310/978    0s] WriteText Library/Bee/artifacts/2000b0aP.dag/Unity.Networking.Transport.rsp
[311/978    0s] WriteText Library/Bee/artifacts/2000b0aP.dag/Unity.Services.Core.Components.UnityAdditionalFile.txt
[312/978    0s] WriteText Library/Bee/artifacts/2000b0aP.dag/Unity.Services.Core.Components.rsp2
[313/978    0s] WriteText Library/Bee/artifacts/2000b0aP.dag/Unity.Multiplayer.Tools.NetStatsReporting.dll.mvfrm.rsp
[314/978    0s] WriteText Library/Bee/artifacts/2000b0aP.dag/Unity.Multiplayer.Tools.NetworkSolutionInterface.dll.mvfrm.rsp
[315/978    0s] WriteText Library/Bee/artifacts/2000b0aP.dag/Unity.Multiplayer.Tools.NetStatsReporting.rsp
[316/978    0s] WriteText Library/Bee/artifacts/2000b0aP.dag/Unity.Multiplayer.Tools.NetworkSolutionInterface.rsp
[317/978    0s] WriteText Library/Bee/artifacts/2000b0aP.dag/Unity.Netcode.Runtime.UnityAdditionalFile.txt
[318/978    0s] WriteText Library/Bee/artifacts/2000b0aP.dag/Unity.Netcode.Runtime.rsp2
[319/978    0s] WriteText Library/Bee/artifacts/2000b0aP.dag/Unity.Services.Core.Components.dll.mvfrm.rsp
[320/978    0s] WriteText Library/Bee/artifacts/2000b0aP.dag/Unity.Services.Core.Components.rsp
[321/978    0s] WriteText Library/Bee/artifacts/2000b0aP.dag/Unity.Services.Authentication.rsp2
[322/978    0s] WriteText Library/Bee/artifacts/2000b0aP.dag/Unity.Services.Authentication.UnityAdditionalFile.txt
[323/978    0s] WriteText Library/Bee/artifacts/2000b0aP.dag/Unity.Netcode.Runtime.dll.mvfrm.rsp
[324/978    0s] WriteText Library/Bee/artifacts/2000b0aP.dag/Unity.Netcode.Runtime.rsp
[325/978    0s] WriteText Library/Bee/artifacts/2000b0aP.dag/Unity.Services.QoS.rsp2
[326/978    0s] WriteText Library/Bee/artifacts/2000b0aP.dag/Unity.Services.QoS.UnityAdditionalFile.txt
[327/978    0s] WriteText Library/Bee/artifacts/2000b0aP.dag/Unity.Services.Authentication.dll.mvfrm.rsp
[328/978    0s] WriteText Library/Bee/artifacts/2000b0aP.dag/Unity.Multiplayer.Tools.Adapters.rsp2
[329/978    0s] WriteText Library/Bee/artifacts/2000b0aP.dag/Unity.Multiplayer.Tools.Adapters.UnityAdditionalFile.txt
[330/978    0s] WriteText Library/Bee/artifacts/2000b0aP.dag/Unity.Services.Authentication.rsp
[331/978    0s] WriteText Library/Bee/artifacts/2000b0aP.dag/Unity.Services.QoS.dll.mvfrm.rsp
[332/978    0s] WriteText Library/Bee/artifacts/2000b0aP.dag/Unity.Services.QoS.rsp
[333/978    0s] WriteText Library/Bee/artifacts/2000b0aP.dag/Unity.Services.Multiplayer.UnityAdditionalFile.txt
[334/978    0s] WriteText Library/Bee/artifacts/2000b0aP.dag/Unity.Services.Multiplayer.rsp2
[335/978    0s] WriteResponseFile Library/Bee/artifacts/rsp/4747638433968585886.rsp
[336/978    0s] WriteText Library/Bee/artifacts/2000b0aP.dag/Unity.Services.Vivox.rsp2
[337/978    0s] WriteText Library/Bee/artifacts/2000b0aP.dag/Unity.Services.Vivox.UnityAdditionalFile.txt
[338/978    0s] WriteText Library/Bee/artifacts/2000b0aP.dag/Unity.Multiplayer.Tools.Adapters.dll.mvfrm.rsp
[339/978    0s] WriteText Library/Bee/artifacts/2000b0aP.dag/Unity.Services.Multiplayer.dll.mvfrm.rsp
[340/978    0s] WriteText Library/Bee/artifacts/2000b0aP.dag/Unity.Multiplayer.Tools.Adapters.rsp
[341/978    0s] WriteText Library/Bee/artifacts/WebGL_CodeGen/Unity.Burst.CodeGen.rsp2
[342/978    0s] WriteText Library/Bee/artifacts/2000b0aP.dag/Unity.Services.Multiplayer.rsp
[343/978    0s] WriteText Library/Bee/artifacts/2000b0aP.dag/Unity.Services.Vivox.dll.mvfrm.rsp
[344/978    0s] WriteText Library/Bee/artifacts/2000b0aP.dag/Unity.TextMeshPro.UnityAdditionalFile.txt
[345/978    0s] WriteText Library/Bee/artifacts/2000b0aP.dag/Unity.Services.Vivox.rsp
[346/978    0s] WriteText Library/Bee/artifacts/2000b0aP.dag/Unity.Multiplayer.Tools.NetStatsMonitor.Configuration.UnityAdditionalFile.txt
[347/978    0s] WriteText Library/Bee/artifacts/2000b0aP.dag/Unity.TextMeshPro.rsp2
[348/978    0s] WriteText Library/Bee/artifacts/2000b0aP.dag/Unity.Multiplayer.Tools.NetStatsMonitor.Configuration.rsp2
[349/978    0s] WriteText Library/Bee/artifacts/2000b0aP.dag/Unity.Multiplayer.Widgets.Core.rsp2
[350/978    0s] WriteText Library/Bee/artifacts/2000b0aP.dag/Unity.Multiplayer.Widgets.Core.UnityAdditionalFile.txt
[351/978    0s] WriteText Library/Bee/artifacts/2000b0aP.dag/Unity.TextMeshPro.rsp
[352/978    0s] WriteText Library/Bee/artifacts/2000b0aP.dag/Unity.TextMeshPro.dll.mvfrm.rsp
[353/978    0s] WriteText Library/Bee/artifacts/2000b0aP.dag/Unity.Multiplayer.Widgets.Core.dll.mvfrm.rsp
[354/978    0s] WriteText Library/Bee/artifacts/2000b0aP.dag/Unity.InputSystem.UnityAdditionalFile.txt
[355/978    0s] WriteText Library/Bee/artifacts/2000b0aP.dag/Unity.Multiplayer.Tools.NetStatsMonitor.Configuration.dll.mvfrm.rsp
[356/978    0s] WriteText Library/Bee/artifacts/2000b0aP.dag/Unity.InputSystem.rsp2
[357/978    0s] WriteText Library/Bee/artifacts/2000b0aP.dag/glTFast.UnityAdditionalFile.txt
[358/978    0s] WriteText Library/Bee/artifacts/2000b0aP.dag/Unity.Multiplayer.Tools.NetStatsMonitor.Configuration.rsp
[359/978    0s] WriteText Library/Bee/artifacts/2000b0aP.dag/Unity.Multiplayer.Widgets.Core.rsp
[360/978    0s] WriteText Library/Bee/artifacts/2000b0aP.dag/glTFast.rsp2
[361/978    0s] WriteText Library/Bee/artifacts/2000b0aP.dag/Unity.Multiplayer.Tools.Adapters.Utp2.UnityAdditionalFile.txt
[362/978    0s] WriteText Library/Bee/artifacts/2000b0aP.dag/Unity.Multiplayer.Tools.Adapters.Utp2.rsp2
[363/978    0s] WriteText Library/Bee/artifacts/2000b0aP.dag/Unity.InputSystem.dll.mvfrm.rsp
[364/978    0s] WriteText Library/Bee/artifacts/2000b0aP.dag/glTFast.dll.mvfrm.rsp
[365/978    0s] WriteText Library/Bee/artifacts/2000b0aP.dag/Unity.InputSystem.rsp
[366/978    0s] WriteText Library/Bee/artifacts/2000b0aP.dag/Unity.Multiplayer.Tools.Adapters.Utp2.dll.mvfrm.rsp
[367/978    0s] WriteText Library/Bee/artifacts/2000b0aP.dag/Unity.Services.Core.Telemetry.rsp2
[368/978    0s] WriteText Library/Bee/artifacts/2000b0aP.dag/glTFast.rsp
[369/978    0s] WriteText Library/Bee/artifacts/2000b0aP.dag/Unity.Multiplayer.Tools.NetVis.Configuration.rsp2
[370/978    0s] WriteText Library/Bee/artifacts/2000b0aP.dag/Unity.Multiplayer.Tools.NetVis.Configuration.UnityAdditionalFile.txt
[371/978    0s] WriteText Library/Bee/artifacts/2000b0aP.dag/Unity.Profiling.Core.rsp2
[372/978    0s] WriteText Library/Bee/artifacts/2000b0aP.dag/Unity.Multiplayer.Playmode.Common.Runtime.rsp2
[373/978    0s] WriteText Library/Bee/artifacts/2000b0aP.dag/Unity.Services.Core.Telemetry.UnityAdditionalFile.txt
[374/978    0s] WriteText Library/Bee/artifacts/2000b0aP.dag/Unity.Services.Core.Scheduler.rsp2
[375/978    0s] WriteText Library/Bee/artifacts/2000b0aP.dag/Unity.Services.Core.Threading.UnityAdditionalFile.txt
[376/978    0s] WriteText Library/Bee/artifacts/2000b0aP.dag/Unity.Multiplayer.Playmode.Common.Runtime.UnityAdditionalFile.txt
[377/978    0s] WriteText Library/Bee/artifacts/2000b0aP.dag/Unity.Multiplayer.Widgets.Vivox.UnityAdditionalFile.txt
[378/978    0s] WriteText Library/Bee/artifacts/2000b0aP.dag/Unity.Services.Core.Device.UnityAdditionalFile.txt
[379/978    0s] WriteText Library/Bee/artifacts/2000b0aP.dag/Unity.Profiling.Core.UnityAdditionalFile.txt
[380/978    0s] WriteText Library/Bee/artifacts/2000b0aP.dag/Unity.Services.Core.Configuration.UnityAdditionalFile.txt
[381/978    0s] WriteText Library/Bee/artifacts/2000b0aP.dag/Unity.Services.Core.Threading.rsp2
[382/978    0s] WriteText Library/Bee/artifacts/2000b0aP.dag/Unity.Services.Core.Configuration.rsp2
[383/978    0s] WriteText Library/Bee/artifacts/2000b0aP.dag/Unity.Services.Core.Device.rsp2
[384/978    0s] WriteText Library/Bee/artifacts/2000b0aP.dag/Unity.Services.Core.Environments.Internal.rsp2
[385/978    0s] WriteText Library/Bee/artifacts/2000b0aP.dag/Unity.Services.Core.Scheduler.UnityAdditionalFile.txt
[386/978    0s] WriteText Library/Bee/artifacts/2000b0aP.dag/Unity.Services.Core.Environments.Internal.UnityAdditionalFile.txt
[387/978    0s] WriteText Library/Bee/artifacts/2000b0aP.dag/Unity.Multiplayer.Tools.NetStatsMonitor.Implementation.rsp2
[388/978    0s] WriteText Library/Bee/artifacts/2000b0aP.dag/Unity.Multiplayer.Tools.NetStatsMonitor.Implementation.UnityAdditionalFile.txt
[389/978    0s] WriteText Library/Bee/artifacts/2000b0aP.dag/Unity.Multiplayer.Widgets.Vivox.rsp2
[390/978    0s] WriteText Library/Bee/artifacts/2000b0aP.dag/Unity.Multiplayer.Tools.Adapters.Utp2.rsp
[391/978    0s] WriteText Library/Bee/artifacts/2000b0aP.dag/Unity.Services.Core.Device.dll.mvfrm.rsp
[392/978    0s] WriteText Library/Bee/artifacts/2000b0aP.dag/Unity.Multiplayer.Tools.NetStatsMonitor.Implementation.dll.mvfrm.rsp
[393/978    0s] WriteText Library/Bee/artifacts/2000b0aP.dag/Unity.Services.Core.Scheduler.dll.mvfrm.rsp
[394/978    0s] WriteText Library/Bee/artifacts/2000b0aP.dag/Unity.Multiplayer.Playmode.Common.Runtime.dll.mvfrm.rsp
[395/978    0s] WriteText Library/Bee/artifacts/2000b0aP.dag/Unity.Services.Core.Telemetry.dll.mvfrm.rsp
[396/978    0s] WriteText Library/Bee/artifacts/2000b0aP.dag/Unity.Multiplayer.Tools.NetVis.Configuration.dll.mvfrm.rsp
[397/978    0s] WriteText Library/Bee/artifacts/2000b0aP.dag/Unity.Multiplayer.Widgets.Vivox.dll.mvfrm.rsp
[398/978    0s] WriteText Library/Bee/artifacts/2000b0aP.dag/Unity.Profiling.Core.dll.mvfrm.rsp
[399/978    0s] WriteText Library/Bee/artifacts/2000b0aP.dag/Unity.Services.Core.Threading.dll.mvfrm.rsp
[400/978    0s] WriteText Library/Bee/artifacts/2000b0aP.dag/Unity.Services.Core.Environments.Internal.dll.mvfrm.rsp
[401/978    0s] WriteText Library/Bee/artifacts/2000b0aP.dag/Unity.Services.Core.Configuration.dll.mvfrm.rsp
[402/978    0s] WriteText Library/Bee/artifacts/2000b0aP.dag/Unity.Profiling.Core.rsp
[403/978    0s] WriteText Library/Bee/artifacts/2000b0aP.dag/Unity.Multiplayer.Playmode.Common.Runtime.rsp
[404/978    0s] WriteText Library/Bee/artifacts/2000b0aP.dag/Unity.Services.Core.Environments.Internal.rsp
[405/978    0s] WriteText Library/Bee/artifacts/2000b0aP.dag/Unity.Multiplayer.Tools.NetVis.Configuration.rsp
[406/978    0s] WriteText Library/Bee/artifacts/2000b0aP.dag/Unity.Services.Core.Telemetry.rsp
[407/978    0s] WriteText Library/Bee/artifacts/2000b0aP.dag/Unity.Multiplayer.Tools.NetStatsMonitor.Implementation.rsp
[408/978    0s] WriteText Library/Bee/artifacts/2000b0aP.dag/Unity.Multiplayer.Widgets.Vivox.rsp
[409/978    0s] WriteText Library/Bee/artifacts/2000b0aP.dag/Unity.Services.Core.Device.rsp
[410/978    0s] WriteText Library/Bee/artifacts/2000b0aP.dag/Unity.Services.Core.Configuration.rsp
[411/978    0s] WriteText Library/Bee/artifacts/2000b0aP.dag/Unity.Services.Core.Scheduler.rsp
[412/978    0s] WriteText Library/Bee/artifacts/2000b0aP.dag/Unity.Services.Core.Threading.rsp
[413/978    0s] WriteText Library/Bee/artifacts/2000b0aP.dag/glTFast.Newtonsoft.rsp2
[414/978    0s] WriteText Library/Bee/artifacts/2000b0aP.dag/glTFast.Newtonsoft.UnityAdditionalFile.txt
[415/978    0s] WriteText Library/Bee/artifacts/2000b0aP.dag/glTFast.Export.rsp2
[416/978    0s] WriteText Library/Bee/artifacts/2000b0aP.dag/glTFast.Export.UnityAdditionalFile.txt
[417/978    0s] WriteText Library/Bee/artifacts/2000b0aP.dag/glTFast.Newtonsoft.dll.mvfrm.rsp
[418/978    0s] WriteText Library/Bee/artifacts/2000b0aP.dag/glTFast.Export.dll.mvfrm.rsp
[419/978    0s] WriteText Library/Bee/artifacts/2000b0aP.dag/glTFast.Newtonsoft.rsp
[420/978    0s] WriteText Library/Bee/artifacts/2000b0aP.dag/glTFast.Export.rsp
[421/978    0s] WriteText Library/Bee/artifacts/2000b0aP.dag/Unity.Multiplayer.Tools.NetworkProfiler.Runtime.dll.mvfrm.rsp
[422/978    0s] WriteText Library/Bee/artifacts/2000b0aP.dag/Unity.DedicatedServer.MultiplayerRoles.dll.mvfrm.rsp
[423/978    0s] WriteText Library/Bee/artifacts/2000b0aP.dag/glTFast.Documentation.Examples.dll.mvfrm.rsp
[424/978    0s] WriteText Library/Bee/artifacts/2000b0aP.dag/Unity.Multiplayer.Tools.Initialization.dll.mvfrm.rsp
[425/978    0s] WriteText Library/Bee/artifacts/2000b0aP.dag/Unity.Services.Core.Analytics.dll.mvfrm.rsp
[426/978    0s] WriteText Library/Bee/artifacts/2000b0aP.dag/Unity.Multiplayer.Tools.NetworkSimulator.Runtime.dll.mvfrm.rsp
[427/978    0s] WriteText Library/Bee/artifacts/2000b0aP.dag/Unity.Multiplayer.Tools.NetStatsMonitor.Component.dll.mvfrm.rsp
[428/978    0s] WriteText Library/Bee/artifacts/2000b0aP.dag/Unity.Multiplayer.Tools.Adapters.Ngo1.dll.mvfrm.rsp
[429/978    0s] WriteText Library/Bee/artifacts/2000b0aP.dag/Unity.Multiplayer.Tools.Adapters.Ngo1WithUtp2.dll.mvfrm.rsp
[430/978    0s] WriteText Library/Bee/artifacts/2000b0aP.dag/BizarreChess.dll.mvfrm.rsp
[431/978    0s] WriteText Library/Bee/artifacts/2000b0aP.dag/Unity.Multiplayer.Center.NetcodeForGameObjectsExample.dll.mvfrm.rsp
[432/978    0s] WriteText Library/Bee/artifacts/2000b0aP.dag/Unity.Multiplayer.Widgets.Session.dll.mvfrm.rsp
[433/978    0s] WriteText Library/Bee/artifacts/2000b0aP.dag/glTFast.dots.dll.mvfrm.rsp
[434/978    0s] WriteText Library/Bee/artifacts/2000b0aP.dag/Unity.Multiplayer.Playmode.dll.mvfrm.rsp
[435/978    0s] WriteText Library/Bee/artifacts/2000b0aP.dag/Unity.Services.Core.Networking.dll.mvfrm.rsp
[436/978    0s] WriteText Library/Bee/artifacts/2000b0aP.dag/Unity.Multiplayer.Center.Common.dll.mvfrm.rsp
[437/978    0s] WriteText Library/Bee/artifacts/2000b0aP.dag/Unity.InputSystem.ForUI.dll.mvfrm.rsp
[438/978    0s] WriteText Library/Bee/artifacts/2000b0aP.dag/Unity.Services.Core.Registration.dll.mvfrm.rsp
[439/978    0s] WriteText Library/Bee/artifacts/2000b0aP.dag/Unity.Services.Authentication.PlayerAccounts.dll.mvfrm.rsp
[440/978    0s] WriteText Library/Bee/artifacts/2000b0aP.dag/Unity.Services.Wire.Internal.dll.mvfrm.rsp
[441/978    0s] WriteText Library/Bee/artifacts/2000b0aP.dag/Unity.Multiplayer.Tools.MetricTestData.dll.mvfrm.rsp
[442/978    0s] WriteText Library/Bee/artifacts/2000b0aP.dag/Unity.Services.Core.Analytics.rsp2
[443/978    0s] WriteText Library/Bee/artifacts/2000b0aP.dag/glTFast.Documentation.Examples.UnityAdditionalFile.txt
[444/978    0s] WriteText Library/Bee/artifacts/2000b0aP.dag/Unity.Services.Authentication.PlayerAccounts.UnityAdditionalFile.txt
[445/978    0s] WriteText Library/Bee/artifacts/2000b0aP.dag/Unity.Services.Authentication.PlayerAccounts.rsp2
[446/978    0s] WriteText Library/Bee/artifacts/2000b0aP.dag/Unity.Multiplayer.Tools.Initialization.UnityAdditionalFile.txt
[447/978    0s] WriteText Library/Bee/artifacts/2000b0aP.dag/Unity.Multiplayer.Tools.Initialization.rsp2
[448/978    0s] WriteText Library/Bee/artifacts/2000b0aP.dag/Unity.Services.Core.Networking.UnityAdditionalFile.txt
[449/978    0s] WriteText Library/Bee/artifacts/2000b0aP.dag/Unity.Services.Core.Networking.rsp2
[450/978    0s] WriteText Library/Bee/artifacts/2000b0aP.dag/Unity.Multiplayer.Tools.MetricTestData.rsp2
[451/978    0s] WriteText Library/Bee/artifacts/2000b0aP.dag/Unity.Multiplayer.Tools.NetworkSimulator.Runtime.UnityAdditionalFile.txt
[452/978    0s] WriteText Library/Bee/artifacts/2000b0aP.dag/Unity.Multiplayer.Tools.NetworkSimulator.Runtime.rsp2
[453/978    0s] WriteText Library/Bee/artifacts/2000b0aP.dag/Unity.Services.Wire.Internal.UnityAdditionalFile.txt
[454/978    0s] WriteText Library/Bee/artifacts/2000b0aP.dag/Unity.Multiplayer.Tools.NetStatsMonitor.Component.UnityAdditionalFile.txt
[455/978    0s] WriteText Library/Bee/artifacts/2000b0aP.dag/Unity.Multiplayer.Tools.NetStatsMonitor.Component.rsp2
[456/978    0s] WriteText Library/Bee/artifacts/2000b0aP.dag/Unity.Services.Wire.Internal.rsp2
[457/978    0s] WriteText Library/Bee/artifacts/2000b0aP.dag/Unity.Multiplayer.Tools.Adapters.Ngo1.UnityAdditionalFile.txt
[458/978    0s] WriteText Library/Bee/artifacts/2000b0aP.dag/Unity.Multiplayer.Tools.Adapters.Ngo1.rsp2
[459/978    0s] WriteText Library/Bee/artifacts/2000b0aP.dag/glTFast.Documentation.Examples.rsp2
[460/978    0s] WriteText Library/Bee/artifacts/2000b0aP.dag/Unity.Multiplayer.Tools.Adapters.Ngo1WithUtp2.UnityAdditionalFile.txt
[461/978    0s] WriteText Library/Bee/artifacts/2000b0aP.dag/Unity.Services.Core.Registration.UnityAdditionalFile.txt
[462/978    0s] WriteText Library/Bee/artifacts/2000b0aP.dag/BizarreChess.UnityAdditionalFile.txt
[463/978    0s] WriteText Library/Bee/artifacts/2000b0aP.dag/Unity.Services.Core.Registration.rsp2
[464/978    0s] WriteText Library/Bee/artifacts/2000b0aP.dag/BizarreChess.rsp2
[465/978    0s] WriteText Library/Bee/artifacts/2000b0aP.dag/Unity.Multiplayer.Center.NetcodeForGameObjectsExample.rsp2
[466/978    0s] WriteText Library/Bee/artifacts/2000b0aP.dag/glTFast.dots.rsp2
[467/978    0s] WriteText Library/Bee/artifacts/2000b0aP.dag/Unity.Multiplayer.Center.NetcodeForGameObjectsExample.UnityAdditionalFile.txt
[468/978    0s] WriteText Library/Bee/artifacts/2000b0aP.dag/Unity.Multiplayer.Tools.MetricTestData.UnityAdditionalFile.txt
[469/978    0s] WriteText Library/Bee/artifacts/2000b0aP.dag/Unity.Multiplayer.Widgets.Session.UnityAdditionalFile.txt
[470/978    0s] WriteText Library/Bee/artifacts/2000b0aP.dag/Unity.Multiplayer.Widgets.Session.rsp2
[471/978    0s] WriteText Library/Bee/artifacts/2000b0aP.dag/Unity.DedicatedServer.MultiplayerRoles.rsp2
[472/978    0s] WriteText Library/Bee/artifacts/2000b0aP.dag/glTFast.dots.UnityAdditionalFile.txt
[473/978    0s] WriteText Library/Bee/artifacts/2000b0aP.dag/Unity.Multiplayer.Center.Common.UnityAdditionalFile.txt
[474/978    0s] WriteText Library/Bee/artifacts/2000b0aP.dag/Unity.Multiplayer.Center.Common.rsp2
[475/978    0s] WriteText Library/Bee/artifacts/2000b0aP.dag/Unity.InputSystem.ForUI.UnityAdditionalFile.txt
[476/978    0s] WriteText Library/Bee/artifacts/2000b0aP.dag/Unity.InputSystem.ForUI.rsp2
[477/978    0s] WriteText Library/Bee/artifacts/2000b0aP.dag/Unity.Multiplayer.Playmode.UnityAdditionalFile.txt
[478/978    0s] WriteText Library/Bee/artifacts/2000b0aP.dag/Unity.Multiplayer.Playmode.rsp2
[479/978    0s] WriteText Library/Bee/artifacts/2000b0aP.dag/Unity.Services.Core.Analytics.UnityAdditionalFile.txt
[480/978    0s] WriteText Library/Bee/artifacts/2000b0aP.dag/Unity.Multiplayer.Tools.NetworkProfiler.Runtime.UnityAdditionalFile.txt
[481/978    0s] WriteText Library/Bee/artifacts/2000b0aP.dag/Unity.Multiplayer.Tools.NetworkProfiler.Runtime.rsp2
[482/978    0s] WriteText Library/Bee/artifacts/2000b0aP.dag/Unity.DedicatedServer.MultiplayerRoles.UnityAdditionalFile.txt
[483/978    0s] WriteText Library/Bee/artifacts/2000b0aP.dag/Unity.Multiplayer.Tools.Adapters.Ngo1WithUtp2.rsp2
[484/978    0s] WriteText Library/Bee/artifacts/2000b0aP.dag/Unity.Multiplayer.Tools.NetworkSimulator.Runtime.rsp
[485/978    0s] WriteText Library/Bee/artifacts/2000b0aP.dag/Unity.Multiplayer.Tools.NetStatsMonitor.Component.rsp
[486/978    0s] WriteText Library/Bee/artifacts/2000b0aP.dag/glTFast.Documentation.Examples.rsp
[487/978    0s] WriteText Library/Bee/artifacts/2000b0aP.dag/Unity.InputSystem.ForUI.rsp
[488/978    0s] WriteText Library/Bee/artifacts/2000b0aP.dag/Unity.Multiplayer.Tools.MetricTestData.rsp
[489/978    0s] WriteText Library/Bee/artifacts/2000b0aP.dag/Unity.Services.Core.Networking.rsp
[490/978    0s] WriteText Library/Bee/artifacts/2000b0aP.dag/Unity.Services.Core.Analytics.rsp
[491/978    0s] WriteText Library/Bee/artifacts/2000b0aP.dag/Unity.Multiplayer.Tools.NetworkProfiler.Runtime.rsp
[492/978    0s] WriteText Library/Bee/artifacts/2000b0aP.dag/Unity.Services.Authentication.PlayerAccounts.rsp
[493/978    0s] WriteText Library/Bee/artifacts/2000b0aP.dag/Unity.Multiplayer.Tools.Initialization.rsp
[494/978    0s] WriteText Library/Bee/artifacts/2000b0aP.dag/Unity.Multiplayer.Playmode.rsp
[495/978    0s] WriteText Library/Bee/artifacts/2000b0aP.dag/Unity.Multiplayer.Tools.Adapters.Ngo1.rsp
[496/978    0s] WriteText Library/Bee/artifacts/2000b0aP.dag/Unity.Services.Core.Registration.rsp
[497/978    0s] WriteText Library/Bee/artifacts/2000b0aP.dag/Unity.Multiplayer.Tools.Adapters.Ngo1WithUtp2.rsp
[498/978    0s] WriteText Library/Bee/artifacts/2000b0aP.dag/Unity.DedicatedServer.MultiplayerRoles.rsp
[499/978    0s] WriteText Library/Bee/artifacts/2000b0aP.dag/BizarreChess.rsp
[500/978    0s] WriteText Library/Bee/artifacts/2000b0aP.dag/Unity.Multiplayer.Center.NetcodeForGameObjectsExample.rsp
[501/978    0s] WriteText Library/Bee/artifacts/2000b0aP.dag/Unity.Multiplayer.Center.Common.rsp
[502/978    0s] WriteText Library/Bee/artifacts/2000b0aP.dag/glTFast.dots.rsp
[503/978    0s] WriteText Library/Bee/artifacts/2000b0aP.dag/Unity.Multiplayer.Widgets.Session.rsp
[504/978    0s] WriteResponseFile Library/Bee/artifacts/rsp/9662886484033669345.rsp
[505/978    0s] WriteResponseFile Library/Bee/artifacts/rsp/10468500989256313235.rsp
[506/978    0s] WriteText Library/Bee/artifacts/2000b0aP.dag/Unity.Services.Wire.Internal.rsp
[507/978    0s] WriteResponseFile Library/Bee/artifacts/rsp/9824564502585200105.rsp
[508/978    0s] WriteResponseFile Library/Bee/artifacts/rsp/18355709090849959919.rsp
[509/978    0s] WriteResponseFile Library/Bee/artifacts/rsp/10506875290023642599.rsp
[510/978    0s] WriteResponseFile Library/Bee/artifacts/rsp/3628410596719612986.rsp
[511/978    0s] WriteResponseFile Library/Bee/artifacts/rsp/7356993110442552195.rsp
[512/978    0s] WriteResponseFile Library/Bee/artifacts/rsp/3232812825684875679.rsp
[513/978    0s] WriteResponseFile Library/Bee/artifacts/rsp/1378171704489360155.rsp
[514/978    0s] WriteResponseFile Library/Bee/artifacts/rsp/1899012752562697959.rsp
[515/978    0s] WriteResponseFile Library/Bee/artifacts/rsp/4471633030068807221.rsp
[516/978    0s] WriteResponseFile Library/Bee/artifacts/rsp/13497764845392747363.rsp
[517/978    0s] WriteResponseFile Library/Bee/artifacts/rsp/15113488465947969154.rsp
[518/978    0s] WriteResponseFile Library/Bee/artifacts/rsp/13305524231880988703.rsp
[519/978    0s] WriteResponseFile Library/Bee/artifacts/rsp/14137233204605999962.rsp
[520/978    0s] WriteResponseFile Library/Bee/artifacts/rsp/17607099336688819861.rsp
[521/978    0s] WriteResponseFile Library/Bee/artifacts/rsp/2549252784825872615.rsp
[522/978    0s] WriteResponseFile Library/Bee/artifacts/rsp/7724923367140854609.rsp
[523/978    0s] WriteResponseFile Library/Bee/artifacts/rsp/13770845692640617642.rsp
[524/978    0s] WriteResponseFile Library/Bee/artifacts/rsp/9900535760532685142.rsp
[525/978    0s] WriteResponseFile Library/Bee/artifacts/rsp/1142037991219870376.rsp
[526/978    0s] WriteResponseFile Library/Bee/artifacts/rsp/5469081328717869331.rsp
[527/978    0s] WriteResponseFile Library/Bee/artifacts/rsp/15884101180707883926.rsp
[528/978    0s] WriteResponseFile Library/Bee/artifacts/rsp/7856219873197864635.rsp
[529/978    0s] WriteResponseFile Library/Bee/artifacts/rsp/3291078010290450876.rsp
[530/978    0s] WriteResponseFile Library/Bee/artifacts/rsp/5396131983109345611.rsp
[531/978    0s] WriteResponseFile Library/Bee/artifacts/rsp/14962900337179193766.rsp
[532/978    0s] WriteResponseFile Library/Bee/artifacts/rsp/3960588586134448622.rsp
[533/978    0s] WriteResponseFile Library/Bee/artifacts/rsp/2024140802388325893.rsp
[534/978    0s] WriteResponseFile Library/Bee/artifacts/rsp/11230529250442348252.rsp
[535/978    0s] WriteResponseFile Library/Bee/artifacts/rsp/9251471307313454047.rsp
[536/978    0s] WriteResponseFile Library/Bee/artifacts/rsp/12724486747741759524.rsp
[537/978    0s] WriteResponseFile Library/Bee/artifacts/rsp/2056184520206079037.rsp
[538/978    0s] WriteResponseFile Library/Bee/artifacts/rsp/16315189043417070740.rsp
[539/978    0s] WriteResponseFile Library/Bee/artifacts/rsp/10332550154546997030.rsp
[540/978    0s] WriteResponseFile Library/Bee/artifacts/rsp/11875680881686647266.rsp
[541/978    0s] WriteResponseFile Library/Bee/artifacts/rsp/17860867475809624737.rsp
[542/978    0s] WriteResponseFile Library/Bee/artifacts/rsp/11491092099966513415.rsp
[543/978    0s] WriteResponseFile Library/Bee/artifacts/rsp/10905771213486461000.rsp
[544/978    0s] WriteResponseFile Library/Bee/artifacts/rsp/18439905215313421550.rsp
[545/978    0s] WriteResponseFile Library/Bee/artifacts/rsp/5816893798725486628.rsp
[546/978    0s] WriteResponseFile Library/Bee/artifacts/rsp/7587539980978853489.rsp
[547/978    0s] WriteResponseFile Library/Bee/artifacts/rsp/2975830251873905854.rsp
[548/978    0s] WriteResponseFile Library/Bee/artifacts/rsp/15056796191238979648.rsp
[549/978    0s] WriteResponseFile Library/Bee/artifacts/rsp/2918927249304849764.rsp
[550/978    0s] WriteResponseFile Library/Bee/artifacts/rsp/14349331557779108129.rsp
[551/978    0s] WriteResponseFile Library/Bee/artifacts/rsp/17683057043797404471.rsp
[552/978    0s] WriteResponseFile Library/Bee/artifacts/rsp/2743356662694448623.rsp
[553/978    0s] WriteResponseFile Library/Bee/artifacts/rsp/17256583632284859690.rsp
[554/978    0s] WriteResponseFile Library/Bee/artifacts/rsp/9989139286006504374.rsp
[555/978    0s] WriteResponseFile Library/Bee/artifacts/rsp/14255538846514059591.rsp
[556/978    0s] WriteResponseFile Library/Bee/artifacts/rsp/13671415931193715426.rsp
[557/978    0s] WriteResponseFile Library/Bee/artifacts/rsp/3069647937585331645.rsp
[558/978    0s] WriteResponseFile Library/Bee/artifacts/rsp/14303679958541873632.rsp
[559/978    0s] WriteResponseFile Library/Bee/artifacts/rsp/3070601347371619057.rsp
[560/978    0s] WriteResponseFile Library/Bee/artifacts/rsp/18236100734594393041.rsp
[561/978    0s] WriteResponseFile Library/Bee/artifacts/rsp/2469173223754590692.rsp
[562/978    0s] WriteResponseFile Library/Bee/artifacts/rsp/3271452858328866250.rsp
[563/978    0s] WriteResponseFile Library/Bee/artifacts/rsp/15648538800161226848.rsp
[564/978    0s] WriteResponseFile Library/Bee/artifacts/rsp/3600802967832422382.rsp
[565/978    0s] WriteResponseFile Library/Bee/artifacts/rsp/18298633466078375346.rsp
[566/978    0s] WriteResponseFile Library/Bee/artifacts/rsp/4785370087603955865.rsp
[567/978    0s] MovedFromExtractor Library/Bee/artifacts/mvdfrm/UnityEngine.DSPGraphModule.dll_8DD0192250CD5438.mvfrm
[568/978    0s] MovedFromExtractor Library/Bee/artifacts/mvdfrm/UnityEngine.JSONSerializeModule.dll_5F4607E4B98ADC91.mvfrm
[569/978    0s] MovedFromExtractor Library/Bee/artifacts/mvdfrm/UnityEngine.AIModule.dll_3623C9C0D5FAF5C3.mvfrm
[570/978    0s] MovedFromExtractor Library/Bee/artifacts/mvdfrm/UnityEngine.UnityCurlModule.dll_93683179369B72DA.mvfrm
[571/978    0s] MovedFromExtractor Library/Bee/artifacts/mvdfrm/UnityEngine.dll_B3878BDC195AB9FB.mvfrm
[572/978    0s] MovedFromExtractor Library/Bee/artifacts/mvdfrm/UnityEngine.DirectorModule.dll_887EB7B8DE6C8317.mvfrm
[573/978    0s] MovedFromExtractor Library/Bee/artifacts/mvdfrm/UnityEngine.ContentLoadModule.dll_4E5BA5C9FA3E4FA8.mvfrm
[574/978    0s] MovedFromExtractor Library/Bee/artifacts/mvdfrm/UnityEngine.CrashReportingModule.dll_131E82DB957FCA52.mvfrm
[575/978    0s] MovedFromExtractor Library/Bee/artifacts/mvdfrm/UnityEngine.LocalizationModule.dll_F029A0C48F5F1744.mvfrm
[576/978    0s] MovedFromExtractor Library/Bee/artifacts/mvdfrm/UnityEngine.CoreModule.dll_653D6301ACD5667A.mvfrm
[577/978    0s] MovedFromExtractor Library/Bee/artifacts/mvdfrm/UnityEngine.ClothModule.dll_ABDF6A7874243D83.mvfrm
[578/978    0s] MovedFromExtractor Library/Bee/artifacts/mvdfrm/UnityEngine.AudioModule.dll_44F70D7D9A075E9F.mvfrm
[579/978    0s] MovedFromExtractor Library/Bee/artifacts/mvdfrm/UnityEngine.AssetBundleModule.dll_B5454C892BBBA7BB.mvfrm
[580/978    0s] Csc Library/Bee/artifacts/WebGL_CodeGen/UnityEngine.TestRunner.dll (+2 others)
[581/978    0s] MovedFromExtractor Library/Bee/artifacts/mvdfrm/UnityEngine.AnimationModule.dll_604B9047C68780ED.mvfrm
[582/978    0s] MovedFromExtractor Library/Bee/artifacts/mvdfrm/UnityEngine.AndroidJNIModule.dll_7F49407277499D01.mvfrm
[           0s] Csc Library/Bee/artifacts/WebGL_CodeGen/UnityEngine.TestRunner.dll (+2 others) [CacheWrite 00000000000000000000000000000004]
[583/978    0s] Csc Library/Bee/artifacts/WebGL_CodeGen/UnityEngine.UI.dll (+2 others)
[           0s] Csc Library/Bee/artifacts/WebGL_CodeGen/UnityEngine.UI.dll (+2 others) [CacheWrite 00000000000000000000000000000004]
[584/978    0s] MovedFromExtractor-Combine Library/Bee/artifacts/2000b0aP.dag/UnityEngine.UI.dll.mvfrm
[585/978    0s] MovedFromExtractor Library/Bee/artifacts/mvdfrm/UnityEngine.TestRunner.ref.dll_02915EF73A76CDE5.mvfrm
[586/978    0s] MovedFromExtractor Library/Bee/artifacts/mvdfrm/UnityEngine.UI.ref.dll_24ED6633257E4A27.mvfrm
[587/978    0s] MovedFromExtractor-Combine Library/Bee/artifacts/WebGL_CodeGen/UnityEditor.TestRunner.dll.mvfrm
[588/978    0s] Csc Library/Bee/artifacts/2000b0aP.dag/UnityEngine.UI.dll (+2 others)
[           0s] Csc Library/Bee/artifacts/2000b0aP.dag/UnityEngine.UI.dll (+2 others) [CacheWrite 00000000000000000000000000000004]
[589/978    0s] Csc Library/Bee/artifacts/WebGL_CodeGen/UnityEditor.TestRunner.dll (+2 others)
[590/978    0s] MovedFromExtractor Library/Bee/artifacts/mvdfrm/UnityEngine.UI.ref.dll_6C1073D56147DE5F.mvfrm
[           0s] Csc Library/Bee/artifacts/WebGL_CodeGen/UnityEditor.TestRunner.dll (+2 others) [CacheWrite 00000000000000000000000000000004]
[591/978    0s] MovedFromExtractor-Combine Library/Bee/artifacts/2000b0aP.dag/Unity.Burst.dll.mvfrm
[592/978    0s] MovedFromExtractor-Combine Library/Bee/artifacts/2000b0aP.dag/Unity.Services.Core.dll.mvfrm
[593/978    0s] MovedFromExtractor-Combine Library/Bee/artifacts/2000b0aP.dag/Unity.TextMeshPro.dll.mvfrm
[594/978    0s] MovedFromExtractor-Combine Library/Bee/artifacts/2000b0aP.dag/glTFast.Newtonsoft.dll.mvfrm
[595/978    0s] MovedFromExtractor-Combine Library/Bee/artifacts/2000b0aP.dag/Unity.Profiling.Core.dll.mvfrm
[596/978    0s] MovedFromExtractor-Combine Library/Bee/artifacts/2000b0aP.dag/Unity.Mathematics.dll.mvfrm
[597/978    0s] MovedFromExtractor-Combine Library/Bee/artifacts/2000b0aP.dag/Unity.Multiplayer.Playmode.Common.Runtime.dll.mvfrm
[598/978    0s] MovedFromExtractor-Combine Library/Bee/artifacts/2000b0aP.dag/Unity.Multiplayer.Tools.Common.dll.mvfrm
[599/978    0s] MovedFromExtractor-Combine Library/Bee/artifacts/2000b0aP.dag/Unity.InputSystem.dll.mvfrm
[600/978    0s] MovedFromExtractor-Combine Library/Bee/artifacts/2000b0aP.dag/Unity.Multiplayer.Center.Common.dll.mvfrm
[601/978    0s] MovedFromExtractor-Combine Library/Bee/artifacts/2000b0aP.dag/Unity.Multiplayer.Tools.NetworkSolutionInterface.dll.mvfrm
[602/978    0s] MovedFromExtractor-Combine Library/Bee/artifacts/2000b0aP.dag/Unity.DedicatedServer.MultiplayerRoles.dll.mvfrm
[603/978    0s] MovedFromExtractor Library/Bee/artifacts/mvdfrm/UnityEditor.TestRunner.ref.dll_367314490EB36FFA.mvfrm
[604/978    0s] MovedFromExtractor-Combine Library/Bee/artifacts/WebGL_CodeGen/UnityEditor.UI.dll.mvfrm
[605/978    0s] Csc Library/Bee/artifacts/2000b0aP.dag/Unity.Multiplayer.Center.Common.dll (+2 others)
[606/978    0s] Csc Library/Bee/artifacts/2000b0aP.dag/Unity.DedicatedServer.MultiplayerRoles.dll (+2 others)
[607/978    0s] Csc Library/Bee/artifacts/2000b0aP.dag/Unity.Multiplayer.Playmode.Common.Runtime.dll (+2 others)
[608/978    0s] Csc Library/Bee/artifacts/2000b0aP.dag/Unity.Profiling.Core.dll (+2 others)
[609/978    0s] Csc Library/Bee/artifacts/2000b0aP.dag/Unity.Multiplayer.Tools.NetworkSolutionInterface.dll (+2 others)
[           0s] Csc Library/Bee/artifacts/2000b0aP.dag/Unity.Multiplayer.Center.Common.dll (+2 others) [CacheWrite 00000000000000000000000000000004]
[610/978    0s] Csc Library/Bee/artifacts/2000b0aP.dag/Unity.Services.Core.dll (+2 others)
[           0s] Csc Library/Bee/artifacts/2000b0aP.dag/Unity.DedicatedServer.MultiplayerRoles.dll (+2 others) [CacheWrite 00000000000000000000000000000004]
[           0s] Csc Library/Bee/artifacts/2000b0aP.dag/Unity.Multiplayer.Playmode.Common.Runtime.dll (+2 others) [CacheWrite 00000000000000000000000000000004]
[           0s] Csc Library/Bee/artifacts/2000b0aP.dag/Unity.Profiling.Core.dll (+2 others) [CacheWrite 00000000000000000000000000000004]
[           0s] Csc Library/Bee/artifacts/2000b0aP.dag/Unity.Multiplayer.Tools.NetworkSolutionInterface.dll (+2 others) [CacheWrite 00000000000000000000000000000004]
[           0s] Csc Library/Bee/artifacts/2000b0aP.dag/Unity.Services.Core.dll (+2 others) [CacheWrite 00000000000000000000000000000004]
[611/978    0s] Csc Library/Bee/artifacts/2000b0aP.dag/Unity.Multiplayer.Tools.Common.dll (+2 others)
[612/978    0s] MovedFromExtractor Library/Bee/artifacts/mvdfrm/Unity.Profiling.Core.ref.dll_5E335929A0AE1FF4.mvfrm
[613/978    0s] MovedFromExtractor Library/Bee/artifacts/mvdfrm/Unity.Multiplayer.Playmode.Common.Runtime.ref.dll_A0E551D94E248321.mvfrm
[           0s] Csc Library/Bee/artifacts/2000b0aP.dag/Unity.Multiplayer.Tools.Common.dll (+2 others) [CacheWrite 00000000000000000000000000000004]
[614/978    0s] MovedFromExtractor Library/Bee/artifacts/mvdfrm/Unity.Multiplayer.Tools.NetworkSolutionInterface.ref.dll_EE062DD9C76DDE36.mvfrm
[615/978    0s] MovedFromExtractor Library/Bee/artifacts/mvdfrm/Unity.Services.Core.ref.dll_20255DC58CC224E8.mvfrm
[616/978    0s] MovedFromExtractor-Combine Library/Bee/artifacts/2000b0aP.dag/Unity.Services.Core.Analytics.dll.mvfrm
[617/978    0s] MovedFromExtractor-Combine Library/Bee/artifacts/2000b0aP.dag/Unity.Services.Core.Internal.dll.mvfrm
[618/978    0s] MovedFromExtractor-Combine Library/Bee/artifacts/2000b0aP.dag/Unity.Multiplayer.Playmode.dll.mvfrm
[619/978    0s] MovedFromExtractor Library/Bee/artifacts/mvdfrm/Unity.Multiplayer.Tools.Common.ref.dll_2C2B71F5AAE424AF.mvfrm
[620/978    0s] Csc Library/Bee/artifacts/2000b0aP.dag/Unity.Burst.dll (+2 others)
[621/978    0s] Csc Library/Bee/artifacts/WebGL_CodeGen/UnityEditor.UI.dll (+2 others)
[           0s] Csc Library/Bee/artifacts/2000b0aP.dag/Unity.Burst.dll (+2 others) [CacheWrite 00000000000000000000000000000004]
[           0s] Csc Library/Bee/artifacts/WebGL_CodeGen/UnityEditor.UI.dll (+2 others) [CacheWrite 00000000000000000000000000000004]
[622/978    0s] Csc Library/Bee/artifacts/2000b0aP.dag/Unity.TextMeshPro.dll (+2 others)
[           0s] Csc Library/Bee/artifacts/2000b0aP.dag/Unity.TextMeshPro.dll (+2 others) [CacheWrite 00000000000000000000000000000004]
[623/978    0s] Csc Library/Bee/artifacts/2000b0aP.dag/Unity.Multiplayer.Playmode.dll (+2 others)
[624/978    0s] MovedFromExtractor Library/Bee/artifacts/mvdfrm/Unity.Burst.ref.dll_96C9F3316A8E30B9.mvfrm
[625/978    0s] Csc Library/Bee/artifacts/2000b0aP.dag/Unity.Services.Core.Analytics.dll (+2 others)
[626/978    0s] MovedFromExtractor Library/Bee/artifacts/mvdfrm/UnityEditor.UI.ref.dll_68878FD81F5C21BC.mvfrm
[           0s] Csc Library/Bee/artifacts/2000b0aP.dag/Unity.Multiplayer.Playmode.dll (+2 others) [CacheWrite 00000000000000000000000000000004]
[           0s] Csc Library/Bee/artifacts/2000b0aP.dag/Unity.Services.Core.Analytics.dll (+2 others) [CacheWrite 00000000000000000000000000000004]
[627/978    0s] Csc Library/Bee/artifacts/2000b0aP.dag/Unity.InputSystem.dll (+2 others)
[628/978    0s] Csc Library/Bee/artifacts/2000b0aP.dag/Unity.Services.Core.Internal.dll (+2 others)
[           0s] Csc Library/Bee/artifacts/2000b0aP.dag/Unity.Services.Core.Internal.dll (+2 others) [CacheWrite 00000000000000000000000000000004]
[           0s] Csc Library/Bee/artifacts/2000b0aP.dag/Unity.InputSystem.dll (+2 others) [CacheWrite 00000000000000000000000000000004]
[629/978    0s] MovedFromExtractor Library/Bee/artifacts/mvdfrm/Unity.TextMeshPro.ref.dll_62E30C949C33F28C.mvfrm
[630/978    0s] MovedFromExtractor-Combine Library/Bee/artifacts/WebGL_CodeGen/Unity.Multiplayer.Tools.Common.dll.mvfrm
[631/978    0s] MovedFromExtractor-Combine Library/Bee/artifacts/WebGL_CodeGen/Unity.Burst.dll.mvfrm
[632/978    0s] MovedFromExtractor-Combine Library/Bee/artifacts/WebGL_CodeGen/Unity.Mathematics.dll.mvfrm
[633/978    0s] MovedFromExtractor-Combine Library/Bee/artifacts/WebGL_CodeGen/Unity.Multiplayer.Tools.NetworkSolutionInterface.dll.mvfrm
[634/978    0s] MovedFromExtractor Library/Bee/artifacts/mvdfrm/Unity.Services.Core.Internal.ref.dll_4233865F64766B29.mvfrm
[635/978    0s] MovedFromExtractor Library/Bee/artifacts/mvdfrm/Unity.InputSystem.ref.dll_DB6DABD2F34E5032.mvfrm
[636/978    0s] MovedFromExtractor-Combine Library/Bee/artifacts/2000b0aP.dag/Unity.Services.Core.Networking.dll.mvfrm
[637/978    0s] MovedFromExtractor-Combine Library/Bee/artifacts/2000b0aP.dag/Unity.Services.Core.Telemetry.dll.mvfrm
[638/978    0s] MovedFromExtractor-Combine Library/Bee/artifacts/2000b0aP.dag/Unity.Services.Core.Scheduler.dll.mvfrm
[639/978    0s] MovedFromExtractor-Combine Library/Bee/artifacts/2000b0aP.dag/Unity.Services.Core.Device.dll.mvfrm
[640/978    0s] MovedFromExtractor-Combine Library/Bee/artifacts/2000b0aP.dag/Unity.Services.Core.Environments.Internal.dll.mvfrm
[641/978    0s] MovedFromExtractor-Combine Library/Bee/artifacts/2000b0aP.dag/Unity.Services.Core.Threading.dll.mvfrm
[642/978    0s] MovedFromExtractor-Combine Library/Bee/artifacts/2000b0aP.dag/Unity.Services.Wire.Internal.dll.mvfrm
[643/978    0s] MovedFromExtractor-Combine Library/Bee/artifacts/2000b0aP.dag/Unity.Services.Authentication.PlayerAccounts.dll.mvfrm
[644/978    0s] MovedFromExtractor-Combine Library/Bee/artifacts/2000b0aP.dag/Unity.Services.Core.Environments.dll.mvfrm
[645/978    0s] MovedFromExtractor-Combine Library/Bee/artifacts/2000b0aP.dag/Unity.Services.Core.Configuration.dll.mvfrm
[646/978    0s] Csc Library/Bee/artifacts/WebGL_CodeGen/Unity.Multiplayer.Tools.NetworkSolutionInterface.dll (+2 others)
[647/978    0s] MovedFromExtractor-Combine Library/Bee/artifacts/2000b0aP.dag/Unity.InputSystem.ForUI.dll.mvfrm
[648/978    0s] Csc Library/Bee/artifacts/WebGL_CodeGen/Unity.Multiplayer.Tools.Common.dll (+2 others)
[           0s] Csc Library/Bee/artifacts/WebGL_CodeGen/Unity.Multiplayer.Tools.NetworkSolutionInterface.dll (+2 others) [CacheWrite 00000000000000000000000000000004]
[           0s] Csc Library/Bee/artifacts/WebGL_CodeGen/Unity.Multiplayer.Tools.Common.dll (+2 others) [CacheWrite 00000000000000000000000000000004]
[649/978    0s] MovedFromExtractor Library/Bee/artifacts/mvdfrm/Unity.Multiplayer.Tools.NetworkSolutionInterface.ref.dll_F2F81ED548CCA2FE.mvfrm
[650/978    1s] Csc Library/Bee/artifacts/2000b0aP.dag/Unity.Mathematics.dll (+2 others)
[651/978    0s] MovedFromExtractor Library/Bee/artifacts/mvdfrm/Unity.Multiplayer.Tools.Common.ref.dll_8D86C5787B685877.mvfrm
[652/978    0s] Csc Library/Bee/artifacts/2000b0aP.dag/Unity.Services.Core.Device.dll (+2 others)
[653/978    0s] Csc Library/Bee/artifacts/2000b0aP.dag/Unity.Services.Core.Environments.Internal.dll (+2 others)
[654/978    0s] Csc Library/Bee/artifacts/2000b0aP.dag/Unity.Services.Core.Threading.dll (+2 others)
[655/978    0s] Csc Library/Bee/artifacts/2000b0aP.dag/Unity.Services.Core.Telemetry.dll (+2 others)
[656/978    0s] Csc Library/Bee/artifacts/2000b0aP.dag/Unity.Services.Wire.Internal.dll (+2 others)
[657/978    0s] Csc Library/Bee/artifacts/2000b0aP.dag/Unity.Services.Core.Networking.dll (+2 others)
[658/978    0s] Csc Library/Bee/artifacts/2000b0aP.dag/Unity.Services.Core.Scheduler.dll (+2 others)
[659/978    0s] Csc Library/Bee/artifacts/2000b0aP.dag/Unity.Services.Core.Environments.dll (+2 others)
[           0s] Csc Library/Bee/artifacts/2000b0aP.dag/Unity.Services.Core.Environments.Internal.dll (+2 others) [CacheWrite 00000000000000000000000000000004]
[           0s] Csc Library/Bee/artifacts/2000b0aP.dag/Unity.Services.Core.Device.dll (+2 others) [CacheWrite 00000000000000000000000000000004]
[660/978    0s] Csc Library/Bee/artifacts/2000b0aP.dag/Unity.Services.Core.Configuration.dll (+2 others)
[           0s] Csc Library/Bee/artifacts/2000b0aP.dag/Unity.Mathematics.dll (+2 others) [CacheWrite 00000000000000000000000000000004]
[661/978    0s] Csc Library/Bee/artifacts/2000b0aP.dag/Unity.Services.Authentication.PlayerAccounts.dll (+2 others)
[           0s] Csc Library/Bee/artifacts/2000b0aP.dag/Unity.Services.Wire.Internal.dll (+2 others) [CacheWrite 00000000000000000000000000000004]
[           0s] Csc Library/Bee/artifacts/2000b0aP.dag/Unity.Services.Core.Telemetry.dll (+2 others) [CacheWrite 00000000000000000000000000000004]
[           0s] Csc Library/Bee/artifacts/2000b0aP.dag/Unity.Services.Core.Networking.dll (+2 others) [CacheWrite 00000000000000000000000000000004]
[           0s] Csc Library/Bee/artifacts/2000b0aP.dag/Unity.Services.Core.Environments.dll (+2 others) [CacheWrite 00000000000000000000000000000004]
[           0s] Csc Library/Bee/artifacts/2000b0aP.dag/Unity.Services.Core.Scheduler.dll (+2 others) [CacheWrite 00000000000000000000000000000004]
[           0s] Csc Library/Bee/artifacts/2000b0aP.dag/Unity.Services.Core.Threading.dll (+2 others) [CacheWrite 00000000000000000000000000000004]
[           0s] Csc Library/Bee/artifacts/2000b0aP.dag/Unity.Services.Core.Configuration.dll (+2 others) [CacheWrite 00000000000000000000000000000004]
[662/978    0s] Csc Library/Bee/artifacts/WebGL_CodeGen/Unity.Burst.dll (+2 others)
[           0s] Csc Library/Bee/artifacts/2000b0aP.dag/Unity.Services.Authentication.PlayerAccounts.dll (+2 others) [CacheWrite 00000000000000000000000000000004]
[663/978    0s] Csc Library/Bee/artifacts/2000b0aP.dag/Unity.InputSystem.ForUI.dll (+2 others)
[           0s] Csc Library/Bee/artifacts/WebGL_CodeGen/Unity.Burst.dll (+2 others) [CacheWrite 00000000000000000000000000000004]
[           0s] Csc Library/Bee/artifacts/2000b0aP.dag/Unity.InputSystem.ForUI.dll (+2 others) [CacheWrite 00000000000000000000000000000004]
[664/978    0s] MovedFromExtractor Library/Bee/artifacts/mvdfrm/Unity.Services.Core.Device.ref.dll_4FEC43D3348D7C52.mvfrm
[665/978    0s] MovedFromExtractor Library/Bee/artifacts/mvdfrm/Unity.Services.Core.Environments.Internal.ref.dll_88CB03C51EFCA385.mvfrm
[666/978    0s] MovedFromExtractor Library/Bee/artifacts/mvdfrm/Unity.Services.Core.Telemetry.ref.dll_13D648244282F143.mvfrm
[667/978    0s] MovedFromExtractor Library/Bee/artifacts/mvdfrm/Unity.Mathematics.ref.dll_C72EBE726BBE86FF.mvfrm
[668/978    0s] MovedFromExtractor Library/Bee/artifacts/mvdfrm/Unity.Services.Core.Environments.ref.dll_E25E0BCB1703C24C.mvfrm
[669/978    0s] MovedFromExtractor Library/Bee/artifacts/mvdfrm/Unity.Services.Core.Threading.ref.dll_0B8DBE42C111F282.mvfrm
[670/978    0s] MovedFromExtractor Library/Bee/artifacts/mvdfrm/Unity.Services.Core.Scheduler.ref.dll_07E12F31A98EBD55.mvfrm
[671/978    0s] MovedFromExtractor Library/Bee/artifacts/mvdfrm/Unity.Services.Core.Configuration.ref.dll_0B3FFE8F28737420.mvfrm
[672/978    0s] MovedFromExtractor Library/Bee/artifacts/mvdfrm/Unity.Burst.ref.dll_903A8A835E45D671.mvfrm
[673/978    0s] MovedFromExtractor-Combine Library/Bee/artifacts/2000b0aP.dag/glTFast.Export.dll.mvfrm
[674/978    0s] MovedFromExtractor-Combine Library/Bee/artifacts/2000b0aP.dag/Unity.Collections.dll.mvfrm
[675/978    0s] MovedFromExtractor-Combine Library/Bee/artifacts/2000b0aP.dag/glTFast.Documentation.Examples.dll.mvfrm
[676/978    0s] MovedFromExtractor-Combine Library/Bee/artifacts/2000b0aP.dag/Unity.Services.Core.Components.dll.mvfrm
[677/978    0s] MovedFromExtractor-Combine Library/Bee/artifacts/2000b0aP.dag/Unity.Services.Core.Registration.dll.mvfrm
[678/978    0s] MovedFromExtractor-Combine Library/Bee/artifacts/WebGL_CodeGen/Unity.Burst.CodeGen.dll.mvfrm
[679/978    0s] Csc Library/Bee/artifacts/2000b0aP.dag/Unity.Services.Core.Components.dll (+2 others)
[680/978    0s] Csc Library/Bee/artifacts/2000b0aP.dag/Unity.Services.Core.Registration.dll (+2 others)
[           0s] Csc Library/Bee/artifacts/2000b0aP.dag/Unity.Services.Core.Components.dll (+2 others) [CacheWrite 00000000000000000000000000000004]
[           0s] Csc Library/Bee/artifacts/2000b0aP.dag/Unity.Services.Core.Registration.dll (+2 others) [CacheWrite 00000000000000000000000000000004]
[681/978    0s] Csc Library/Bee/artifacts/WebGL_CodeGen/Unity.Burst.CodeGen.dll (+2 others)
[           0s] Csc Library/Bee/artifacts/WebGL_CodeGen/Unity.Burst.CodeGen.dll (+2 others) [CacheWrite 00000000000000000000000000000004]
[682/978    0s] MovedFromExtractor Library/Bee/artifacts/mvdfrm/Unity.Services.Core.Components.ref.dll_3E801F0B80EB12E2.mvfrm
[683/978    1s] Csc Library/Bee/artifacts/WebGL_CodeGen/Unity.Mathematics.dll (+2 others)
[           0s] Csc Library/Bee/artifacts/WebGL_CodeGen/Unity.Mathematics.dll (+2 others) [CacheWrite 00000000000000000000000000000004]
[684/978    0s] MovedFromExtractor-Combine Library/Bee/artifacts/2000b0aP.dag/Unity.Services.Authentication.dll.mvfrm
[685/978    0s] MovedFromExtractor Library/Bee/artifacts/mvdfrm/Unity.Mathematics.ref.dll_CFF9D4763AEE01B7.mvfrm
[686/978    0s] Csc Library/Bee/artifacts/2000b0aP.dag/Unity.Collections.dll (+2 others)
[           0s] Csc Library/Bee/artifacts/2000b0aP.dag/Unity.Collections.dll (+2 others) [CacheWrite 00000000000000000000000000000004]
[687/978    0s] MovedFromExtractor-Combine Library/Bee/artifacts/WebGL_CodeGen/Unity.Collections.dll.mvfrm
[688/978    0s] Csc Library/Bee/artifacts/2000b0aP.dag/Unity.Services.Authentication.dll (+2 others)
[           0s] Csc Library/Bee/artifacts/2000b0aP.dag/Unity.Services.Authentication.dll (+2 others) [CacheWrite 00000000000000000000000000000004]
[689/978    0s] MovedFromExtractor Library/Bee/artifacts/mvdfrm/Unity.Collections.ref.dll_43AC5767C5E30E7E.mvfrm
[690/978    0s] MovedFromExtractor Library/Bee/artifacts/mvdfrm/Unity.Services.Authentication.ref.dll_C3FEB44DEF7F8A51.mvfrm
[691/978    0s] MovedFromExtractor-Combine Library/Bee/artifacts/2000b0aP.dag/Unity.Services.QoS.dll.mvfrm
[692/978    0s] MovedFromExtractor-Combine Library/Bee/artifacts/2000b0aP.dag/glTFast.dll.mvfrm
[693/978    0s] MovedFromExtractor-Combine Library/Bee/artifacts/2000b0aP.dag/Unity.Networking.Transport.dll.mvfrm
[694/978    0s] MovedFromExtractor-Combine Library/Bee/artifacts/2000b0aP.dag/Unity.Multiplayer.Tools.NetStats.dll.mvfrm
[695/978    0s] MovedFromExtractor-Combine Library/Bee/artifacts/2000b0aP.dag/glTFast.dots.dll.mvfrm
[696/978    0s] MovedFromExtractor-Combine Library/Bee/artifacts/2000b0aP.dag/Unity.Services.Vivox.dll.mvfrm
[697/978    0s] Csc Library/Bee/artifacts/2000b0aP.dag/Unity.Multiplayer.Tools.NetStats.dll (+2 others)
[698/978    0s] Csc Library/Bee/artifacts/2000b0aP.dag/Unity.Services.QoS.dll (+2 others)
[           0s] Csc Library/Bee/artifacts/2000b0aP.dag/Unity.Multiplayer.Tools.NetStats.dll (+2 others) [CacheWrite 00000000000000000000000000000004]
[           0s] Csc Library/Bee/artifacts/2000b0aP.dag/Unity.Services.QoS.dll (+2 others) [CacheWrite 00000000000000000000000000000004]
[699/978    0s] Csc Library/Bee/artifacts/2000b0aP.dag/Unity.Networking.Transport.dll (+2 others)
[           0s] Csc Library/Bee/artifacts/2000b0aP.dag/Unity.Networking.Transport.dll (+2 others) [CacheWrite 00000000000000000000000000000004]
[700/978    0s] MovedFromExtractor Library/Bee/artifacts/mvdfrm/Unity.Multiplayer.Tools.NetStats.ref.dll_99D028CB8FC90CB6.mvfrm
[701/978    0s] MovedFromExtractor Library/Bee/artifacts/mvdfrm/Unity.Services.QoS.ref.dll_C1FBA6E02EE05542.mvfrm
[702/978    0s] Csc Library/Bee/artifacts/WebGL_CodeGen/Unity.Collections.dll (+2 others)
[703/978    0s] Csc Library/Bee/artifacts/2000b0aP.dag/glTFast.dll (+2 others)
[           0s] Csc Library/Bee/artifacts/WebGL_CodeGen/Unity.Collections.dll (+2 others) [CacheWrite 00000000000000000000000000000004]
[           0s] Csc Library/Bee/artifacts/2000b0aP.dag/glTFast.dll (+2 others) [CacheWrite 00000000000000000000000000000004]
[704/978    0s] MovedFromExtractor Library/Bee/artifacts/mvdfrm/Unity.Networking.Transport.ref.dll_5335104F09D07D6C.mvfrm
[705/978    0s] MovedFromExtractor-Combine Library/Bee/artifacts/2000b0aP.dag/Unity.Multiplayer.Tools.MetricTypes.dll.mvfrm
[706/978    0s] MovedFromExtractor-Combine Library/Bee/artifacts/2000b0aP.dag/Unity.Multiplayer.Tools.Adapters.dll.mvfrm
[707/978    0s] MovedFromExtractor Library/Bee/artifacts/mvdfrm/Unity.Collections.ref.dll_4C776D6B95128936.mvfrm
[708/978    0s] Csc Library/Bee/artifacts/2000b0aP.dag/glTFast.dots.dll (+2 others)
[709/978    0s] MovedFromExtractor-Combine Library/Bee/artifacts/WebGL_CodeGen/Unity.Collections.CodeGen.dll.mvfrm
[710/978    0s] Csc Library/Bee/artifacts/2000b0aP.dag/glTFast.Newtonsoft.dll (+2 others)
[           0s] Csc Library/Bee/artifacts/2000b0aP.dag/glTFast.dots.dll (+2 others) [CacheWrite 00000000000000000000000000000004]
[711/978    0s] MovedFromExtractor-Combine Library/Bee/artifacts/WebGL_CodeGen/Unity.Multiplayer.Tools.NetStats.dll.mvfrm
[712/978    0s] MovedFromExtractor-Combine Library/Bee/artifacts/WebGL_CodeGen/Unity.Networking.Transport.dll.mvfrm
[713/978    0s] Csc Library/Bee/artifacts/2000b0aP.dag/Unity.Multiplayer.Tools.Adapters.dll (+2 others)
[714/978    0s] Csc Library/Bee/artifacts/2000b0aP.dag/Unity.Multiplayer.Tools.MetricTypes.dll (+2 others)
[           0s] Csc Library/Bee/artifacts/2000b0aP.dag/glTFast.Newtonsoft.dll (+2 others) [CacheWrite 00000000000000000000000000000004]
[           0s] Csc Library/Bee/artifacts/2000b0aP.dag/Unity.Multiplayer.Tools.Adapters.dll (+2 others) [CacheWrite 00000000000000000000000000000004]
[           0s] Csc Library/Bee/artifacts/2000b0aP.dag/Unity.Multiplayer.Tools.MetricTypes.dll (+2 others) [CacheWrite 00000000000000000000000000000004]
[715/978    0s] Csc Library/Bee/artifacts/2000b0aP.dag/glTFast.Export.dll (+2 others)
[           0s] Csc Library/Bee/artifacts/2000b0aP.dag/glTFast.Export.dll (+2 others) [CacheWrite 00000000000000000000000000000004]
[716/978    0s] MovedFromExtractor Library/Bee/artifacts/mvdfrm/Unity.Multiplayer.Tools.Adapters.ref.dll_6A54A787FC49D458.mvfrm
[717/978    0s] MovedFromExtractor Library/Bee/artifacts/mvdfrm/Unity.Multiplayer.Tools.MetricTypes.ref.dll_576236B14F3AB67B.mvfrm
[718/978    0s] Csc Library/Bee/artifacts/WebGL_CodeGen/Unity.Multiplayer.Tools.NetStats.dll (+2 others)
[719/978    0s] Csc Library/Bee/artifacts/WebGL_CodeGen/Unity.Collections.CodeGen.dll (+2 others)
[720/978    0s] MovedFromExtractor-Combine Library/Bee/artifacts/2000b0aP.dag/Unity.Multiplayer.Tools.Adapters.Utp2.dll.mvfrm
[721/978    0s] MovedFromExtractor-Combine Library/Bee/artifacts/2000b0aP.dag/Unity.Multiplayer.Tools.NetVis.Configuration.dll.mvfrm
[           0s] Csc Library/Bee/artifacts/WebGL_CodeGen/Unity.Multiplayer.Tools.NetStats.dll (+2 others) [CacheWrite 00000000000000000000000000000004]
[722/978    0s] MovedFromExtractor-Combine Library/Bee/artifacts/2000b0aP.dag/Unity.Multiplayer.Tools.NetworkProfiler.Runtime.dll.mvfrm
[723/978    0s] MovedFromExtractor-Combine Library/Bee/artifacts/2000b0aP.dag/Unity.Multiplayer.Tools.MetricEvents.dll.mvfrm
[           0s] Csc Library/Bee/artifacts/WebGL_CodeGen/Unity.Collections.CodeGen.dll (+2 others) [CacheWrite 00000000000000000000000000000004]
[724/978    0s] MovedFromExtractor-Combine Library/Bee/artifacts/2000b0aP.dag/Unity.Multiplayer.Tools.NetStatsMonitor.Configuration.dll.mvfrm
[725/978    0s] Csc Library/Bee/artifacts/WebGL_CodeGen/Unity.Networking.Transport.dll (+2 others)
[726/978    1s] Csc Library/Bee/artifacts/2000b0aP.dag/Unity.Services.Vivox.dll (+2 others)
[727/978    0s] Csc Library/Bee/artifacts/2000b0aP.dag/glTFast.Documentation.Examples.dll (+2 others)
[           0s] Csc Library/Bee/artifacts/WebGL_CodeGen/Unity.Networking.Transport.dll (+2 others) [CacheWrite 00000000000000000000000000000004]
[           0s] Csc Library/Bee/artifacts/2000b0aP.dag/Unity.Services.Vivox.dll (+2 others) [CacheWrite 00000000000000000000000000000004]
[           0s] Csc Library/Bee/artifacts/2000b0aP.dag/glTFast.Documentation.Examples.dll (+2 others) [CacheWrite 00000000000000000000000000000004]
[728/978    0s] MovedFromExtractor Library/Bee/artifacts/mvdfrm/Unity.Multiplayer.Tools.NetStats.ref.dll_B5A9B087E909097E.mvfrm
[729/978    0s] Csc Library/Bee/artifacts/2000b0aP.dag/Unity.Multiplayer.Tools.Adapters.Utp2.dll (+2 others)
[730/978    0s] Csc Library/Bee/artifacts/2000b0aP.dag/Unity.Multiplayer.Tools.MetricEvents.dll (+2 others)
[           0s] Csc Library/Bee/artifacts/2000b0aP.dag/Unity.Multiplayer.Tools.Adapters.Utp2.dll (+2 others) [CacheWrite 00000000000000000000000000000004]
[731/978    0s] Csc Library/Bee/artifacts/2000b0aP.dag/Unity.Multiplayer.Tools.NetworkProfiler.Runtime.dll (+2 others)
[732/978    0s] Csc Library/Bee/artifacts/2000b0aP.dag/Unity.Multiplayer.Tools.NetStatsMonitor.Configuration.dll (+2 others)
[           0s] Csc Library/Bee/artifacts/2000b0aP.dag/Unity.Multiplayer.Tools.MetricEvents.dll (+2 others) [CacheWrite 00000000000000000000000000000004]
[733/978    0s] Csc Library/Bee/artifacts/2000b0aP.dag/Unity.Multiplayer.Tools.NetVis.Configuration.dll (+2 others)
[734/978    0s] MovedFromExtractor-Combine Library/Bee/artifacts/WebGL_CodeGen/Unity.Multiplayer.Tools.NetStats.CodeGen.dll.mvfrm
[735/978    0s] MovedFromExtractor-Combine Library/Bee/artifacts/WebGL_CodeGen/Unity.Multiplayer.Tools.MetricTypes.dll.mvfrm
[           0s] Csc Library/Bee/artifacts/2000b0aP.dag/Unity.Multiplayer.Tools.NetworkProfiler.Runtime.dll (+2 others) [CacheWrite 00000000000000000000000000000004]
[736/978    0s] MovedFromExtractor Library/Bee/artifacts/mvdfrm/Unity.Networking.Transport.ref.dll_D3357F0323967F34.mvfrm
[           0s] Csc Library/Bee/artifacts/2000b0aP.dag/Unity.Multiplayer.Tools.NetStatsMonitor.Configuration.dll (+2 others) [CacheWrite 00000000000000000000000000000004]
[           0s] Csc Library/Bee/artifacts/2000b0aP.dag/Unity.Multiplayer.Tools.NetVis.Configuration.dll (+2 others) [CacheWrite 00000000000000000000000000000004]
[737/978    0s] MovedFromExtractor Library/Bee/artifacts/mvdfrm/Unity.Services.Vivox.ref.dll_C2D4A3A5E7ECF209.mvfrm
[738/978    0s] MovedFromExtractor Library/Bee/artifacts/mvdfrm/Unity.Multiplayer.Tools.Adapters.Utp2.ref.dll_008F431955863D2D.mvfrm
[739/978    0s] MovedFromExtractor Library/Bee/artifacts/mvdfrm/Unity.Multiplayer.Tools.MetricEvents.ref.dll_2AB9AB41B4B073FD.mvfrm
[740/978    0s] MovedFromExtractor Library/Bee/artifacts/mvdfrm/Unity.Multiplayer.Tools.NetVis.Configuration.ref.dll_0943A89F1483FE1F.mvfrm
[741/978    0s] MovedFromExtractor Library/Bee/artifacts/mvdfrm/Unity.Multiplayer.Tools.NetStatsMonitor.Configuration.ref.dll_F81E5BEE68866AB2.mvfrm
[742/978    0s] MovedFromExtractor-Combine Library/Bee/artifacts/2000b0aP.dag/Unity.Multiplayer.Tools.NetworkSimulator.Runtime.dll.mvfrm
[743/978    0s] Csc Library/Bee/artifacts/WebGL_CodeGen/Unity.Multiplayer.Tools.MetricTypes.dll (+2 others)
[744/978    0s] MovedFromExtractor-Combine Library/Bee/artifacts/2000b0aP.dag/Unity.Multiplayer.Tools.NetStatsReporting.dll.mvfrm
[745/978    0s] MovedFromExtractor-Combine Library/Bee/artifacts/2000b0aP.dag/Unity.Multiplayer.Tools.MetricTestData.dll.mvfrm
[746/978    0s] Csc Library/Bee/artifacts/WebGL_CodeGen/Unity.Multiplayer.Tools.NetStats.CodeGen.dll (+2 others)
[747/978    0s] MovedFromExtractor-Combine Library/Bee/artifacts/2000b0aP.dag/Unity.Multiplayer.Tools.NetStatsMonitor.Implementation.dll.mvfrm
[748/978    0s] MovedFromExtractor-Combine Library/Bee/artifacts/2000b0aP.dag/Unity.Multiplayer.Tools.Initialization.dll.mvfrm
[           0s] Csc Library/Bee/artifacts/WebGL_CodeGen/Unity.Multiplayer.Tools.MetricTypes.dll (+2 others) [CacheWrite 00000000000000000000000000000004]
[           0s] Csc Library/Bee/artifacts/WebGL_CodeGen/Unity.Multiplayer.Tools.NetStats.CodeGen.dll (+2 others) [CacheWrite 00000000000000000000000000000004]
[749/978    0s] MovedFromExtractor Library/Bee/artifacts/mvdfrm/Unity.Multiplayer.Tools.MetricTypes.ref.dll_6D63EC091CCCF033.mvfrm
[750/978    0s] Csc Library/Bee/artifacts/2000b0aP.dag/Unity.Multiplayer.Tools.NetworkSimulator.Runtime.dll (+2 others)
[751/978    0s] Csc Library/Bee/artifacts/2000b0aP.dag/Unity.Multiplayer.Tools.NetStatsReporting.dll (+2 others)
[752/978    0s] Csc Library/Bee/artifacts/2000b0aP.dag/Unity.Multiplayer.Tools.MetricTestData.dll (+2 others)
[           0s] Csc Library/Bee/artifacts/2000b0aP.dag/Unity.Multiplayer.Tools.NetworkSimulator.Runtime.dll (+2 others) [CacheWrite 00000000000000000000000000000004]
[753/978    0s] Csc Library/Bee/artifacts/2000b0aP.dag/Unity.Multiplayer.Tools.Initialization.dll (+2 others)
[           0s] Csc Library/Bee/artifacts/2000b0aP.dag/Unity.Multiplayer.Tools.NetStatsReporting.dll (+2 others) [CacheWrite 00000000000000000000000000000004]
[           0s] Csc Library/Bee/artifacts/2000b0aP.dag/Unity.Multiplayer.Tools.MetricTestData.dll (+2 others) [CacheWrite 00000000000000000000000000000004]
[           0s] Csc Library/Bee/artifacts/2000b0aP.dag/Unity.Multiplayer.Tools.Initialization.dll (+2 others) [CacheWrite 00000000000000000000000000000004]
[754/978    0s] Csc Library/Bee/artifacts/2000b0aP.dag/Unity.Multiplayer.Tools.NetStatsMonitor.Implementation.dll (+2 others)
[755/978    0s] MovedFromExtractor-Combine Library/Bee/artifacts/WebGL_CodeGen/Unity.Multiplayer.Tools.MetricEvents.dll.mvfrm
[           0s] Csc Library/Bee/artifacts/2000b0aP.dag/Unity.Multiplayer.Tools.NetStatsMonitor.Implementation.dll (+2 others) [CacheWrite 00000000000000000000000000000004]
[756/978    0s] MovedFromExtractor Library/Bee/artifacts/mvdfrm/Unity.Multiplayer.Tools.NetStatsReporting.ref.dll_ADA5CF5CC31BBCDE.mvfrm
[757/978    0s] MovedFromExtractor Library/Bee/artifacts/mvdfrm/Unity.Multiplayer.Tools.NetStatsMonitor.Implementation.ref.dll_AFBA2CD54792406C.mvfrm
[758/978    0s] MovedFromExtractor-Combine Library/Bee/artifacts/2000b0aP.dag/Unity.Netcode.Runtime.dll.mvfrm
[759/978    0s] Csc Library/Bee/artifacts/WebGL_CodeGen/Unity.Multiplayer.Tools.MetricEvents.dll (+2 others)
[           0s] Csc Library/Bee/artifacts/WebGL_CodeGen/Unity.Multiplayer.Tools.MetricEvents.dll (+2 others) [CacheWrite 00000000000000000000000000000004]
[760/978    0s] MovedFromExtractor-Combine Library/Bee/artifacts/2000b0aP.dag/Unity.Multiplayer.Tools.NetStatsMonitor.Component.dll.mvfrm
[761/978    0s] MovedFromExtractor Library/Bee/artifacts/mvdfrm/Unity.Multiplayer.Tools.MetricEvents.ref.dll_B609144307D562C5.mvfrm
[762/978    0s] Csc Library/Bee/artifacts/2000b0aP.dag/Unity.Multiplayer.Tools.NetStatsMonitor.Component.dll (+2 others)
[763/978    0s] MovedFromExtractor-Combine Library/Bee/artifacts/WebGL_CodeGen/Unity.Multiplayer.Tools.NetStatsReporting.dll.mvfrm
[           0s] Csc Library/Bee/artifacts/2000b0aP.dag/Unity.Multiplayer.Tools.NetStatsMonitor.Component.dll (+2 others) [CacheWrite 00000000000000000000000000000004]
[764/978    0s] Csc Library/Bee/artifacts/WebGL_CodeGen/Unity.Multiplayer.Tools.NetStatsReporting.dll (+2 others)
[765/978    0s] Csc Library/Bee/artifacts/2000b0aP.dag/Unity.Netcode.Runtime.dll (+2 others)
[           0s] Csc Library/Bee/artifacts/WebGL_CodeGen/Unity.Multiplayer.Tools.NetStatsReporting.dll (+2 others) [CacheWrite 00000000000000000000000000000004]
[           0s] Csc Library/Bee/artifacts/2000b0aP.dag/Unity.Netcode.Runtime.dll (+2 others) [CacheWrite 00000000000000000000000000000004]
[766/978    0s] MovedFromExtractor Library/Bee/artifacts/mvdfrm/Unity.Multiplayer.Tools.NetStatsReporting.ref.dll_A047682CB8A54B96.mvfrm
[767/978    0s] MovedFromExtractor Library/Bee/artifacts/mvdfrm/Unity.Netcode.Runtime.ref.dll_8907B1206E826B6D.mvfrm
[768/978    0s] MovedFromExtractor-Combine Library/Bee/artifacts/WebGL_CodeGen/Unity.Netcode.Runtime.dll.mvfrm
[769/978    0s] MovedFromExtractor-Combine Library/Bee/artifacts/2000b0aP.dag/Unity.Multiplayer.Tools.Adapters.Ngo1.dll.mvfrm
[770/978    0s] MovedFromExtractor-Combine Library/Bee/artifacts/2000b0aP.dag/Unity.Services.Multiplayer.dll.mvfrm
[771/978    0s] MovedFromExtractor-Combine Library/Bee/artifacts/2000b0aP.dag/Unity.Multiplayer.Tools.Adapters.Ngo1WithUtp2.dll.mvfrm
[772/978    0s] Csc Library/Bee/artifacts/2000b0aP.dag/Unity.Multiplayer.Tools.Adapters.Ngo1WithUtp2.dll (+2 others)
[773/978    0s] Csc Library/Bee/artifacts/2000b0aP.dag/Unity.Multiplayer.Tools.Adapters.Ngo1.dll (+2 others)
[           0s] Csc Library/Bee/artifacts/2000b0aP.dag/Unity.Multiplayer.Tools.Adapters.Ngo1WithUtp2.dll (+2 others) [CacheWrite 00000000000000000000000000000004]
[           0s] Csc Library/Bee/artifacts/2000b0aP.dag/Unity.Multiplayer.Tools.Adapters.Ngo1.dll (+2 others) [CacheWrite 00000000000000000000000000000004]
[774/978    0s] Csc Library/Bee/artifacts/WebGL_CodeGen/Unity.Netcode.Runtime.dll (+2 others)
[           0s] Csc Library/Bee/artifacts/WebGL_CodeGen/Unity.Netcode.Runtime.dll (+2 others) [CacheWrite 00000000000000000000000000000004]
[775/978    0s] Csc Library/Bee/artifacts/2000b0aP.dag/Unity.Services.Multiplayer.dll (+2 others)
[           0s] Csc Library/Bee/artifacts/2000b0aP.dag/Unity.Services.Multiplayer.dll (+2 others) [CacheWrite 00000000000000000000000000000004]
[776/978    0s] MovedFromExtractor Library/Bee/artifacts/mvdfrm/Unity.Netcode.Runtime.ref.dll_3CFDB8AEFD2ED425.mvfrm
[777/978    0s] MovedFromExtractor Library/Bee/artifacts/mvdfrm/Unity.Services.Multiplayer.ref.dll_7745433219D787E7.mvfrm
[778/978    0s] MovedFromExtractor-Combine Library/Bee/artifacts/WebGL_CodeGen/Unity.Netcode.Editor.CodeGen.dll.mvfrm
[779/978    0s] MovedFromExtractor-Combine Library/Bee/artifacts/2000b0aP.dag/Unity.Multiplayer.Center.NetcodeForGameObjectsExample.dll.mvfrm
[780/978    0s] MovedFromExtractor-Combine Library/Bee/artifacts/2000b0aP.dag/BizarreChess.dll.mvfrm
[781/978    0s] MovedFromExtractor-Combine Library/Bee/artifacts/2000b0aP.dag/Unity.Multiplayer.Widgets.Core.dll.mvfrm
[782/978    0s] Csc Library/Bee/artifacts/2000b0aP.dag/Unity.Multiplayer.Center.NetcodeForGameObjectsExample.dll (+2 others)
[783/978    0s] Csc Library/Bee/artifacts/2000b0aP.dag/Unity.Multiplayer.Widgets.Core.dll (+2 others)
[784/978    0s] Csc Library/Bee/artifacts/2000b0aP.dag/BizarreChess.dll (+2 others)
Assets\Scripts\Networking\NetworkedGameState.cs(299,20): warning CS0618: 'ServerRpcAttribute.RequireOwnership' is obsolete: 'ServerRpc with RequireOwnership is deprecated. Use [Rpc(SendTo.Server, InvokePermission = RpcInvokePermission.Everyone)] or [Rpc(SendTo.Server, InvokePermission = RpcInvokePermission.Owner)] instead.)]'

Assets\Scripts\Networking\NetworkedGameState.cs(366,20): warning CS0618: 'ServerRpcAttribute.RequireOwnership' is obsolete: 'ServerRpc with RequireOwnership is deprecated. Use [Rpc(SendTo.Server, InvokePermission = RpcInvokePermission.Everyone)] or [Rpc(SendTo.Server, InvokePermission = RpcInvokePermission.Owner)] instead.)]'

Assets\Scripts\Networking\NetworkedGameState.cs(393,20): warning CS0618: 'ServerRpcAttribute.RequireOwnership' is obsolete: 'ServerRpc with RequireOwnership is deprecated. Use [Rpc(SendTo.Server, InvokePermission = RpcInvokePermission.Everyone)] or [Rpc(SendTo.Server, InvokePermission = RpcInvokePermission.Owner)] instead.)]'

Assets\Scripts\Networking\NetworkedGameState.cs(415,20): warning CS0618: 'ServerRpcAttribute.RequireOwnership' is obsolete: 'ServerRpc with RequireOwnership is deprecated. Use [Rpc(SendTo.Server, InvokePermission = RpcInvokePermission.Everyone)] or [Rpc(SendTo.Server, InvokePermission = RpcInvokePermission.Owner)] instead.)]'

Assets\Scripts\Networking\NetworkedGameState.cs(459,20): warning CS0618: 'ServerRpcAttribute.RequireOwnership' is obsolete: 'ServerRpc with RequireOwnership is deprecated. Use [Rpc(SendTo.Server, InvokePermission = RpcInvokePermission.Everyone)] or [Rpc(SendTo.Server, InvokePermission = RpcInvokePermission.Owner)] instead.)]'

Assets\Scripts\Networking\NetworkedGameState.cs(481,20): warning CS0618: 'ServerRpcAttribute.RequireOwnership' is obsolete: 'ServerRpc with RequireOwnership is deprecated. Use [Rpc(SendTo.Server, InvokePermission = RpcInvokePermission.Everyone)] or [Rpc(SendTo.Server, InvokePermission = RpcInvokePermission.Owner)] instead.)]'

Assets\Scripts\Networking\NetworkedGameState.cs(499,20): warning CS0618: 'ServerRpcAttribute.RequireOwnership' is obsolete: 'ServerRpc with RequireOwnership is deprecated. Use [Rpc(SendTo.Server, InvokePermission = RpcInvokePermission.Everyone)] or [Rpc(SendTo.Server, InvokePermission = RpcInvokePermission.Owner)] instead.)]'

Assets\Scripts\Core\Player\PlayerColors.cs(84,29): warning CS0414: The field 'PlayerColors._initialized' is assigned but its value is never used
[785/978    0s] Csc Library/Bee/artifacts/WebGL_CodeGen/Unity.Netcode.Editor.CodeGen.dll (+2 others)
[           0s] Csc Library/Bee/artifacts/2000b0aP.dag/Unity.Multiplayer.Widgets.Core.dll (+2 others) [CacheWrite 00000000000000000000000000000004]
[           0s] Csc Library/Bee/artifacts/2000b0aP.dag/Unity.Multiplayer.Center.NetcodeForGameObjectsExample.dll (+2 others) [CacheWrite 00000000000000000000000000000004]
[           0s] Csc Library/Bee/artifacts/WebGL_CodeGen/Unity.Netcode.Editor.CodeGen.dll (+2 others) [CacheWrite 00000000000000000000000000000004]
[786/978    0s] MovedFromExtractor Library/Bee/artifacts/mvdfrm/Unity.Multiplayer.Widgets.Core.ref.dll_2543480FCC4FBC1F.mvfrm
[787/978    0s] MovedFromExtractor-Combine Library/Bee/artifacts/2000b0aP.dag/Unity.Multiplayer.Widgets.Vivox.dll.mvfrm
[788/978    0s] Csc Library/Bee/artifacts/2000b0aP.dag/Unity.Multiplayer.Widgets.Vivox.dll (+2 others)
[           0s] Csc Library/Bee/artifacts/2000b0aP.dag/Unity.Multiplayer.Widgets.Vivox.dll (+2 others) [CacheWrite 00000000000000000000000000000004]
[789/978    0s] MovedFromExtractor Library/Bee/artifacts/mvdfrm/Unity.Multiplayer.Widgets.Vivox.ref.dll_84C5FD41FAD93FE2.mvfrm
[790/978    0s] MovedFromExtractor-Combine Library/Bee/artifacts/2000b0aP.dag/Unity.Multiplayer.Widgets.Session.dll.mvfrm
[791/978    0s] ILPP-Configuration Library/ilpp-configuration.nevergeneratedoutput
[792/978    0s] ILPostProcess Library/Bee/artifacts/2000b0aP.dag/post-processed/Unity.Services.Authentication.PlayerAccounts.dll (+pdb)
Processing assembly Library/Bee/artifacts/2000b0aP.dag/Unity.Services.Authentication.PlayerAccounts.dll, with 97 defines and 196 references

processors: Unity.Jobs.CodeGen.JobsILPostProcessor, Unity.Multiplayer.Tools.NetStats.CodeGen.AssemblyProcessorMain, Unity.Netcode.Editor.CodeGen.INetworkMessageILPP, Unity.Netcode.Editor.CodeGen.INetworkSerializableILPP, Unity.Netcode.Editor.CodeGen.NetworkBehaviourILPP, Unity.Netcode.Editor.CodeGen.RuntimeAccessModifiersILPP, zzzUnity.Burst.CodeGen.BurstILPostProcessor

running Unity.Jobs.CodeGen.JobsILPostProcessor

running Unity.Multiplayer.Tools.NetStats.CodeGen.AssemblyProcessorMain

running Unity.Netcode.Editor.CodeGen.INetworkMessageILPP

running Unity.Netcode.Editor.CodeGen.INetworkSerializableILPP

running Unity.Netcode.Editor.CodeGen.NetworkBehaviourILPP

running Unity.Netcode.Editor.CodeGen.RuntimeAccessModifiersILPP

running zzzUnity.Burst.CodeGen.BurstILPostProcessor
[793/978    0s] ILPostProcess Library/Bee/artifacts/2000b0aP.dag/post-processed/Unity.Services.Core.Device.dll (+pdb)
Processing assembly Library/Bee/artifacts/2000b0aP.dag/Unity.Services.Core.Device.dll, with 97 defines and 195 references

processors: Unity.Jobs.CodeGen.JobsILPostProcessor, Unity.Multiplayer.Tools.NetStats.CodeGen.AssemblyProcessorMain, Unity.Netcode.Editor.CodeGen.INetworkMessageILPP, Unity.Netcode.Editor.CodeGen.INetworkSerializableILPP, Unity.Netcode.Editor.CodeGen.NetworkBehaviourILPP, Unity.Netcode.Editor.CodeGen.RuntimeAccessModifiersILPP, zzzUnity.Burst.CodeGen.BurstILPostProcessor

running Unity.Jobs.CodeGen.JobsILPostProcessor

running Unity.Multiplayer.Tools.NetStats.CodeGen.AssemblyProcessorMain

running Unity.Netcode.Editor.CodeGen.INetworkMessageILPP

running Unity.Netcode.Editor.CodeGen.INetworkSerializableILPP

running Unity.Netcode.Editor.CodeGen.NetworkBehaviourILPP

running Unity.Netcode.Editor.CodeGen.RuntimeAccessModifiersILPP

running zzzUnity.Burst.CodeGen.BurstILPostProcessor
[794/978    0s] ILPostProcess Library/Bee/artifacts/2000b0aP.dag/post-processed/Unity.Services.Core.Scheduler.dll (+pdb)
Processing assembly Library/Bee/artifacts/2000b0aP.dag/Unity.Services.Core.Scheduler.dll, with 97 defines and 196 references

processors: Unity.Jobs.CodeGen.JobsILPostProcessor, Unity.Multiplayer.Tools.NetStats.CodeGen.AssemblyProcessorMain, Unity.Netcode.Editor.CodeGen.INetworkMessageILPP, Unity.Netcode.Editor.CodeGen.INetworkSerializableILPP, Unity.Netcode.Editor.CodeGen.NetworkBehaviourILPP, Unity.Netcode.Editor.CodeGen.RuntimeAccessModifiersILPP, zzzUnity.Burst.CodeGen.BurstILPostProcessor

running Unity.Jobs.CodeGen.JobsILPostProcessor

running Unity.Multiplayer.Tools.NetStats.CodeGen.AssemblyProcessorMain

running Unity.Netcode.Editor.CodeGen.INetworkMessageILPP

running Unity.Netcode.Editor.CodeGen.INetworkSerializableILPP

running Unity.Netcode.Editor.CodeGen.NetworkBehaviourILPP

running Unity.Netcode.Editor.CodeGen.RuntimeAccessModifiersILPP

running zzzUnity.Burst.CodeGen.BurstILPostProcessor
[795/978    0s] ILPostProcess Library/Bee/artifacts/2000b0aP.dag/post-processed/Unity.InputSystem.ForUI.dll (+pdb)
Processing assembly Library/Bee/artifacts/2000b0aP.dag/Unity.InputSystem.ForUI.dll, with 97 defines and 195 references

processors: Unity.Jobs.CodeGen.JobsILPostProcessor, Unity.Multiplayer.Tools.NetStats.CodeGen.AssemblyProcessorMain, Unity.Netcode.Editor.CodeGen.INetworkMessageILPP, Unity.Netcode.Editor.CodeGen.INetworkSerializableILPP, Unity.Netcode.Editor.CodeGen.NetworkBehaviourILPP, Unity.Netcode.Editor.CodeGen.RuntimeAccessModifiersILPP, zzzUnity.Burst.CodeGen.BurstILPostProcessor

running Unity.Jobs.CodeGen.JobsILPostProcessor

running Unity.Multiplayer.Tools.NetStats.CodeGen.AssemblyProcessorMain

running Unity.Netcode.Editor.CodeGen.INetworkMessageILPP

running Unity.Netcode.Editor.CodeGen.INetworkSerializableILPP

running Unity.Netcode.Editor.CodeGen.NetworkBehaviourILPP

running Unity.Netcode.Editor.CodeGen.RuntimeAccessModifiersILPP

running zzzUnity.Burst.CodeGen.BurstILPostProcessor
[796/978    0s] ILPostProcess Library/Bee/artifacts/2000b0aP.dag/post-processed/Unity.Services.Core.Environments.Internal.dll (+pdb)
Processing assembly Library/Bee/artifacts/2000b0aP.dag/Unity.Services.Core.Environments.Internal.dll, with 97 defines and 195 references

processors: Unity.Jobs.CodeGen.JobsILPostProcessor, Unity.Multiplayer.Tools.NetStats.CodeGen.AssemblyProcessorMain, Unity.Netcode.Editor.CodeGen.INetworkMessageILPP, Unity.Netcode.Editor.CodeGen.INetworkSerializableILPP, Unity.Netcode.Editor.CodeGen.NetworkBehaviourILPP, Unity.Netcode.Editor.CodeGen.RuntimeAccessModifiersILPP, zzzUnity.Burst.CodeGen.BurstILPostProcessor

running Unity.Jobs.CodeGen.JobsILPostProcessor

running Unity.Multiplayer.Tools.NetStats.CodeGen.AssemblyProcessorMain

running Unity.Netcode.Editor.CodeGen.INetworkMessageILPP

running Unity.Netcode.Editor.CodeGen.INetworkSerializableILPP

running Unity.Netcode.Editor.CodeGen.NetworkBehaviourILPP

running Unity.Netcode.Editor.CodeGen.RuntimeAccessModifiersILPP

running zzzUnity.Burst.CodeGen.BurstILPostProcessor
[797/978    0s] ILPostProcess Library/Bee/artifacts/2000b0aP.dag/post-processed/Unity.Services.Core.dll (+pdb)
Processing assembly Library/Bee/artifacts/2000b0aP.dag/Unity.Services.Core.dll, with 97 defines and 194 references

processors: Unity.Jobs.CodeGen.JobsILPostProcessor, Unity.Multiplayer.Tools.NetStats.CodeGen.AssemblyProcessorMain, Unity.Netcode.Editor.CodeGen.INetworkMessageILPP, Unity.Netcode.Editor.CodeGen.INetworkSerializableILPP, Unity.Netcode.Editor.CodeGen.NetworkBehaviourILPP, Unity.Netcode.Editor.CodeGen.RuntimeAccessModifiersILPP, zzzUnity.Burst.CodeGen.BurstILPostProcessor

running Unity.Jobs.CodeGen.JobsILPostProcessor

running Unity.Multiplayer.Tools.NetStats.CodeGen.AssemblyProcessorMain

running Unity.Netcode.Editor.CodeGen.INetworkMessageILPP

running Unity.Netcode.Editor.CodeGen.INetworkSerializableILPP

running Unity.Netcode.Editor.CodeGen.NetworkBehaviourILPP

running Unity.Netcode.Editor.CodeGen.RuntimeAccessModifiersILPP

running zzzUnity.Burst.CodeGen.BurstILPostProcessor
[798/978    0s] ILPostProcess Library/Bee/artifacts/2000b0aP.dag/post-processed/Unity.Multiplayer.Widgets.Vivox.dll (+pdb)
Processing assembly Library/Bee/artifacts/2000b0aP.dag/Unity.Multiplayer.Widgets.Vivox.dll, with 98 defines and 200 references

processors: Unity.Jobs.CodeGen.JobsILPostProcessor, Unity.Multiplayer.Tools.NetStats.CodeGen.AssemblyProcessorMain, Unity.Netcode.Editor.CodeGen.INetworkMessageILPP, Unity.Netcode.Editor.CodeGen.INetworkSerializableILPP, Unity.Netcode.Editor.CodeGen.NetworkBehaviourILPP, Unity.Netcode.Editor.CodeGen.RuntimeAccessModifiersILPP, zzzUnity.Burst.CodeGen.BurstILPostProcessor

running Unity.Jobs.CodeGen.JobsILPostProcessor

running Unity.Multiplayer.Tools.NetStats.CodeGen.AssemblyProcessorMain

running Unity.Netcode.Editor.CodeGen.INetworkMessageILPP

running Unity.Netcode.Editor.CodeGen.INetworkSerializableILPP

running Unity.Netcode.Editor.CodeGen.NetworkBehaviourILPP

running Unity.Netcode.Editor.CodeGen.RuntimeAccessModifiersILPP

running zzzUnity.Burst.CodeGen.BurstILPostProcessor
[799/978    0s] Csc Library/Bee/artifacts/2000b0aP.dag/Unity.Multiplayer.Widgets.Session.dll (+2 others)
[800/978    0s] ILPostProcess Library/Bee/artifacts/2000b0aP.dag/post-processed/Unity.Profiling.Core.dll (+pdb)
Processing assembly Library/Bee/artifacts/2000b0aP.dag/Unity.Profiling.Core.dll, with 97 defines and 194 references

processors: Unity.Jobs.CodeGen.JobsILPostProcessor, Unity.Multiplayer.Tools.NetStats.CodeGen.AssemblyProcessorMain, Unity.Netcode.Editor.CodeGen.INetworkMessageILPP, Unity.Netcode.Editor.CodeGen.INetworkSerializableILPP, Unity.Netcode.Editor.CodeGen.NetworkBehaviourILPP, Unity.Netcode.Editor.CodeGen.RuntimeAccessModifiersILPP, zzzUnity.Burst.CodeGen.BurstILPostProcessor

running Unity.Jobs.CodeGen.JobsILPostProcessor

running Unity.Multiplayer.Tools.NetStats.CodeGen.AssemblyProcessorMain

running Unity.Netcode.Editor.CodeGen.INetworkMessageILPP

running Unity.Netcode.Editor.CodeGen.INetworkSerializableILPP

running Unity.Netcode.Editor.CodeGen.NetworkBehaviourILPP

running Unity.Netcode.Editor.CodeGen.RuntimeAccessModifiersILPP

running zzzUnity.Burst.CodeGen.BurstILPostProcessor
[801/978    0s] ILPostProcess Library/Bee/artifacts/2000b0aP.dag/post-processed/Unity.Multiplayer.Center.Common.dll (+pdb)
Processing assembly Library/Bee/artifacts/2000b0aP.dag/Unity.Multiplayer.Center.Common.dll, with 97 defines and 194 references

processors: Unity.Jobs.CodeGen.JobsILPostProcessor, Unity.Multiplayer.Tools.NetStats.CodeGen.AssemblyProcessorMain, Unity.Netcode.Editor.CodeGen.INetworkMessageILPP, Unity.Netcode.Editor.CodeGen.INetworkSerializableILPP, Unity.Netcode.Editor.CodeGen.NetworkBehaviourILPP, Unity.Netcode.Editor.CodeGen.RuntimeAccessModifiersILPP, zzzUnity.Burst.CodeGen.BurstILPostProcessor

running Unity.Jobs.CodeGen.JobsILPostProcessor

running Unity.Multiplayer.Tools.NetStats.CodeGen.AssemblyProcessorMain

running Unity.Netcode.Editor.CodeGen.INetworkMessageILPP

running Unity.Netcode.Editor.CodeGen.INetworkSerializableILPP

running Unity.Netcode.Editor.CodeGen.NetworkBehaviourILPP

running Unity.Netcode.Editor.CodeGen.RuntimeAccessModifiersILPP

running zzzUnity.Burst.CodeGen.BurstILPostProcessor
[802/978    0s] ILPostProcess Library/Bee/artifacts/2000b0aP.dag/post-processed/Unity.Services.Vivox.dll (+pdb)
Processing assembly Library/Bee/artifacts/2000b0aP.dag/Unity.Services.Vivox.dll, with 98 defines and 197 references

processors: Unity.Jobs.CodeGen.JobsILPostProcessor, Unity.Multiplayer.Tools.NetStats.CodeGen.AssemblyProcessorMain, Unity.Netcode.Editor.CodeGen.INetworkMessageILPP, Unity.Netcode.Editor.CodeGen.INetworkSerializableILPP, Unity.Netcode.Editor.CodeGen.NetworkBehaviourILPP, Unity.Netcode.Editor.CodeGen.RuntimeAccessModifiersILPP, zzzUnity.Burst.CodeGen.BurstILPostProcessor

running Unity.Jobs.CodeGen.JobsILPostProcessor

running Unity.Multiplayer.Tools.NetStats.CodeGen.AssemblyProcessorMain

running Unity.Netcode.Editor.CodeGen.INetworkMessageILPP

running Unity.Netcode.Editor.CodeGen.INetworkSerializableILPP

running Unity.Netcode.Editor.CodeGen.NetworkBehaviourILPP

running Unity.Netcode.Editor.CodeGen.RuntimeAccessModifiersILPP

running zzzUnity.Burst.CodeGen.BurstILPostProcessor
[803/978    0s] ILPostProcess Library/Bee/artifacts/2000b0aP.dag/post-processed/Unity.Services.Core.Analytics.dll (+pdb)
Processing assembly Library/Bee/artifacts/2000b0aP.dag/Unity.Services.Core.Analytics.dll, with 97 defines and 195 references

processors: Unity.Jobs.CodeGen.JobsILPostProcessor, Unity.Multiplayer.Tools.NetStats.CodeGen.AssemblyProcessorMain, Unity.Netcode.Editor.CodeGen.INetworkMessageILPP, Unity.Netcode.Editor.CodeGen.INetworkSerializableILPP, Unity.Netcode.Editor.CodeGen.NetworkBehaviourILPP, Unity.Netcode.Editor.CodeGen.RuntimeAccessModifiersILPP, zzzUnity.Burst.CodeGen.BurstILPostProcessor

running Unity.Jobs.CodeGen.JobsILPostProcessor

running Unity.Multiplayer.Tools.NetStats.CodeGen.AssemblyProcessorMain

running Unity.Netcode.Editor.CodeGen.INetworkMessageILPP

running Unity.Netcode.Editor.CodeGen.INetworkSerializableILPP

running Unity.Netcode.Editor.CodeGen.NetworkBehaviourILPP

running Unity.Netcode.Editor.CodeGen.RuntimeAccessModifiersILPP

running zzzUnity.Burst.CodeGen.BurstILPostProcessor
[           0s] Csc Library/Bee/artifacts/2000b0aP.dag/Unity.Multiplayer.Widgets.Session.dll (+2 others) [CacheWrite 00000000000000000000000000000004]
[804/978    0s] ILPostProcess Library/Bee/artifacts/2000b0aP.dag/post-processed/Unity.Mathematics.dll (+pdb)
Processing assembly Library/Bee/artifacts/2000b0aP.dag/Unity.Mathematics.dll, with 97 defines and 194 references

processors: Unity.Jobs.CodeGen.JobsILPostProcessor, Unity.Multiplayer.Tools.NetStats.CodeGen.AssemblyProcessorMain, Unity.Netcode.Editor.CodeGen.INetworkMessageILPP, Unity.Netcode.Editor.CodeGen.INetworkSerializableILPP, Unity.Netcode.Editor.CodeGen.NetworkBehaviourILPP, Unity.Netcode.Editor.CodeGen.RuntimeAccessModifiersILPP, zzzUnity.Burst.CodeGen.BurstILPostProcessor

running Unity.Jobs.CodeGen.JobsILPostProcessor

running Unity.Multiplayer.Tools.NetStats.CodeGen.AssemblyProcessorMain

running Unity.Netcode.Editor.CodeGen.INetworkMessageILPP

running Unity.Netcode.Editor.CodeGen.INetworkSerializableILPP

running Unity.Netcode.Editor.CodeGen.NetworkBehaviourILPP

running Unity.Netcode.Editor.CodeGen.RuntimeAccessModifiersILPP

running zzzUnity.Burst.CodeGen.BurstILPostProcessor
[805/978    0s] ILPostProcess Library/Bee/artifacts/2000b0aP.dag/post-processed/Unity.InputSystem.dll (+pdb)
Processing assembly Library/Bee/artifacts/2000b0aP.dag/Unity.InputSystem.dll, with 110 defines and 194 references

processors: Unity.Jobs.CodeGen.JobsILPostProcessor, Unity.Multiplayer.Tools.NetStats.CodeGen.AssemblyProcessorMain, Unity.Netcode.Editor.CodeGen.INetworkMessageILPP, Unity.Netcode.Editor.CodeGen.INetworkSerializableILPP, Unity.Netcode.Editor.CodeGen.NetworkBehaviourILPP, Unity.Netcode.Editor.CodeGen.RuntimeAccessModifiersILPP, zzzUnity.Burst.CodeGen.BurstILPostProcessor

running Unity.Jobs.CodeGen.JobsILPostProcessor

running Unity.Multiplayer.Tools.NetStats.CodeGen.AssemblyProcessorMain

running Unity.Netcode.Editor.CodeGen.INetworkMessageILPP

running Unity.Netcode.Editor.CodeGen.INetworkSerializableILPP

running Unity.Netcode.Editor.CodeGen.NetworkBehaviourILPP

running Unity.Netcode.Editor.CodeGen.RuntimeAccessModifiersILPP

running zzzUnity.Burst.CodeGen.BurstILPostProcessor
[806/978    0s] ILPostProcess Library/Bee/artifacts/2000b0aP.dag/post-processed/Unity.Multiplayer.Playmode.Common.Runtime.dll (+pdb)
Processing assembly Library/Bee/artifacts/2000b0aP.dag/Unity.Multiplayer.Playmode.Common.Runtime.dll, with 97 defines and 191 references

processors: Unity.Jobs.CodeGen.JobsILPostProcessor, Unity.Multiplayer.Tools.NetStats.CodeGen.AssemblyProcessorMain, Unity.Netcode.Editor.CodeGen.INetworkMessageILPP, Unity.Netcode.Editor.CodeGen.INetworkSerializableILPP, Unity.Netcode.Editor.CodeGen.NetworkBehaviourILPP, Unity.Netcode.Editor.CodeGen.RuntimeAccessModifiersILPP, zzzUnity.Burst.CodeGen.BurstILPostProcessor

running Unity.Jobs.CodeGen.JobsILPostProcessor

running Unity.Multiplayer.Tools.NetStats.CodeGen.AssemblyProcessorMain

running Unity.Netcode.Editor.CodeGen.INetworkMessageILPP

running Unity.Netcode.Editor.CodeGen.INetworkSerializableILPP

running Unity.Netcode.Editor.CodeGen.NetworkBehaviourILPP

running Unity.Netcode.Editor.CodeGen.RuntimeAccessModifiersILPP

running zzzUnity.Burst.CodeGen.BurstILPostProcessor
[807/978    0s] ILPostProcess Library/Bee/artifacts/2000b0aP.dag/post-processed/Unity.DedicatedServer.MultiplayerRoles.dll (+pdb)
Processing assembly Library/Bee/artifacts/2000b0aP.dag/Unity.DedicatedServer.MultiplayerRoles.dll, with 97 defines and 194 references

processors: Unity.Jobs.CodeGen.JobsILPostProcessor, Unity.Multiplayer.Tools.NetStats.CodeGen.AssemblyProcessorMain, Unity.Netcode.Editor.CodeGen.INetworkMessageILPP, Unity.Netcode.Editor.CodeGen.INetworkSerializableILPP, Unity.Netcode.Editor.CodeGen.NetworkBehaviourILPP, Unity.Netcode.Editor.CodeGen.RuntimeAccessModifiersILPP, zzzUnity.Burst.CodeGen.BurstILPostProcessor

running Unity.Jobs.CodeGen.JobsILPostProcessor

running Unity.Multiplayer.Tools.NetStats.CodeGen.AssemblyProcessorMain

running Unity.Netcode.Editor.CodeGen.INetworkMessageILPP

running Unity.Netcode.Editor.CodeGen.INetworkSerializableILPP

running Unity.Netcode.Editor.CodeGen.NetworkBehaviourILPP

running Unity.Netcode.Editor.CodeGen.RuntimeAccessModifiersILPP

running zzzUnity.Burst.CodeGen.BurstILPostProcessor
[808/978    0s] ILPostProcess Library/Bee/artifacts/2000b0aP.dag/post-processed/Unity.TextMeshPro.dll (+pdb)
Processing assembly Library/Bee/artifacts/2000b0aP.dag/Unity.TextMeshPro.dll, with 98 defines and 194 references

processors: Unity.Jobs.CodeGen.JobsILPostProcessor, Unity.Multiplayer.Tools.NetStats.CodeGen.AssemblyProcessorMain, Unity.Netcode.Editor.CodeGen.INetworkMessageILPP, Unity.Netcode.Editor.CodeGen.INetworkSerializableILPP, Unity.Netcode.Editor.CodeGen.NetworkBehaviourILPP, Unity.Netcode.Editor.CodeGen.RuntimeAccessModifiersILPP, zzzUnity.Burst.CodeGen.BurstILPostProcessor

running Unity.Jobs.CodeGen.JobsILPostProcessor

running Unity.Multiplayer.Tools.NetStats.CodeGen.AssemblyProcessorMain

running Unity.Netcode.Editor.CodeGen.INetworkMessageILPP

running Unity.Netcode.Editor.CodeGen.INetworkSerializableILPP

running Unity.Netcode.Editor.CodeGen.NetworkBehaviourILPP

running Unity.Netcode.Editor.CodeGen.RuntimeAccessModifiersILPP

running zzzUnity.Burst.CodeGen.BurstILPostProcessor
[809/978    0s] ILPostProcess Library/Bee/artifacts/2000b0aP.dag/post-processed/Unity.Services.Core.Telemetry.dll (+pdb)
Processing assembly Library/Bee/artifacts/2000b0aP.dag/Unity.Services.Core.Telemetry.dll, with 97 defines and 196 references

processors: Unity.Jobs.CodeGen.JobsILPostProcessor, Unity.Multiplayer.Tools.NetStats.CodeGen.AssemblyProcessorMain, Unity.Netcode.Editor.CodeGen.INetworkMessageILPP, Unity.Netcode.Editor.CodeGen.INetworkSerializableILPP, Unity.Netcode.Editor.CodeGen.NetworkBehaviourILPP, Unity.Netcode.Editor.CodeGen.RuntimeAccessModifiersILPP, zzzUnity.Burst.CodeGen.BurstILPostProcessor

running Unity.Jobs.CodeGen.JobsILPostProcessor

running Unity.Multiplayer.Tools.NetStats.CodeGen.AssemblyProcessorMain

running Unity.Netcode.Editor.CodeGen.INetworkMessageILPP

running Unity.Netcode.Editor.CodeGen.INetworkSerializableILPP

running Unity.Netcode.Editor.CodeGen.NetworkBehaviourILPP

running Unity.Netcode.Editor.CodeGen.RuntimeAccessModifiersILPP

running zzzUnity.Burst.CodeGen.BurstILPostProcessor
[810/978    0s] ILPostProcess Library/Bee/artifacts/2000b0aP.dag/post-processed/Unity.Multiplayer.Widgets.Session.dll (+pdb)
Processing assembly Library/Bee/artifacts/2000b0aP.dag/Unity.Multiplayer.Widgets.Session.dll, with 100 defines and 201 references

processors: Unity.Jobs.CodeGen.JobsILPostProcessor, Unity.Multiplayer.Tools.NetStats.CodeGen.AssemblyProcessorMain, Unity.Netcode.Editor.CodeGen.INetworkMessageILPP, Unity.Netcode.Editor.CodeGen.INetworkSerializableILPP, Unity.Netcode.Editor.CodeGen.NetworkBehaviourILPP, Unity.Netcode.Editor.CodeGen.RuntimeAccessModifiersILPP, zzzUnity.Burst.CodeGen.BurstILPostProcessor

running Unity.Jobs.CodeGen.JobsILPostProcessor

running Unity.Multiplayer.Tools.NetStats.CodeGen.AssemblyProcessorMain

running Unity.Netcode.Editor.CodeGen.INetworkMessageILPP

running Unity.Netcode.Editor.CodeGen.INetworkSerializableILPP

running Unity.Netcode.Editor.CodeGen.NetworkBehaviourILPP

running Unity.Netcode.Editor.CodeGen.RuntimeAccessModifiersILPP

running zzzUnity.Burst.CodeGen.BurstILPostProcessor
[811/978    0s] ILPostProcess Library/Bee/artifacts/2000b0aP.dag/post-processed/Unity.Multiplayer.Tools.NetworkSimulator.Runtime.dll (+pdb)
Processing assembly Library/Bee/artifacts/2000b0aP.dag/Unity.Multiplayer.Tools.NetworkSimulator.Runtime.dll, with 99 defines and 197 references

processors: Unity.Jobs.CodeGen.JobsILPostProcessor, Unity.Multiplayer.Tools.NetStats.CodeGen.AssemblyProcessorMain, Unity.Netcode.Editor.CodeGen.INetworkMessageILPP, Unity.Netcode.Editor.CodeGen.INetworkSerializableILPP, Unity.Netcode.Editor.CodeGen.NetworkBehaviourILPP, Unity.Netcode.Editor.CodeGen.RuntimeAccessModifiersILPP, zzzUnity.Burst.CodeGen.BurstILPostProcessor

running Unity.Jobs.CodeGen.JobsILPostProcessor

running Unity.Multiplayer.Tools.NetStats.CodeGen.AssemblyProcessorMain

running Unity.Netcode.Editor.CodeGen.INetworkMessageILPP

running Unity.Netcode.Editor.CodeGen.INetworkSerializableILPP

running Unity.Netcode.Editor.CodeGen.NetworkBehaviourILPP

running Unity.Netcode.Editor.CodeGen.RuntimeAccessModifiersILPP

running zzzUnity.Burst.CodeGen.BurstILPostProcessor
[812/978    0s] ILPostProcess Library/Bee/artifacts/2000b0aP.dag/post-processed/glTFast.Newtonsoft.dll (+pdb)
Processing assembly Library/Bee/artifacts/2000b0aP.dag/glTFast.Newtonsoft.dll, with 99 defines and 195 references

processors: Unity.Jobs.CodeGen.JobsILPostProcessor, Unity.Multiplayer.Tools.NetStats.CodeGen.AssemblyProcessorMain, Unity.Netcode.Editor.CodeGen.INetworkMessageILPP, Unity.Netcode.Editor.CodeGen.INetworkSerializableILPP, Unity.Netcode.Editor.CodeGen.NetworkBehaviourILPP, Unity.Netcode.Editor.CodeGen.RuntimeAccessModifiersILPP, zzzUnity.Burst.CodeGen.BurstILPostProcessor

running Unity.Jobs.CodeGen.JobsILPostProcessor

running Unity.Multiplayer.Tools.NetStats.CodeGen.AssemblyProcessorMain

running Unity.Netcode.Editor.CodeGen.INetworkMessageILPP

running Unity.Netcode.Editor.CodeGen.INetworkSerializableILPP

running Unity.Netcode.Editor.CodeGen.NetworkBehaviourILPP

running Unity.Netcode.Editor.CodeGen.RuntimeAccessModifiersILPP

running zzzUnity.Burst.CodeGen.BurstILPostProcessor
[813/978    0s] ILPostProcess Library/Bee/artifacts/2000b0aP.dag/post-processed/Unity.Services.Core.Components.dll (+pdb)
Processing assembly Library/Bee/artifacts/2000b0aP.dag/Unity.Services.Core.Components.dll, with 97 defines and 197 references

processors: Unity.Jobs.CodeGen.JobsILPostProcessor, Unity.Multiplayer.Tools.NetStats.CodeGen.AssemblyProcessorMain, Unity.Netcode.Editor.CodeGen.INetworkMessageILPP, Unity.Netcode.Editor.CodeGen.INetworkSerializableILPP, Unity.Netcode.Editor.CodeGen.NetworkBehaviourILPP, Unity.Netcode.Editor.CodeGen.RuntimeAccessModifiersILPP, zzzUnity.Burst.CodeGen.BurstILPostProcessor

running Unity.Jobs.CodeGen.JobsILPostProcessor

running Unity.Multiplayer.Tools.NetStats.CodeGen.AssemblyProcessorMain

running Unity.Netcode.Editor.CodeGen.INetworkMessageILPP

running Unity.Netcode.Editor.CodeGen.INetworkSerializableILPP

running Unity.Netcode.Editor.CodeGen.NetworkBehaviourILPP

running Unity.Netcode.Editor.CodeGen.RuntimeAccessModifiersILPP

running zzzUnity.Burst.CodeGen.BurstILPostProcessor
[814/978    0s] ILPostProcess Library/Bee/artifacts/2000b0aP.dag/post-processed/Unity.Multiplayer.Tools.Adapters.Utp2.dll (+pdb)
Processing assembly Library/Bee/artifacts/2000b0aP.dag/Unity.Multiplayer.Tools.Adapters.Utp2.dll, with 98 defines and 196 references

processors: Unity.Jobs.CodeGen.JobsILPostProcessor, Unity.Multiplayer.Tools.NetStats.CodeGen.AssemblyProcessorMain, Unity.Netcode.Editor.CodeGen.INetworkMessageILPP, Unity.Netcode.Editor.CodeGen.INetworkSerializableILPP, Unity.Netcode.Editor.CodeGen.NetworkBehaviourILPP, Unity.Netcode.Editor.CodeGen.RuntimeAccessModifiersILPP, zzzUnity.Burst.CodeGen.BurstILPostProcessor

running Unity.Jobs.CodeGen.JobsILPostProcessor

running Unity.Multiplayer.Tools.NetStats.CodeGen.AssemblyProcessorMain

running Unity.Netcode.Editor.CodeGen.INetworkMessageILPP

running Unity.Netcode.Editor.CodeGen.INetworkSerializableILPP

running Unity.Netcode.Editor.CodeGen.NetworkBehaviourILPP

running Unity.Netcode.Editor.CodeGen.RuntimeAccessModifiersILPP

running zzzUnity.Burst.CodeGen.BurstILPostProcessor
[815/978    0s] ILPostProcess Library/Bee/artifacts/2000b0aP.dag/post-processed/Unity.Services.Wire.Internal.dll (+pdb)
Processing assembly Library/Bee/artifacts/2000b0aP.dag/Unity.Services.Wire.Internal.dll, with 97 defines and 196 references

processors: Unity.Jobs.CodeGen.JobsILPostProcessor, Unity.Multiplayer.Tools.NetStats.CodeGen.AssemblyProcessorMain, Unity.Netcode.Editor.CodeGen.INetworkMessageILPP, Unity.Netcode.Editor.CodeGen.INetworkSerializableILPP, Unity.Netcode.Editor.CodeGen.NetworkBehaviourILPP, Unity.Netcode.Editor.CodeGen.RuntimeAccessModifiersILPP, zzzUnity.Burst.CodeGen.BurstILPostProcessor

running Unity.Jobs.CodeGen.JobsILPostProcessor

running Unity.Multiplayer.Tools.NetStats.CodeGen.AssemblyProcessorMain

running Unity.Netcode.Editor.CodeGen.INetworkMessageILPP

running Unity.Netcode.Editor.CodeGen.INetworkSerializableILPP

running Unity.Netcode.Editor.CodeGen.NetworkBehaviourILPP

running Unity.Netcode.Editor.CodeGen.RuntimeAccessModifiersILPP

running zzzUnity.Burst.CodeGen.BurstILPostProcessor
[816/978    0s] ILPostProcess Library/Bee/artifacts/2000b0aP.dag/post-processed/Unity.Services.Core.Networking.dll (+pdb)
Processing assembly Library/Bee/artifacts/2000b0aP.dag/Unity.Services.Core.Networking.dll, with 97 defines and 196 references

processors: Unity.Jobs.CodeGen.JobsILPostProcessor, Unity.Multiplayer.Tools.NetStats.CodeGen.AssemblyProcessorMain, Unity.Netcode.Editor.CodeGen.INetworkMessageILPP, Unity.Netcode.Editor.CodeGen.INetworkSerializableILPP, Unity.Netcode.Editor.CodeGen.NetworkBehaviourILPP, Unity.Netcode.Editor.CodeGen.RuntimeAccessModifiersILPP, zzzUnity.Burst.CodeGen.BurstILPostProcessor

running Unity.Jobs.CodeGen.JobsILPostProcessor

running Unity.Multiplayer.Tools.NetStats.CodeGen.AssemblyProcessorMain

running Unity.Netcode.Editor.CodeGen.INetworkMessageILPP

running Unity.Netcode.Editor.CodeGen.INetworkSerializableILPP

running Unity.Netcode.Editor.CodeGen.NetworkBehaviourILPP

running Unity.Netcode.Editor.CodeGen.RuntimeAccessModifiersILPP

running zzzUnity.Burst.CodeGen.BurstILPostProcessor
[817/978    1s] ILPostProcess Library/Bee/artifacts/2000b0aP.dag/post-processed/glTFast.Export.dll (+pdb)
Processing assembly Library/Bee/artifacts/2000b0aP.dag/glTFast.Export.dll, with 98 defines and 197 references

processors: Unity.Jobs.CodeGen.JobsILPostProcessor, Unity.Multiplayer.Tools.NetStats.CodeGen.AssemblyProcessorMain, Unity.Netcode.Editor.CodeGen.INetworkMessageILPP, Unity.Netcode.Editor.CodeGen.INetworkSerializableILPP, Unity.Netcode.Editor.CodeGen.NetworkBehaviourILPP, Unity.Netcode.Editor.CodeGen.RuntimeAccessModifiersILPP, zzzUnity.Burst.CodeGen.BurstILPostProcessor

running Unity.Jobs.CodeGen.JobsILPostProcessor

running Unity.Multiplayer.Tools.NetStats.CodeGen.AssemblyProcessorMain

running Unity.Netcode.Editor.CodeGen.INetworkMessageILPP

running Unity.Netcode.Editor.CodeGen.INetworkSerializableILPP

running Unity.Netcode.Editor.CodeGen.NetworkBehaviourILPP

running Unity.Netcode.Editor.CodeGen.RuntimeAccessModifiersILPP

running zzzUnity.Burst.CodeGen.BurstILPostProcessor
[818/978    1s] ILPostProcess Library/Bee/artifacts/2000b0aP.dag/post-processed/Unity.Multiplayer.Tools.NetStatsMonitor.Implementation.dll (+pdb)
Processing assembly Library/Bee/artifacts/2000b0aP.dag/Unity.Multiplayer.Tools.NetStatsMonitor.Implementation.dll, with 97 defines and 199 references

processors: Unity.Jobs.CodeGen.JobsILPostProcessor, Unity.Multiplayer.Tools.NetStats.CodeGen.AssemblyProcessorMain, Unity.Netcode.Editor.CodeGen.INetworkMessageILPP, Unity.Netcode.Editor.CodeGen.INetworkSerializableILPP, Unity.Netcode.Editor.CodeGen.NetworkBehaviourILPP, Unity.Netcode.Editor.CodeGen.RuntimeAccessModifiersILPP, zzzUnity.Burst.CodeGen.BurstILPostProcessor

running Unity.Jobs.CodeGen.JobsILPostProcessor

running Unity.Multiplayer.Tools.NetStats.CodeGen.AssemblyProcessorMain

running Unity.Netcode.Editor.CodeGen.INetworkMessageILPP

running Unity.Netcode.Editor.CodeGen.INetworkSerializableILPP

running Unity.Netcode.Editor.CodeGen.NetworkBehaviourILPP

running Unity.Netcode.Editor.CodeGen.RuntimeAccessModifiersILPP

running zzzUnity.Burst.CodeGen.BurstILPostProcessor
[819/978    1s] ILPostProcess Library/Bee/artifacts/2000b0aP.dag/post-processed/Unity.Multiplayer.Tools.MetricTypes.dll (+pdb)
Processing assembly Library/Bee/artifacts/2000b0aP.dag/Unity.Multiplayer.Tools.MetricTypes.dll, with 97 defines and 197 references

processors: Unity.Jobs.CodeGen.JobsILPostProcessor, Unity.Multiplayer.Tools.NetStats.CodeGen.AssemblyProcessorMain, Unity.Netcode.Editor.CodeGen.INetworkMessageILPP, Unity.Netcode.Editor.CodeGen.INetworkSerializableILPP, Unity.Netcode.Editor.CodeGen.NetworkBehaviourILPP, Unity.Netcode.Editor.CodeGen.RuntimeAccessModifiersILPP, zzzUnity.Burst.CodeGen.BurstILPostProcessor

running Unity.Jobs.CodeGen.JobsILPostProcessor

running Unity.Multiplayer.Tools.NetStats.CodeGen.AssemblyProcessorMain

running Unity.Netcode.Editor.CodeGen.INetworkMessageILPP

running Unity.Netcode.Editor.CodeGen.INetworkSerializableILPP

running Unity.Netcode.Editor.CodeGen.NetworkBehaviourILPP

running Unity.Netcode.Editor.CodeGen.RuntimeAccessModifiersILPP

running zzzUnity.Burst.CodeGen.BurstILPostProcessor
[820/978    1s] ILPostProcess Library/Bee/artifacts/2000b0aP.dag/post-processed/Unity.Multiplayer.Tools.MetricEvents.dll (+pdb)
Processing assembly Library/Bee/artifacts/2000b0aP.dag/Unity.Multiplayer.Tools.MetricEvents.dll, with 97 defines and 197 references

processors: Unity.Jobs.CodeGen.JobsILPostProcessor, Unity.Multiplayer.Tools.NetStats.CodeGen.AssemblyProcessorMain, Unity.Netcode.Editor.CodeGen.INetworkMessageILPP, Unity.Netcode.Editor.CodeGen.INetworkSerializableILPP, Unity.Netcode.Editor.CodeGen.NetworkBehaviourILPP, Unity.Netcode.Editor.CodeGen.RuntimeAccessModifiersILPP, zzzUnity.Burst.CodeGen.BurstILPostProcessor

running Unity.Jobs.CodeGen.JobsILPostProcessor

running Unity.Multiplayer.Tools.NetStats.CodeGen.AssemblyProcessorMain

running Unity.Netcode.Editor.CodeGen.INetworkMessageILPP

running Unity.Netcode.Editor.CodeGen.INetworkSerializableILPP

running Unity.Netcode.Editor.CodeGen.NetworkBehaviourILPP

running Unity.Netcode.Editor.CodeGen.RuntimeAccessModifiersILPP

running zzzUnity.Burst.CodeGen.BurstILPostProcessor
[821/978    1s] ILPostProcess Library/Bee/artifacts/2000b0aP.dag/post-processed/Unity.Multiplayer.Tools.NetStatsMonitor.Configuration.dll (+pdb)
Processing assembly Library/Bee/artifacts/2000b0aP.dag/Unity.Multiplayer.Tools.NetStatsMonitor.Configuration.dll, with 97 defines and 197 references

processors: Unity.Jobs.CodeGen.JobsILPostProcessor, Unity.Multiplayer.Tools.NetStats.CodeGen.AssemblyProcessorMain, Unity.Netcode.Editor.CodeGen.INetworkMessageILPP, Unity.Netcode.Editor.CodeGen.INetworkSerializableILPP, Unity.Netcode.Editor.CodeGen.NetworkBehaviourILPP, Unity.Netcode.Editor.CodeGen.RuntimeAccessModifiersILPP, zzzUnity.Burst.CodeGen.BurstILPostProcessor

running Unity.Jobs.CodeGen.JobsILPostProcessor

running Unity.Multiplayer.Tools.NetStats.CodeGen.AssemblyProcessorMain

running Unity.Netcode.Editor.CodeGen.INetworkMessageILPP

running Unity.Netcode.Editor.CodeGen.INetworkSerializableILPP

running Unity.Netcode.Editor.CodeGen.NetworkBehaviourILPP

running Unity.Netcode.Editor.CodeGen.RuntimeAccessModifiersILPP

running zzzUnity.Burst.CodeGen.BurstILPostProcessor
[822/978    1s] ILPostProcess Library/Bee/artifacts/2000b0aP.dag/post-processed/glTFast.dots.dll (+pdb)
Processing assembly Library/Bee/artifacts/2000b0aP.dag/glTFast.dots.dll, with 98 defines and 198 references

processors: Unity.Jobs.CodeGen.JobsILPostProcessor, Unity.Multiplayer.Tools.NetStats.CodeGen.AssemblyProcessorMain, Unity.Netcode.Editor.CodeGen.INetworkMessageILPP, Unity.Netcode.Editor.CodeGen.INetworkSerializableILPP, Unity.Netcode.Editor.CodeGen.NetworkBehaviourILPP, Unity.Netcode.Editor.CodeGen.RuntimeAccessModifiersILPP, zzzUnity.Burst.CodeGen.BurstILPostProcessor

running Unity.Jobs.CodeGen.JobsILPostProcessor

running Unity.Multiplayer.Tools.NetStats.CodeGen.AssemblyProcessorMain

running Unity.Netcode.Editor.CodeGen.INetworkMessageILPP

running Unity.Netcode.Editor.CodeGen.INetworkSerializableILPP

running Unity.Netcode.Editor.CodeGen.NetworkBehaviourILPP

running Unity.Netcode.Editor.CodeGen.RuntimeAccessModifiersILPP

running zzzUnity.Burst.CodeGen.BurstILPostProcessor
[823/978    1s] ILPostProcess Library/Bee/artifacts/2000b0aP.dag/post-processed/Unity.Multiplayer.Tools.Adapters.dll (+pdb)
Processing assembly Library/Bee/artifacts/2000b0aP.dag/Unity.Multiplayer.Tools.Adapters.dll, with 97 defines and 196 references

processors: Unity.Jobs.CodeGen.JobsILPostProcessor, Unity.Multiplayer.Tools.NetStats.CodeGen.AssemblyProcessorMain, Unity.Netcode.Editor.CodeGen.INetworkMessageILPP, Unity.Netcode.Editor.CodeGen.INetworkSerializableILPP, Unity.Netcode.Editor.CodeGen.NetworkBehaviourILPP, Unity.Netcode.Editor.CodeGen.RuntimeAccessModifiersILPP, zzzUnity.Burst.CodeGen.BurstILPostProcessor

running Unity.Jobs.CodeGen.JobsILPostProcessor

running Unity.Multiplayer.Tools.NetStats.CodeGen.AssemblyProcessorMain

running Unity.Netcode.Editor.CodeGen.INetworkMessageILPP

running Unity.Netcode.Editor.CodeGen.INetworkSerializableILPP

running Unity.Netcode.Editor.CodeGen.NetworkBehaviourILPP

running Unity.Netcode.Editor.CodeGen.RuntimeAccessModifiersILPP

running zzzUnity.Burst.CodeGen.BurstILPostProcessor
[824/978    1s] ILPostProcess Library/Bee/artifacts/2000b0aP.dag/post-processed/Unity.Multiplayer.Tools.NetStatsReporting.dll (+pdb)
Processing assembly Library/Bee/artifacts/2000b0aP.dag/Unity.Multiplayer.Tools.NetStatsReporting.dll, with 97 defines and 199 references

processors: Unity.Jobs.CodeGen.JobsILPostProcessor, Unity.Multiplayer.Tools.NetStats.CodeGen.AssemblyProcessorMain, Unity.Netcode.Editor.CodeGen.INetworkMessageILPP, Unity.Netcode.Editor.CodeGen.INetworkSerializableILPP, Unity.Netcode.Editor.CodeGen.NetworkBehaviourILPP, Unity.Netcode.Editor.CodeGen.RuntimeAccessModifiersILPP, zzzUnity.Burst.CodeGen.BurstILPostProcessor

running Unity.Jobs.CodeGen.JobsILPostProcessor

running Unity.Multiplayer.Tools.NetStats.CodeGen.AssemblyProcessorMain

running Unity.Netcode.Editor.CodeGen.INetworkMessageILPP

running Unity.Netcode.Editor.CodeGen.INetworkSerializableILPP

running Unity.Netcode.Editor.CodeGen.NetworkBehaviourILPP

running Unity.Netcode.Editor.CodeGen.RuntimeAccessModifiersILPP

running zzzUnity.Burst.CodeGen.BurstILPostProcessor
[825/978    1s] ILPostProcess Library/Bee/artifacts/2000b0aP.dag/post-processed/Unity.Multiplayer.Tools.MetricTestData.dll (+pdb)
Processing assembly Library/Bee/artifacts/2000b0aP.dag/Unity.Multiplayer.Tools.MetricTestData.dll, with 97 defines and 199 references

processors: Unity.Jobs.CodeGen.JobsILPostProcessor, Unity.Multiplayer.Tools.NetStats.CodeGen.AssemblyProcessorMain, Unity.Netcode.Editor.CodeGen.INetworkMessageILPP, Unity.Netcode.Editor.CodeGen.INetworkSerializableILPP, Unity.Netcode.Editor.CodeGen.NetworkBehaviourILPP, Unity.Netcode.Editor.CodeGen.RuntimeAccessModifiersILPP, zzzUnity.Burst.CodeGen.BurstILPostProcessor

running Unity.Jobs.CodeGen.JobsILPostProcessor

running Unity.Multiplayer.Tools.NetStats.CodeGen.AssemblyProcessorMain

running Unity.Netcode.Editor.CodeGen.INetworkMessageILPP

running Unity.Netcode.Editor.CodeGen.INetworkSerializableILPP

running Unity.Netcode.Editor.CodeGen.NetworkBehaviourILPP

running Unity.Netcode.Editor.CodeGen.RuntimeAccessModifiersILPP

running zzzUnity.Burst.CodeGen.BurstILPostProcessor
[826/978    1s] ILPostProcess Library/Bee/artifacts/2000b0aP.dag/post-processed/Unity.Multiplayer.Tools.NetworkProfiler.Runtime.dll (+pdb)
Processing assembly Library/Bee/artifacts/2000b0aP.dag/Unity.Multiplayer.Tools.NetworkProfiler.Runtime.dll, with 97 defines and 198 references

processors: Unity.Jobs.CodeGen.JobsILPostProcessor, Unity.Multiplayer.Tools.NetStats.CodeGen.AssemblyProcessorMain, Unity.Netcode.Editor.CodeGen.INetworkMessageILPP, Unity.Netcode.Editor.CodeGen.INetworkSerializableILPP, Unity.Netcode.Editor.CodeGen.NetworkBehaviourILPP, Unity.Netcode.Editor.CodeGen.RuntimeAccessModifiersILPP, zzzUnity.Burst.CodeGen.BurstILPostProcessor

running Unity.Jobs.CodeGen.JobsILPostProcessor

running Unity.Multiplayer.Tools.NetStats.CodeGen.AssemblyProcessorMain

running Unity.Netcode.Editor.CodeGen.INetworkMessageILPP

running Unity.Netcode.Editor.CodeGen.INetworkSerializableILPP

running Unity.Netcode.Editor.CodeGen.NetworkBehaviourILPP

running Unity.Netcode.Editor.CodeGen.RuntimeAccessModifiersILPP

running zzzUnity.Burst.CodeGen.BurstILPostProcessor
[827/978    1s] ILPostProcess Library/Bee/artifacts/2000b0aP.dag/post-processed/Unity.Services.QoS.dll (+pdb)
Processing assembly Library/Bee/artifacts/2000b0aP.dag/Unity.Services.QoS.dll, with 98 defines and 197 references

processors: Unity.Jobs.CodeGen.JobsILPostProcessor, Unity.Multiplayer.Tools.NetStats.CodeGen.AssemblyProcessorMain, Unity.Netcode.Editor.CodeGen.INetworkMessageILPP, Unity.Netcode.Editor.CodeGen.INetworkSerializableILPP, Unity.Netcode.Editor.CodeGen.NetworkBehaviourILPP, Unity.Netcode.Editor.CodeGen.RuntimeAccessModifiersILPP, zzzUnity.Burst.CodeGen.BurstILPostProcessor

running Unity.Jobs.CodeGen.JobsILPostProcessor

running Unity.Multiplayer.Tools.NetStats.CodeGen.AssemblyProcessorMain

running Unity.Netcode.Editor.CodeGen.INetworkMessageILPP

running Unity.Netcode.Editor.CodeGen.INetworkSerializableILPP

running Unity.Netcode.Editor.CodeGen.NetworkBehaviourILPP

running Unity.Netcode.Editor.CodeGen.RuntimeAccessModifiersILPP

running zzzUnity.Burst.CodeGen.BurstILPostProcessor
[828/978    1s] ILPostProcess Library/Bee/artifacts/2000b0aP.dag/post-processed/Unity.Burst.dll (+pdb)
Processing assembly Library/Bee/artifacts/2000b0aP.dag/Unity.Burst.dll, with 97 defines and 192 references

processors: Unity.Jobs.CodeGen.JobsILPostProcessor, Unity.Multiplayer.Tools.NetStats.CodeGen.AssemblyProcessorMain, Unity.Netcode.Editor.CodeGen.INetworkMessageILPP, Unity.Netcode.Editor.CodeGen.INetworkSerializableILPP, Unity.Netcode.Editor.CodeGen.NetworkBehaviourILPP, Unity.Netcode.Editor.CodeGen.RuntimeAccessModifiersILPP, zzzUnity.Burst.CodeGen.BurstILPostProcessor

running Unity.Jobs.CodeGen.JobsILPostProcessor

running Unity.Multiplayer.Tools.NetStats.CodeGen.AssemblyProcessorMain

running Unity.Netcode.Editor.CodeGen.INetworkMessageILPP

running Unity.Netcode.Editor.CodeGen.INetworkSerializableILPP

running Unity.Netcode.Editor.CodeGen.NetworkBehaviourILPP

running Unity.Netcode.Editor.CodeGen.RuntimeAccessModifiersILPP

running zzzUnity.Burst.CodeGen.BurstILPostProcessor
[829/978    0s] ILPostProcess Library/Bee/artifacts/2000b0aP.dag/post-processed/Unity.Multiplayer.Tools.Initialization.dll (+pdb)
Processing assembly Library/Bee/artifacts/2000b0aP.dag/Unity.Multiplayer.Tools.Initialization.dll, with 98 defines and 197 references

processors: Unity.Jobs.CodeGen.JobsILPostProcessor, Unity.Multiplayer.Tools.NetStats.CodeGen.AssemblyProcessorMain, Unity.Netcode.Editor.CodeGen.INetworkMessageILPP, Unity.Netcode.Editor.CodeGen.INetworkSerializableILPP, Unity.Netcode.Editor.CodeGen.NetworkBehaviourILPP, Unity.Netcode.Editor.CodeGen.RuntimeAccessModifiersILPP, zzzUnity.Burst.CodeGen.BurstILPostProcessor

running Unity.Jobs.CodeGen.JobsILPostProcessor

running Unity.Multiplayer.Tools.NetStats.CodeGen.AssemblyProcessorMain

running Unity.Netcode.Editor.CodeGen.INetworkMessageILPP

running Unity.Netcode.Editor.CodeGen.INetworkSerializableILPP

running Unity.Netcode.Editor.CodeGen.NetworkBehaviourILPP

running Unity.Netcode.Editor.CodeGen.RuntimeAccessModifiersILPP

running zzzUnity.Burst.CodeGen.BurstILPostProcessor
[830/978    0s] ILPostProcess Library/Bee/artifacts/2000b0aP.dag/post-processed/Unity.Services.Core.Threading.dll (+pdb)
Processing assembly Library/Bee/artifacts/2000b0aP.dag/Unity.Services.Core.Threading.dll, with 97 defines and 196 references

processors: Unity.Jobs.CodeGen.JobsILPostProcessor, Unity.Multiplayer.Tools.NetStats.CodeGen.AssemblyProcessorMain, Unity.Netcode.Editor.CodeGen.INetworkMessageILPP, Unity.Netcode.Editor.CodeGen.INetworkSerializableILPP, Unity.Netcode.Editor.CodeGen.NetworkBehaviourILPP, Unity.Netcode.Editor.CodeGen.RuntimeAccessModifiersILPP, zzzUnity.Burst.CodeGen.BurstILPostProcessor

running Unity.Jobs.CodeGen.JobsILPostProcessor

running Unity.Multiplayer.Tools.NetStats.CodeGen.AssemblyProcessorMain

running Unity.Netcode.Editor.CodeGen.INetworkMessageILPP

running Unity.Netcode.Editor.CodeGen.INetworkSerializableILPP

running Unity.Netcode.Editor.CodeGen.NetworkBehaviourILPP

running Unity.Netcode.Editor.CodeGen.RuntimeAccessModifiersILPP

running zzzUnity.Burst.CodeGen.BurstILPostProcessor
[831/978    2s] ILPostProcess Library/Bee/artifacts/2000b0aP.dag/post-processed/glTFast.dll (+pdb)
Processing assembly Library/Bee/artifacts/2000b0aP.dag/glTFast.dll, with 102 defines and 197 references

processors: Unity.Jobs.CodeGen.JobsILPostProcessor, Unity.Multiplayer.Tools.NetStats.CodeGen.AssemblyProcessorMain, Unity.Netcode.Editor.CodeGen.INetworkMessageILPP, Unity.Netcode.Editor.CodeGen.INetworkSerializableILPP, Unity.Netcode.Editor.CodeGen.NetworkBehaviourILPP, Unity.Netcode.Editor.CodeGen.RuntimeAccessModifiersILPP, zzzUnity.Burst.CodeGen.BurstILPostProcessor

running Unity.Jobs.CodeGen.JobsILPostProcessor

running Unity.Multiplayer.Tools.NetStats.CodeGen.AssemblyProcessorMain

running Unity.Netcode.Editor.CodeGen.INetworkMessageILPP

running Unity.Netcode.Editor.CodeGen.INetworkSerializableILPP

running Unity.Netcode.Editor.CodeGen.NetworkBehaviourILPP

running Unity.Netcode.Editor.CodeGen.RuntimeAccessModifiersILPP

running zzzUnity.Burst.CodeGen.BurstILPostProcessor
[832/978    0s] ILPostProcess Library/Bee/artifacts/2000b0aP.dag/post-processed/Unity.Multiplayer.Tools.NetworkSolutionInterface.dll (+pdb)
Processing assembly Library/Bee/artifacts/2000b0aP.dag/Unity.Multiplayer.Tools.NetworkSolutionInterface.dll, with 97 defines and 194 references

processors: Unity.Jobs.CodeGen.JobsILPostProcessor, Unity.Multiplayer.Tools.NetStats.CodeGen.AssemblyProcessorMain, Unity.Netcode.Editor.CodeGen.INetworkMessageILPP, Unity.Netcode.Editor.CodeGen.INetworkSerializableILPP, Unity.Netcode.Editor.CodeGen.NetworkBehaviourILPP, Unity.Netcode.Editor.CodeGen.RuntimeAccessModifiersILPP, zzzUnity.Burst.CodeGen.BurstILPostProcessor

running Unity.Jobs.CodeGen.JobsILPostProcessor

running Unity.Multiplayer.Tools.NetStats.CodeGen.AssemblyProcessorMain

running Unity.Netcode.Editor.CodeGen.INetworkMessageILPP

running Unity.Netcode.Editor.CodeGen.INetworkSerializableILPP

running Unity.Netcode.Editor.CodeGen.NetworkBehaviourILPP

running Unity.Netcode.Editor.CodeGen.RuntimeAccessModifiersILPP

running zzzUnity.Burst.CodeGen.BurstILPostProcessor
[833/978    0s] ILPostProcess Library/Bee/artifacts/2000b0aP.dag/post-processed/Unity.Multiplayer.Playmode.dll (+pdb)
Processing assembly Library/Bee/artifacts/2000b0aP.dag/Unity.Multiplayer.Playmode.dll, with 97 defines and 195 references

processors: Unity.Jobs.CodeGen.JobsILPostProcessor, Unity.Multiplayer.Tools.NetStats.CodeGen.AssemblyProcessorMain, Unity.Netcode.Editor.CodeGen.INetworkMessageILPP, Unity.Netcode.Editor.CodeGen.INetworkSerializableILPP, Unity.Netcode.Editor.CodeGen.NetworkBehaviourILPP, Unity.Netcode.Editor.CodeGen.RuntimeAccessModifiersILPP, zzzUnity.Burst.CodeGen.BurstILPostProcessor

running Unity.Jobs.CodeGen.JobsILPostProcessor

running Unity.Multiplayer.Tools.NetStats.CodeGen.AssemblyProcessorMain

running Unity.Netcode.Editor.CodeGen.INetworkMessageILPP

running Unity.Netcode.Editor.CodeGen.INetworkSerializableILPP

running Unity.Netcode.Editor.CodeGen.NetworkBehaviourILPP

running Unity.Netcode.Editor.CodeGen.RuntimeAccessModifiersILPP

running zzzUnity.Burst.CodeGen.BurstILPostProcessor
[834/978    0s] ILPostProcess Library/Bee/artifacts/2000b0aP.dag/post-processed/UnityEngine.UI.dll (+pdb)
Processing assembly Library/Bee/artifacts/2000b0aP.dag/UnityEngine.UI.dll, with 103 defines and 193 references

processors: Unity.Jobs.CodeGen.JobsILPostProcessor, Unity.Multiplayer.Tools.NetStats.CodeGen.AssemblyProcessorMain, Unity.Netcode.Editor.CodeGen.INetworkMessageILPP, Unity.Netcode.Editor.CodeGen.INetworkSerializableILPP, Unity.Netcode.Editor.CodeGen.NetworkBehaviourILPP, Unity.Netcode.Editor.CodeGen.RuntimeAccessModifiersILPP, zzzUnity.Burst.CodeGen.BurstILPostProcessor

running Unity.Jobs.CodeGen.JobsILPostProcessor

running Unity.Multiplayer.Tools.NetStats.CodeGen.AssemblyProcessorMain

running Unity.Netcode.Editor.CodeGen.INetworkMessageILPP

running Unity.Netcode.Editor.CodeGen.INetworkSerializableILPP

running Unity.Netcode.Editor.CodeGen.NetworkBehaviourILPP

running Unity.Netcode.Editor.CodeGen.RuntimeAccessModifiersILPP

running zzzUnity.Burst.CodeGen.BurstILPostProcessor
[835/978    0s] ILPostProcess Library/Bee/artifacts/2000b0aP.dag/post-processed/Unity.Multiplayer.Tools.NetStatsMonitor.Component.dll (+pdb)
Processing assembly Library/Bee/artifacts/2000b0aP.dag/Unity.Multiplayer.Tools.NetStatsMonitor.Component.dll, with 97 defines and 198 references

processors: Unity.Jobs.CodeGen.JobsILPostProcessor, Unity.Multiplayer.Tools.NetStats.CodeGen.AssemblyProcessorMain, Unity.Netcode.Editor.CodeGen.INetworkMessageILPP, Unity.Netcode.Editor.CodeGen.INetworkSerializableILPP, Unity.Netcode.Editor.CodeGen.NetworkBehaviourILPP, Unity.Netcode.Editor.CodeGen.RuntimeAccessModifiersILPP, zzzUnity.Burst.CodeGen.BurstILPostProcessor

running Unity.Jobs.CodeGen.JobsILPostProcessor

running Unity.Multiplayer.Tools.NetStats.CodeGen.AssemblyProcessorMain

running Unity.Netcode.Editor.CodeGen.INetworkMessageILPP

running Unity.Netcode.Editor.CodeGen.INetworkSerializableILPP

running Unity.Netcode.Editor.CodeGen.NetworkBehaviourILPP

running Unity.Netcode.Editor.CodeGen.RuntimeAccessModifiersILPP

running zzzUnity.Burst.CodeGen.BurstILPostProcessor
[836/978    0s] CopyFiles Library/Bee/PlayerScriptAssemblies/Unity.Multiplayer.Tools.Initialization.dll
[837/978    0s] CopyFiles Library/Bee/PlayerScriptAssemblies/UnityEngine.UI.dll
[838/978    0s] CopyFiles Library/Bee/PlayerScriptAssemblies/Unity.Services.Core.Scheduler.dll
[839/978    0s] CopyFiles Library/Bee/PlayerScriptAssemblies/glTFast.dll
[840/978    0s] CopyFiles Library/Bee/PlayerScriptAssemblies/Unity.Burst.dll
[841/978    0s] CopyFiles Library/Bee/PlayerScriptAssemblies/Unity.Services.Core.Device.dll
[842/978    0s] CopyFiles Library/Bee/PlayerScriptAssemblies/Unity.Multiplayer.Playmode.dll
[843/978    0s] CopyFiles Library/Bee/PlayerScriptAssemblies/Unity.Multiplayer.Tools.NetStatsMonitor.Component.dll
[844/978    0s] CopyFiles Library/Bee/PlayerScriptAssemblies/Unity.Multiplayer.Tools.NetworkSolutionInterface.dll
[845/978    0s] CopyFiles Library/Bee/PlayerScriptAssemblies/glTFast.Newtonsoft.dll
[846/978    0s] CopyFiles Library/Bee/PlayerScriptAssemblies/Unity.Services.QoS.dll
[847/978    0s] CopyFiles Library/Bee/PlayerScriptAssemblies/Unity.Services.Core.Threading.dll
[848/978    0s] CopyFiles Library/Bee/PlayerScriptAssemblies/Unity.Multiplayer.Tools.NetworkProfiler.Runtime.dll
[849/978    0s] CopyFiles Library/Bee/PlayerScriptAssemblies/glTFast.Export.dll
[850/978    0s] CopyFiles Library/Bee/PlayerScriptAssemblies/glTFast.dots.dll
[851/978    0s] CopyFiles Library/Bee/PlayerScriptAssemblies/Unity.Multiplayer.Tools.Adapters.dll
[852/978    0s] CopyFiles Library/Bee/PlayerScriptAssemblies/Unity.InputSystem.dll
[853/978    0s] CopyFiles Library/Bee/PlayerScriptAssemblies/Unity.Multiplayer.Tools.MetricTestData.dll
[854/978    0s] CopyFiles Library/Bee/PlayerScriptAssemblies/Unity.Multiplayer.Playmode.Common.Runtime.dll
[855/978    0s] CopyFiles Library/Bee/PlayerScriptAssemblies/Unity.Mathematics.dll
[856/978    0s] CopyFiles Library/Bee/PlayerScriptAssemblies/Unity.InputSystem.ForUI.dll
[857/978    0s] CopyFiles Library/Bee/PlayerScriptAssemblies/Unity.Multiplayer.Tools.NetStatsReporting.dll
[858/978    0s] CopyFiles Library/Bee/PlayerScriptAssemblies/Unity.Services.Core.dll
[859/978    0s] CopyFiles Library/Bee/PlayerScriptAssemblies/Unity.Services.Core.Components.dll
[860/978    0s] CopyFiles Library/Bee/PlayerScriptAssemblies/Unity.Services.Core.Environments.Internal.dll
[861/978    0s] CopyFiles Library/Bee/PlayerScriptAssemblies/Unity.Multiplayer.Tools.NetworkSimulator.Runtime.dll
[862/978    0s] CopyFiles Library/Bee/PlayerScriptAssemblies/Unity.Multiplayer.Tools.Adapters.Utp2.dll
[863/978    0s] CopyFiles Library/Bee/PlayerScriptAssemblies/Unity.Multiplayer.Widgets.Session.dll
[864/978    0s] CopyFiles Library/Bee/PlayerScriptAssemblies/Unity.Services.Core.Telemetry.dll
[865/978    0s] CopyFiles Library/Bee/PlayerScriptAssemblies/Unity.Multiplayer.Tools.MetricTypes.dll
[866/978    0s] CopyFiles Library/Bee/PlayerScriptAssemblies/Unity.Services.Authentication.PlayerAccounts.dll
[867/978    0s] CopyFiles Library/Bee/PlayerScriptAssemblies/Unity.TextMeshPro.dll
[868/978    0s] CopyFiles Library/Bee/PlayerScriptAssemblies/Unity.DedicatedServer.MultiplayerRoles.dll
[869/978    0s] CopyFiles Library/Bee/PlayerScriptAssemblies/Unity.Multiplayer.Tools.MetricEvents.dll
[870/978    0s] CopyFiles Library/Bee/PlayerScriptAssemblies/Unity.Services.Core.Analytics.dll
[871/978    0s] CopyFiles Library/Bee/PlayerScriptAssemblies/Unity.Multiplayer.Tools.NetStatsMonitor.Configuration.dll
[872/978    0s] CopyFiles Library/Bee/PlayerScriptAssemblies/Unity.Multiplayer.Tools.NetStatsMonitor.Implementation.dll
[873/978    0s] CopyFiles Library/Bee/PlayerScriptAssemblies/Unity.Services.Vivox.dll
[874/978    0s] CopyFiles Library/Bee/PlayerScriptAssemblies/Unity.Services.Wire.Internal.dll
[875/978    0s] CopyFiles Library/Bee/PlayerScriptAssemblies/Unity.Profiling.Core.dll
[876/978    0s] CopyFiles Library/Bee/PlayerScriptAssemblies/Unity.Multiplayer.Center.Common.dll
[877/978    0s] CopyFiles Library/Bee/PlayerScriptAssemblies/Unity.Services.Core.Networking.dll
[878/978    0s] CopyFiles Library/Bee/PlayerScriptAssemblies/Unity.Multiplayer.Widgets.Vivox.dll
[879/978    0s] CopyFiles Library/Bee/PlayerScriptAssemblies/Unity.Multiplayer.Tools.NetStatsMonitor.Component.pdb
[880/978    0s] CopyFiles Library/Bee/PlayerScriptAssemblies/UnityEngine.UI.pdb
[881/978    0s] CopyFiles Library/Bee/PlayerScriptAssemblies/glTFast.pdb
[882/978    0s] CopyFiles Library/Bee/PlayerScriptAssemblies/Unity.Multiplayer.Playmode.pdb
[883/978    0s] CopyFiles Library/Bee/PlayerScriptAssemblies/Unity.Multiplayer.Tools.NetworkSolutionInterface.pdb
[884/978    0s] CopyFiles Library/Bee/PlayerScriptAssemblies/Unity.Services.Core.Threading.pdb
[885/978    0s] CopyFiles Library/Bee/PlayerScriptAssemblies/Unity.Multiplayer.Tools.Initialization.pdb
[886/978    0s] CopyFiles Library/Bee/PlayerScriptAssemblies/Unity.Burst.pdb
[887/978    0s] CopyFiles Library/Bee/PlayerScriptAssemblies/Unity.Multiplayer.Tools.MetricTestData.pdb
[888/978    0s] CopyFiles Library/Bee/PlayerScriptAssemblies/Unity.Services.QoS.pdb
[889/978    0s] CopyFiles Library/Bee/PlayerScriptAssemblies/Unity.Multiplayer.Tools.NetStatsReporting.pdb
[890/978    0s] ILPostProcess Library/Bee/artifacts/2000b0aP.dag/post-processed/Unity.Multiplayer.Tools.NetVis.Configuration.dll (+pdb)
Processing assembly Library/Bee/artifacts/2000b0aP.dag/Unity.Multiplayer.Tools.NetVis.Configuration.dll, with 98 defines and 198 references

processors: Unity.Jobs.CodeGen.JobsILPostProcessor, Unity.Multiplayer.Tools.NetStats.CodeGen.AssemblyProcessorMain, Unity.Netcode.Editor.CodeGen.INetworkMessageILPP, Unity.Netcode.Editor.CodeGen.INetworkSerializableILPP, Unity.Netcode.Editor.CodeGen.NetworkBehaviourILPP, Unity.Netcode.Editor.CodeGen.RuntimeAccessModifiersILPP, zzzUnity.Burst.CodeGen.BurstILPostProcessor

running Unity.Jobs.CodeGen.JobsILPostProcessor

running Unity.Multiplayer.Tools.NetStats.CodeGen.AssemblyProcessorMain

running Unity.Netcode.Editor.CodeGen.INetworkMessageILPP

running Unity.Netcode.Editor.CodeGen.INetworkSerializableILPP

running Unity.Netcode.Editor.CodeGen.NetworkBehaviourILPP

running Unity.Netcode.Editor.CodeGen.RuntimeAccessModifiersILPP

running zzzUnity.Burst.CodeGen.BurstILPostProcessor
[891/978    0s] CopyFiles Library/Bee/PlayerScriptAssemblies/Unity.Multiplayer.Tools.NetworkProfiler.Runtime.pdb
[892/978    0s] CopyFiles Library/Bee/PlayerScriptAssemblies/glTFast.dots.pdb
[893/978    0s] CopyFiles Library/Bee/PlayerScriptAssemblies/Unity.Multiplayer.Tools.Adapters.pdb
[894/978    0s] CopyFiles Library/Bee/PlayerScriptAssemblies/glTFast.Export.pdb
[895/978    0s] CopyFiles Library/Bee/PlayerScriptAssemblies/Unity.Multiplayer.Tools.MetricTypes.pdb
[896/978    0s] CopyFiles Library/Bee/PlayerScriptAssemblies/Unity.Multiplayer.Tools.MetricEvents.pdb
[897/978    0s] CopyFiles Library/Bee/PlayerScriptAssemblies/Unity.Multiplayer.Tools.NetStatsMonitor.Configuration.pdb
[898/978    0s] CopyFiles Library/Bee/PlayerScriptAssemblies/Unity.Multiplayer.Tools.NetStatsMonitor.Implementation.pdb
[899/978    0s] CopyFiles Library/Bee/PlayerScriptAssemblies/Unity.Services.Wire.Internal.pdb
[900/978    0s] CopyFiles Library/Bee/PlayerScriptAssemblies/Unity.Services.Core.Networking.pdb
[901/978    0s] CopyFiles Library/Bee/PlayerScriptAssemblies/Unity.Multiplayer.Tools.Adapters.Utp2.pdb
[902/978    0s] CopyFiles Library/Bee/PlayerScriptAssemblies/Unity.Services.Core.Components.pdb
[903/978    0s] CopyFiles Library/Bee/PlayerScriptAssemblies/glTFast.Newtonsoft.pdb
[904/978    0s] CopyFiles Library/Bee/PlayerScriptAssemblies/Unity.Multiplayer.Tools.NetworkSimulator.Runtime.pdb
[905/978    0s] CopyFiles Library/Bee/PlayerScriptAssemblies/Unity.Multiplayer.Widgets.Session.pdb
[906/978    0s] CopyFiles Library/Bee/PlayerScriptAssemblies/Unity.Services.Core.Telemetry.pdb
[907/978    1s] ILPostProcess Library/Bee/artifacts/2000b0aP.dag/post-processed/Unity.Collections.dll (+pdb)
Processing assembly Library/Bee/artifacts/2000b0aP.dag/Unity.Collections.dll, with 99 defines and 196 references

processors: Unity.Jobs.CodeGen.JobsILPostProcessor, Unity.Multiplayer.Tools.NetStats.CodeGen.AssemblyProcessorMain, Unity.Netcode.Editor.CodeGen.INetworkMessageILPP, Unity.Netcode.Editor.CodeGen.INetworkSerializableILPP, Unity.Netcode.Editor.CodeGen.NetworkBehaviourILPP, Unity.Netcode.Editor.CodeGen.RuntimeAccessModifiersILPP, zzzUnity.Burst.CodeGen.BurstILPostProcessor

running Unity.Jobs.CodeGen.JobsILPostProcessor

running Unity.Multiplayer.Tools.NetStats.CodeGen.AssemblyProcessorMain

running Unity.Netcode.Editor.CodeGen.INetworkMessageILPP

running Unity.Netcode.Editor.CodeGen.INetworkSerializableILPP

running Unity.Netcode.Editor.CodeGen.NetworkBehaviourILPP

running Unity.Netcode.Editor.CodeGen.RuntimeAccessModifiersILPP

running zzzUnity.Burst.CodeGen.BurstILPostProcessor
[908/978    0s] CopyFiles Library/Bee/PlayerScriptAssemblies/Unity.TextMeshPro.pdb
[909/978    0s] CopyFiles Library/Bee/PlayerScriptAssemblies/Unity.DedicatedServer.MultiplayerRoles.pdb
[910/978    0s] CopyFiles Library/Bee/PlayerScriptAssemblies/Unity.Multiplayer.Playmode.Common.Runtime.pdb
[911/978    0s] CopyFiles Library/Bee/PlayerScriptAssemblies/Unity.Mathematics.pdb
[912/978    0s] CopyFiles Library/Bee/PlayerScriptAssemblies/Unity.InputSystem.pdb
[913/978    0s] CopyFiles Library/Bee/PlayerScriptAssemblies/Unity.Services.Core.Analytics.pdb
[914/978    0s] ILPostProcess Library/Bee/artifacts/2000b0aP.dag/post-processed/Unity.Services.Core.Configuration.dll (+pdb)
Processing assembly Library/Bee/artifacts/2000b0aP.dag/Unity.Services.Core.Configuration.dll, with 97 defines and 196 references

processors: Unity.Jobs.CodeGen.JobsILPostProcessor, Unity.Multiplayer.Tools.NetStats.CodeGen.AssemblyProcessorMain, Unity.Netcode.Editor.CodeGen.INetworkMessageILPP, Unity.Netcode.Editor.CodeGen.INetworkSerializableILPP, Unity.Netcode.Editor.CodeGen.NetworkBehaviourILPP, Unity.Netcode.Editor.CodeGen.RuntimeAccessModifiersILPP, zzzUnity.Burst.CodeGen.BurstILPostProcessor

running Unity.Jobs.CodeGen.JobsILPostProcessor

running Unity.Multiplayer.Tools.NetStats.CodeGen.AssemblyProcessorMain

running Unity.Netcode.Editor.CodeGen.INetworkMessageILPP

running Unity.Netcode.Editor.CodeGen.INetworkSerializableILPP

running Unity.Netcode.Editor.CodeGen.NetworkBehaviourILPP

running Unity.Netcode.Editor.CodeGen.RuntimeAccessModifiersILPP

running zzzUnity.Burst.CodeGen.BurstILPostProcessor
[915/978    0s] CopyFiles Library/Bee/PlayerScriptAssemblies/Unity.Profiling.Core.pdb
[916/978    0s] CopyFiles Library/Bee/PlayerScriptAssemblies/Unity.Services.Vivox.pdb
[917/978    0s] CopyFiles Library/Bee/PlayerScriptAssemblies/Unity.Multiplayer.Center.Common.pdb
[918/978    0s] CopyFiles Library/Bee/PlayerScriptAssemblies/Unity.Multiplayer.Widgets.Vivox.pdb
[919/978    0s] CopyFiles Library/Bee/PlayerScriptAssemblies/Unity.Services.Core.pdb
[920/978    0s] CopyFiles Library/Bee/PlayerScriptAssemblies/Unity.Services.Core.Environments.Internal.pdb
[921/978    0s] CopyFiles Library/Bee/PlayerScriptAssemblies/Unity.Services.Core.Scheduler.pdb
[922/978    0s] CopyFiles Library/Bee/PlayerScriptAssemblies/Unity.Services.Core.Device.pdb
[923/978    0s] CopyFiles Library/Bee/PlayerScriptAssemblies/Unity.InputSystem.ForUI.pdb
[924/978    0s] CopyFiles Library/Bee/PlayerScriptAssemblies/Unity.Services.Authentication.PlayerAccounts.pdb
[925/978    0s] ILPostProcess Library/Bee/artifacts/2000b0aP.dag/post-processed/Unity.Services.Core.Environments.dll (+pdb)
Processing assembly Library/Bee/artifacts/2000b0aP.dag/Unity.Services.Core.Environments.dll, with 97 defines and 196 references

processors: Unity.Jobs.CodeGen.JobsILPostProcessor, Unity.Multiplayer.Tools.NetStats.CodeGen.AssemblyProcessorMain, Unity.Netcode.Editor.CodeGen.INetworkMessageILPP, Unity.Netcode.Editor.CodeGen.INetworkSerializableILPP, Unity.Netcode.Editor.CodeGen.NetworkBehaviourILPP, Unity.Netcode.Editor.CodeGen.RuntimeAccessModifiersILPP, zzzUnity.Burst.CodeGen.BurstILPostProcessor

running Unity.Jobs.CodeGen.JobsILPostProcessor

running Unity.Multiplayer.Tools.NetStats.CodeGen.AssemblyProcessorMain

running Unity.Netcode.Editor.CodeGen.INetworkMessageILPP

running Unity.Netcode.Editor.CodeGen.INetworkSerializableILPP

running Unity.Netcode.Editor.CodeGen.NetworkBehaviourILPP

running Unity.Netcode.Editor.CodeGen.RuntimeAccessModifiersILPP

running zzzUnity.Burst.CodeGen.BurstILPostProcessor
[926/978    0s] ILPostProcess Library/Bee/artifacts/2000b0aP.dag/post-processed/Unity.Multiplayer.Tools.NetStats.dll (+pdb)
Processing assembly Library/Bee/artifacts/2000b0aP.dag/Unity.Multiplayer.Tools.NetStats.dll, with 97 defines and 193 references

processors: Unity.Jobs.CodeGen.JobsILPostProcessor, Unity.Multiplayer.Tools.NetStats.CodeGen.AssemblyProcessorMain, Unity.Netcode.Editor.CodeGen.INetworkMessageILPP, Unity.Netcode.Editor.CodeGen.INetworkSerializableILPP, Unity.Netcode.Editor.CodeGen.NetworkBehaviourILPP, Unity.Netcode.Editor.CodeGen.RuntimeAccessModifiersILPP, zzzUnity.Burst.CodeGen.BurstILPostProcessor

running Unity.Jobs.CodeGen.JobsILPostProcessor

running Unity.Multiplayer.Tools.NetStats.CodeGen.AssemblyProcessorMain

running Unity.Netcode.Editor.CodeGen.INetworkMessageILPP

running Unity.Netcode.Editor.CodeGen.INetworkSerializableILPP

running Unity.Netcode.Editor.CodeGen.NetworkBehaviourILPP

running Unity.Netcode.Editor.CodeGen.RuntimeAccessModifiersILPP

running zzzUnity.Burst.CodeGen.BurstILPostProcessor
[927/978    0s] CopyFiles Library/Bee/PlayerScriptAssemblies/Unity.Multiplayer.Tools.NetVis.Configuration.dll
[928/978    0s] CopyFiles Library/Bee/PlayerScriptAssemblies/Unity.Multiplayer.Tools.NetVis.Configuration.pdb
[929/978    0s] CopyFiles Library/Bee/PlayerScriptAssemblies/Unity.Collections.pdb
[930/978    0s] CopyFiles Library/Bee/PlayerScriptAssemblies/Unity.Collections.dll
[931/978    0s] CopyFiles Library/Bee/PlayerScriptAssemblies/Unity.Services.Core.Configuration.dll
[932/978    0s] CopyFiles Library/Bee/PlayerScriptAssemblies/Unity.Services.Core.Configuration.pdb
[933/978    0s] CopyFiles Library/Bee/PlayerScriptAssemblies/Unity.Services.Core.Environments.dll
[934/978    0s] CopyFiles Library/Bee/PlayerScriptAssemblies/Unity.Services.Core.Environments.pdb
[935/978    0s] CopyFiles Library/Bee/PlayerScriptAssemblies/Unity.Multiplayer.Tools.NetStats.pdb
[936/978    0s] CopyFiles Library/Bee/PlayerScriptAssemblies/Unity.Multiplayer.Tools.NetStats.dll
[937/978    0s] ILPostProcess Library/Bee/artifacts/2000b0aP.dag/post-processed/Unity.Multiplayer.Tools.Common.dll (+pdb)
Processing assembly Library/Bee/artifacts/2000b0aP.dag/Unity.Multiplayer.Tools.Common.dll, with 97 defines and 194 references

processors: Unity.Jobs.CodeGen.JobsILPostProcessor, Unity.Multiplayer.Tools.NetStats.CodeGen.AssemblyProcessorMain, Unity.Netcode.Editor.CodeGen.INetworkMessageILPP, Unity.Netcode.Editor.CodeGen.INetworkSerializableILPP, Unity.Netcode.Editor.CodeGen.NetworkBehaviourILPP, Unity.Netcode.Editor.CodeGen.RuntimeAccessModifiersILPP, zzzUnity.Burst.CodeGen.BurstILPostProcessor

running Unity.Jobs.CodeGen.JobsILPostProcessor

running Unity.Multiplayer.Tools.NetStats.CodeGen.AssemblyProcessorMain

running Unity.Netcode.Editor.CodeGen.INetworkMessageILPP

running Unity.Netcode.Editor.CodeGen.INetworkSerializableILPP

running Unity.Netcode.Editor.CodeGen.NetworkBehaviourILPP

running Unity.Netcode.Editor.CodeGen.RuntimeAccessModifiersILPP

running zzzUnity.Burst.CodeGen.BurstILPostProcessor
[938/978    0s] ILPostProcess Library/Bee/artifacts/2000b0aP.dag/post-processed/Unity.Services.Authentication.dll (+pdb)
Processing assembly Library/Bee/artifacts/2000b0aP.dag/Unity.Services.Authentication.dll, with 97 defines and 198 references

processors: Unity.Jobs.CodeGen.JobsILPostProcessor, Unity.Multiplayer.Tools.NetStats.CodeGen.AssemblyProcessorMain, Unity.Netcode.Editor.CodeGen.INetworkMessageILPP, Unity.Netcode.Editor.CodeGen.INetworkSerializableILPP, Unity.Netcode.Editor.CodeGen.NetworkBehaviourILPP, Unity.Netcode.Editor.CodeGen.RuntimeAccessModifiersILPP, zzzUnity.Burst.CodeGen.BurstILPostProcessor

running Unity.Jobs.CodeGen.JobsILPostProcessor

running Unity.Multiplayer.Tools.NetStats.CodeGen.AssemblyProcessorMain

running Unity.Netcode.Editor.CodeGen.INetworkMessageILPP

running Unity.Netcode.Editor.CodeGen.INetworkSerializableILPP

running Unity.Netcode.Editor.CodeGen.NetworkBehaviourILPP

running Unity.Netcode.Editor.CodeGen.RuntimeAccessModifiersILPP

running zzzUnity.Burst.CodeGen.BurstILPostProcessor
[939/978    0s] ILPostProcess Library/Bee/artifacts/2000b0aP.dag/post-processed/Unity.Multiplayer.Widgets.Core.dll (+pdb)
Processing assembly Library/Bee/artifacts/2000b0aP.dag/Unity.Multiplayer.Widgets.Core.dll, with 99 defines and 198 references

processors: Unity.Jobs.CodeGen.JobsILPostProcessor, Unity.Multiplayer.Tools.NetStats.CodeGen.AssemblyProcessorMain, Unity.Netcode.Editor.CodeGen.INetworkMessageILPP, Unity.Netcode.Editor.CodeGen.INetworkSerializableILPP, Unity.Netcode.Editor.CodeGen.NetworkBehaviourILPP, Unity.Netcode.Editor.CodeGen.RuntimeAccessModifiersILPP, zzzUnity.Burst.CodeGen.BurstILPostProcessor

running Unity.Jobs.CodeGen.JobsILPostProcessor

running Unity.Multiplayer.Tools.NetStats.CodeGen.AssemblyProcessorMain

running Unity.Netcode.Editor.CodeGen.INetworkMessageILPP

running Unity.Netcode.Editor.CodeGen.INetworkSerializableILPP

running Unity.Netcode.Editor.CodeGen.NetworkBehaviourILPP

running Unity.Netcode.Editor.CodeGen.RuntimeAccessModifiersILPP

running zzzUnity.Burst.CodeGen.BurstILPostProcessor
[940/978    0s] ILPostProcess Library/Bee/artifacts/2000b0aP.dag/post-processed/glTFast.Documentation.Examples.dll (+pdb)
Processing assembly Library/Bee/artifacts/2000b0aP.dag/glTFast.Documentation.Examples.dll, with 100 defines and 199 references

processors: Unity.Jobs.CodeGen.JobsILPostProcessor, Unity.Multiplayer.Tools.NetStats.CodeGen.AssemblyProcessorMain, Unity.Netcode.Editor.CodeGen.INetworkMessageILPP, Unity.Netcode.Editor.CodeGen.INetworkSerializableILPP, Unity.Netcode.Editor.CodeGen.NetworkBehaviourILPP, Unity.Netcode.Editor.CodeGen.RuntimeAccessModifiersILPP, zzzUnity.Burst.CodeGen.BurstILPostProcessor

running Unity.Jobs.CodeGen.JobsILPostProcessor

running Unity.Multiplayer.Tools.NetStats.CodeGen.AssemblyProcessorMain

running Unity.Netcode.Editor.CodeGen.INetworkMessageILPP

running Unity.Netcode.Editor.CodeGen.INetworkSerializableILPP

running Unity.Netcode.Editor.CodeGen.NetworkBehaviourILPP

running Unity.Netcode.Editor.CodeGen.RuntimeAccessModifiersILPP

running zzzUnity.Burst.CodeGen.BurstILPostProcessor
[941/978    0s] ILPostProcess Library/Bee/artifacts/2000b0aP.dag/post-processed/Unity.Services.Core.Registration.dll (+pdb)
Processing assembly Library/Bee/artifacts/2000b0aP.dag/Unity.Services.Core.Registration.dll, with 97 defines and 203 references

processors: Unity.Jobs.CodeGen.JobsILPostProcessor, Unity.Multiplayer.Tools.NetStats.CodeGen.AssemblyProcessorMain, Unity.Netcode.Editor.CodeGen.INetworkMessageILPP, Unity.Netcode.Editor.CodeGen.INetworkSerializableILPP, Unity.Netcode.Editor.CodeGen.NetworkBehaviourILPP, Unity.Netcode.Editor.CodeGen.RuntimeAccessModifiersILPP, zzzUnity.Burst.CodeGen.BurstILPostProcessor

running Unity.Jobs.CodeGen.JobsILPostProcessor

running Unity.Multiplayer.Tools.NetStats.CodeGen.AssemblyProcessorMain

running Unity.Netcode.Editor.CodeGen.INetworkMessageILPP

running Unity.Netcode.Editor.CodeGen.INetworkSerializableILPP

running Unity.Netcode.Editor.CodeGen.NetworkBehaviourILPP

running Unity.Netcode.Editor.CodeGen.RuntimeAccessModifiersILPP

running zzzUnity.Burst.CodeGen.BurstILPostProcessor
[942/978    0s] CopyFiles Library/Bee/PlayerScriptAssemblies/Unity.Multiplayer.Widgets.Core.pdb
[943/978    0s] CopyFiles Library/Bee/PlayerScriptAssemblies/Unity.Multiplayer.Widgets.Core.dll
[944/978    0s] ILPostProcess Library/Bee/artifacts/2000b0aP.dag/post-processed/Unity.Services.Core.Internal.dll (+pdb)
Processing assembly Library/Bee/artifacts/2000b0aP.dag/Unity.Services.Core.Internal.dll, with 97 defines and 195 references

processors: Unity.Jobs.CodeGen.JobsILPostProcessor, Unity.Multiplayer.Tools.NetStats.CodeGen.AssemblyProcessorMain, Unity.Netcode.Editor.CodeGen.INetworkMessageILPP, Unity.Netcode.Editor.CodeGen.INetworkSerializableILPP, Unity.Netcode.Editor.CodeGen.NetworkBehaviourILPP, Unity.Netcode.Editor.CodeGen.RuntimeAccessModifiersILPP, zzzUnity.Burst.CodeGen.BurstILPostProcessor

running Unity.Jobs.CodeGen.JobsILPostProcessor

running Unity.Multiplayer.Tools.NetStats.CodeGen.AssemblyProcessorMain

running Unity.Netcode.Editor.CodeGen.INetworkMessageILPP

running Unity.Netcode.Editor.CodeGen.INetworkSerializableILPP

running Unity.Netcode.Editor.CodeGen.NetworkBehaviourILPP

running Unity.Netcode.Editor.CodeGen.RuntimeAccessModifiersILPP

running zzzUnity.Burst.CodeGen.BurstILPostProcessor
[945/978    0s] CopyFiles Library/Bee/PlayerScriptAssemblies/Unity.Multiplayer.Tools.Common.pdb
[946/978    0s] CopyFiles Library/Bee/PlayerScriptAssemblies/Unity.Services.Authentication.dll
[947/978    0s] CopyFiles Library/Bee/PlayerScriptAssemblies/Unity.Services.Authentication.pdb
[948/978    0s] CopyFiles Library/Bee/PlayerScriptAssemblies/Unity.Multiplayer.Tools.Common.dll
[949/978    0s] CopyFiles Library/Bee/PlayerScriptAssemblies/glTFast.Documentation.Examples.dll
[950/978    0s] CopyFiles Library/Bee/PlayerScriptAssemblies/glTFast.Documentation.Examples.pdb
[951/978    0s] CopyFiles Library/Bee/PlayerScriptAssemblies/Unity.Services.Core.Registration.dll
[952/978    0s] CopyFiles Library/Bee/PlayerScriptAssemblies/Unity.Services.Core.Registration.pdb
[953/978    0s] CopyFiles Library/Bee/PlayerScriptAssemblies/Unity.Services.Core.Internal.dll
[954/978    0s] CopyFiles Library/Bee/PlayerScriptAssemblies/Unity.Services.Core.Internal.pdb
[955/978    1s] ILPostProcess Library/Bee/artifacts/2000b0aP.dag/post-processed/Unity.Networking.Transport.dll (+pdb)
Processing assembly Library/Bee/artifacts/2000b0aP.dag/Unity.Networking.Transport.dll, with 98 defines and 197 references

processors: Unity.Jobs.CodeGen.JobsILPostProcessor, Unity.Multiplayer.Tools.NetStats.CodeGen.AssemblyProcessorMain, Unity.Netcode.Editor.CodeGen.INetworkMessageILPP, Unity.Netcode.Editor.CodeGen.INetworkSerializableILPP, Unity.Netcode.Editor.CodeGen.NetworkBehaviourILPP, Unity.Netcode.Editor.CodeGen.RuntimeAccessModifiersILPP, zzzUnity.Burst.CodeGen.BurstILPostProcessor

running Unity.Jobs.CodeGen.JobsILPostProcessor

running Unity.Multiplayer.Tools.NetStats.CodeGen.AssemblyProcessorMain

running Unity.Netcode.Editor.CodeGen.INetworkMessageILPP

running Unity.Netcode.Editor.CodeGen.INetworkSerializableILPP

running Unity.Netcode.Editor.CodeGen.NetworkBehaviourILPP

running Unity.Netcode.Editor.CodeGen.RuntimeAccessModifiersILPP

running zzzUnity.Burst.CodeGen.BurstILPostProcessor
[956/978    0s] CopyFiles Library/Bee/PlayerScriptAssemblies/Unity.Networking.Transport.pdb
[957/978    0s] CopyFiles Library/Bee/PlayerScriptAssemblies/Unity.Networking.Transport.dll
[958/978    1s] ILPostProcess Library/Bee/artifacts/2000b0aP.dag/post-processed/Unity.Multiplayer.Tools.Adapters.Ngo1WithUtp2.dll (+pdb)
Processing assembly Library/Bee/artifacts/2000b0aP.dag/Unity.Multiplayer.Tools.Adapters.Ngo1WithUtp2.dll, with 99 defines and 198 references

processors: Unity.Jobs.CodeGen.JobsILPostProcessor, Unity.Multiplayer.Tools.NetStats.CodeGen.AssemblyProcessorMain, Unity.Netcode.Editor.CodeGen.INetworkMessageILPP, Unity.Netcode.Editor.CodeGen.INetworkSerializableILPP, Unity.Netcode.Editor.CodeGen.NetworkBehaviourILPP, Unity.Netcode.Editor.CodeGen.RuntimeAccessModifiersILPP, zzzUnity.Burst.CodeGen.BurstILPostProcessor

running Unity.Jobs.CodeGen.JobsILPostProcessor

running Unity.Multiplayer.Tools.NetStats.CodeGen.AssemblyProcessorMain

running Unity.Netcode.Editor.CodeGen.INetworkMessageILPP

running Unity.Netcode.Editor.CodeGen.INetworkSerializableILPP

running Unity.Netcode.Editor.CodeGen.NetworkBehaviourILPP

running Unity.Netcode.Editor.CodeGen.RuntimeAccessModifiersILPP

running zzzUnity.Burst.CodeGen.BurstILPostProcessor
[959/978    3s] ILPostProcess Library/Bee/artifacts/2000b0aP.dag/post-processed/Unity.Multiplayer.Tools.Adapters.Ngo1.dll (+pdb)
Processing assembly Library/Bee/artifacts/2000b0aP.dag/Unity.Multiplayer.Tools.Adapters.Ngo1.dll, with 99 defines and 200 references

processors: Unity.Jobs.CodeGen.JobsILPostProcessor, Unity.Multiplayer.Tools.NetStats.CodeGen.AssemblyProcessorMain, Unity.Netcode.Editor.CodeGen.INetworkMessageILPP, Unity.Netcode.Editor.CodeGen.INetworkSerializableILPP, Unity.Netcode.Editor.CodeGen.NetworkBehaviourILPP, Unity.Netcode.Editor.CodeGen.RuntimeAccessModifiersILPP, zzzUnity.Burst.CodeGen.BurstILPostProcessor

running Unity.Jobs.CodeGen.JobsILPostProcessor

running Unity.Multiplayer.Tools.NetStats.CodeGen.AssemblyProcessorMain

running Unity.Netcode.Editor.CodeGen.INetworkMessageILPP

running Unity.Netcode.Editor.CodeGen.INetworkSerializableILPP

running Unity.Netcode.Editor.CodeGen.NetworkBehaviourILPP

running Unity.Netcode.Editor.CodeGen.RuntimeAccessModifiersILPP

running zzzUnity.Burst.CodeGen.BurstILPostProcessor
[960/978    0s] CopyFiles Library/Bee/PlayerScriptAssemblies/Unity.Multiplayer.Tools.Adapters.Ngo1WithUtp2.pdb
[961/978    0s] CopyFiles Library/Bee/PlayerScriptAssemblies/Unity.Multiplayer.Tools.Adapters.Ngo1WithUtp2.dll
[962/978    0s] CopyFiles Library/Bee/PlayerScriptAssemblies/Unity.Multiplayer.Tools.Adapters.Ngo1.dll
[963/978    0s] CopyFiles Library/Bee/PlayerScriptAssemblies/Unity.Multiplayer.Tools.Adapters.Ngo1.pdb
[964/978    3s] ILPostProcess Library/Bee/artifacts/2000b0aP.dag/post-processed/Unity.Multiplayer.Center.NetcodeForGameObjectsExample.dll (+pdb)
Processing assembly Library/Bee/artifacts/2000b0aP.dag/Unity.Multiplayer.Center.NetcodeForGameObjectsExample.dll, with 101 defines and 199 references

processors: Unity.Jobs.CodeGen.JobsILPostProcessor, Unity.Multiplayer.Tools.NetStats.CodeGen.AssemblyProcessorMain, Unity.Netcode.Editor.CodeGen.INetworkMessageILPP, Unity.Netcode.Editor.CodeGen.INetworkSerializableILPP, Unity.Netcode.Editor.CodeGen.NetworkBehaviourILPP, Unity.Netcode.Editor.CodeGen.RuntimeAccessModifiersILPP, zzzUnity.Burst.CodeGen.BurstILPostProcessor

running Unity.Jobs.CodeGen.JobsILPostProcessor

running Unity.Multiplayer.Tools.NetStats.CodeGen.AssemblyProcessorMain

running Unity.Netcode.Editor.CodeGen.INetworkMessageILPP

running Unity.Netcode.Editor.CodeGen.INetworkSerializableILPP

running Unity.Netcode.Editor.CodeGen.NetworkBehaviourILPP

running Unity.Netcode.Editor.CodeGen.RuntimeAccessModifiersILPP

running zzzUnity.Burst.CodeGen.BurstILPostProcessor
[965/978    0s] CopyFiles Library/Bee/PlayerScriptAssemblies/Unity.Multiplayer.Center.NetcodeForGameObjectsExample.pdb
[966/978    0s] CopyFiles Library/Bee/PlayerScriptAssemblies/Unity.Multiplayer.Center.NetcodeForGameObjectsExample.dll
[967/978    3s] ILPostProcess Library/Bee/artifacts/2000b0aP.dag/post-processed/BizarreChess.dll (+pdb)
Processing assembly Library/Bee/artifacts/2000b0aP.dag/BizarreChess.dll, with 97 defines and 202 references

processors: Unity.Jobs.CodeGen.JobsILPostProcessor, Unity.Multiplayer.Tools.NetStats.CodeGen.AssemblyProcessorMain, Unity.Netcode.Editor.CodeGen.INetworkMessageILPP, Unity.Netcode.Editor.CodeGen.INetworkSerializableILPP, Unity.Netcode.Editor.CodeGen.NetworkBehaviourILPP, Unity.Netcode.Editor.CodeGen.RuntimeAccessModifiersILPP, zzzUnity.Burst.CodeGen.BurstILPostProcessor

running Unity.Jobs.CodeGen.JobsILPostProcessor

running Unity.Multiplayer.Tools.NetStats.CodeGen.AssemblyProcessorMain

running Unity.Netcode.Editor.CodeGen.INetworkMessageILPP

running Unity.Netcode.Editor.CodeGen.INetworkSerializableILPP

running Unity.Netcode.Editor.CodeGen.NetworkBehaviourILPP

running Unity.Netcode.Editor.CodeGen.RuntimeAccessModifiersILPP

running zzzUnity.Burst.CodeGen.BurstILPostProcessor
[968/978    0s] CopyFiles Library/Bee/PlayerScriptAssemblies/BizarreChess.pdb
[969/978    0s] CopyFiles Library/Bee/PlayerScriptAssemblies/BizarreChess.dll
[970/978    3s] ILPostProcess Library/Bee/artifacts/2000b0aP.dag/post-processed/Unity.Services.Multiplayer.dll (+pdb)
Processing assembly Library/Bee/artifacts/2000b0aP.dag/Unity.Services.Multiplayer.dll, with 99 defines and 201 references

processors: Unity.Jobs.CodeGen.JobsILPostProcessor, Unity.Multiplayer.Tools.NetStats.CodeGen.AssemblyProcessorMain, Unity.Netcode.Editor.CodeGen.INetworkMessageILPP, Unity.Netcode.Editor.CodeGen.INetworkSerializableILPP, Unity.Netcode.Editor.CodeGen.NetworkBehaviourILPP, Unity.Netcode.Editor.CodeGen.RuntimeAccessModifiersILPP, zzzUnity.Burst.CodeGen.BurstILPostProcessor

running Unity.Jobs.CodeGen.JobsILPostProcessor

running Unity.Multiplayer.Tools.NetStats.CodeGen.AssemblyProcessorMain

running Unity.Netcode.Editor.CodeGen.INetworkMessageILPP

running Unity.Netcode.Editor.CodeGen.INetworkSerializableILPP

running Unity.Netcode.Editor.CodeGen.NetworkBehaviourILPP

running Unity.Netcode.Editor.CodeGen.RuntimeAccessModifiersILPP

running zzzUnity.Burst.CodeGen.BurstILPostProcessor
[971/978    0s] CopyFiles Library/Bee/PlayerScriptAssemblies/Unity.Services.Multiplayer.pdb
[972/978    0s] CopyFiles Library/Bee/PlayerScriptAssemblies/Unity.Services.Multiplayer.dll
[973/978    4s] ILPostProcess Library/Bee/artifacts/2000b0aP.dag/post-processed/Unity.Netcode.Runtime.dll (+pdb)
Processing assembly Library/Bee/artifacts/2000b0aP.dag/Unity.Netcode.Runtime.dll, with 106 defines and 202 references

processors: Unity.Jobs.CodeGen.JobsILPostProcessor, Unity.Multiplayer.Tools.NetStats.CodeGen.AssemblyProcessorMain, Unity.Netcode.Editor.CodeGen.INetworkMessageILPP, Unity.Netcode.Editor.CodeGen.INetworkSerializableILPP, Unity.Netcode.Editor.CodeGen.NetworkBehaviourILPP, Unity.Netcode.Editor.CodeGen.RuntimeAccessModifiersILPP, zzzUnity.Burst.CodeGen.BurstILPostProcessor

running Unity.Jobs.CodeGen.JobsILPostProcessor

running Unity.Multiplayer.Tools.NetStats.CodeGen.AssemblyProcessorMain

running Unity.Netcode.Editor.CodeGen.INetworkMessageILPP

running Unity.Netcode.Editor.CodeGen.INetworkSerializableILPP

running Unity.Netcode.Editor.CodeGen.NetworkBehaviourILPP

running Unity.Netcode.Editor.CodeGen.RuntimeAccessModifiersILPP

running zzzUnity.Burst.CodeGen.BurstILPostProcessor
[974/978    0s] CopyFiles Library/Bee/PlayerScriptAssemblies/Unity.Netcode.Runtime.pdb
[975/978    0s] CopyFiles Library/Bee/PlayerScriptAssemblies/Unity.Netcode.Runtime.dll
[977/978    0s] BuildPlayerDataGenerator Library/BuildPlayerData/Player/RuntimeInitializeOnLoads.json (+1 other)
*** Tundra build success (15.57 seconds), 848 items updated, 978 evaluated
Assets\Scripts\Networking\NetworkedGameState.cs(299,20): warning CS0618: 'ServerRpcAttribute.RequireOwnership' is obsolete: 'ServerRpc with RequireOwnership is deprecated. Use [Rpc(SendTo.Server, InvokePermission = RpcInvokePermission.Everyone)] or [Rpc(SendTo.Server, InvokePermission = RpcInvokePermission.Owner)] instead.)]'
Assets\Scripts\Networking\NetworkedGameState.cs(366,20): warning CS0618: 'ServerRpcAttribute.RequireOwnership' is obsolete: 'ServerRpc with RequireOwnership is deprecated. Use [Rpc(SendTo.Server, InvokePermission = RpcInvokePermission.Everyone)] or [Rpc(SendTo.Server, InvokePermission = RpcInvokePermission.Owner)] instead.)]'
Assets\Scripts\Networking\NetworkedGameState.cs(393,20): warning CS0618: 'ServerRpcAttribute.RequireOwnership' is obsolete: 'ServerRpc with RequireOwnership is deprecated. Use [Rpc(SendTo.Server, InvokePermission = RpcInvokePermission.Everyone)] or [Rpc(SendTo.Server, InvokePermission = RpcInvokePermission.Owner)] instead.)]'
Assets\Scripts\Networking\NetworkedGameState.cs(415,20): warning CS0618: 'ServerRpcAttribute.RequireOwnership' is obsolete: 'ServerRpc with RequireOwnership is deprecated. Use [Rpc(SendTo.Server, InvokePermission = RpcInvokePermission.Everyone)] or [Rpc(SendTo.Server, InvokePermission = RpcInvokePermission.Owner)] instead.)]'
Assets\Scripts\Networking\NetworkedGameState.cs(459,20): warning CS0618: 'ServerRpcAttribute.RequireOwnership' is obsolete: 'ServerRpc with RequireOwnership is deprecated. Use [Rpc(SendTo.Server, InvokePermission = RpcInvokePermission.Everyone)] or [Rpc(SendTo.Server, InvokePermission = RpcInvokePermission.Owner)] instead.)]'
Assets\Scripts\Networking\NetworkedGameState.cs(481,20): warning CS0618: 'ServerRpcAttribute.RequireOwnership' is obsolete: 'ServerRpc with RequireOwnership is deprecated. Use [Rpc(SendTo.Server, InvokePermission = RpcInvokePermission.Everyone)] or [Rpc(SendTo.Server, InvokePermission = RpcInvokePermission.Owner)] instead.)]'
Assets\Scripts\Networking\NetworkedGameState.cs(499,20): warning CS0618: 'ServerRpcAttribute.RequireOwnership' is obsolete: 'ServerRpc with RequireOwnership is deprecated. Use [Rpc(SendTo.Server, InvokePermission = RpcInvokePermission.Everyone)] or [Rpc(SendTo.Server, InvokePermission = RpcInvokePermission.Owner)] instead.)]'
Assets\Scripts\Core\Player\PlayerColors.cs(84,29): warning CS0414: The field 'PlayerColors._initialized' is assigned but its value is never used
[Licensing::Client] Successfully resolved entitlement details
Start importing Packages/com.unity.inputsystem/InputSystem/Editor/Icons/ChevronUp@3x.png using Guid(006305b616daf47409935f3dc8a172e2) (TextureImporter) -> (artifact id: '67d812e3400d149037e050ad63c7b1f4') in 0.0154658 seconds
Start importing Packages/com.unity.inputsystem/InputSystem/Editor/Icons/d_ChevronDown@2x.png using Guid(0068f400a72d84c92a1b8f5889a574b2) (TextureImporter) -> (artifact id: '3c1478e2cadb8a0ad56fdc6b3bb9e2dd') in 0.0113955 seconds
Start importing Packages/com.unity.inputsystem/InputSystem/Editor/Icons/Interactive Binding@2x.png using Guid(2027b97fd12d842d7a3169c784502a54) (TextureImporter) -> (artifact id: '41135ba2f9fc6109309c3aadfa53e7c8') in 0.0120588 seconds
Start importing Packages/com.unity.multiplayer.playmode/Scenarios/Editor/PlayModeConfig/UI/Icons/Ready@2x.png using Guid(30621f6cfd1f14056864e9ff0720a47e) (TextureImporter) -> (artifact id: '48e4992d9d438068e331c5058dd19cd5') in 0.0102308 seconds
Start importing Packages/com.unity.inputsystem/InputSystem/Editor/Icons/InputSystemUIInputModule@64.png using Guid(3028dc075ba8c584d9bc7d1e0255e038) (TextureImporter) -> (artifact id: '4217f6f1553f52c4a554cb2f51cf0da7') in 0.0149896 seconds
Start importing Packages/com.unity.inputsystem/InputSystem/Editor/Icons/InputAction.png using Guid(40265a896a0f341bb956e90c59025a29) (TextureImporter) -> (artifact id: '7fa34f22adbf5b9bdd360442ae7c80a2') in 0.0151247 seconds
Start importing Packages/com.unity.multiplayer.playmode/Scenarios/Editor/PlayModeConfig/UI/Icons/dashboard.png using Guid(40cc4a065ac56413db66860c692c0be2) (TextureImporter) -> (artifact id: 'fb6542dd0da690df7bad1b94e88fad7d') in 0.0079418 seconds
Start importing Packages/com.unity.services.vivox/Editor/Icons/Checkmark.png using Guid(6068204ba53b98048b4a49b2e80abb46) (TextureImporter) -> (artifact id: '59a47f809cb96d296998c9274628b515') in 0.0078455 seconds
Start importing Packages/com.unity.inputsystem/InputSystem/Editor/Icons/Mouse@4x.png using Guid(a0b78c5ab9d654a9daba91ff774b4931) (TextureImporter)Total cache size 282567512
 -> (artifact id: '58325da38851b0e3194b0d58eb53d35a') in 0.0139617 seconds
Start importing Packages/com.unity.multiplayer.playmode/Scenarios/Editor/PlayModeConfig/UI/Icons/Documentation.png using Guid(b024a3e6919c043d6998421fdccc3293) (TextureImporter) -> (artifact id: '945a0dcef99a0a68c858c682898ee17f') in 0.0090401 seconds
Start importing Packages/com.unity.inputsystem/InputSystem/Editor/Icons/InputActionAsset.png using Guid(b025a2a0f9e554d1e88a93b5649dfc3f) (TextureImporter) -> (artifact id: 'e1b2ed89d2fbf27380cffab3b2a1c4d7') in 0.0135606 seconds
Start importing Packages/com.unity.services.deployment/Editor/Interface/UI/Assets/Icons/Deployment.png using Guid(b0bd3d6c41993426e9b7ab2763372de5) (TextureImporter) -> (artifact id: 'ad710728f180cd444f3bf549cb1b1e82') in 0.0080728 seconds
Start importing Packages/com.unity.inputsystem/InputSystem/Editor/AssetEditor/PackageResources/pro/propertiesBackground.png using Guid(b02e3f0c0798a4f1789a89a7697660be) (TextureImporter) -> (artifact id: 'f02abb75ab4cd1672759389a744fa7b5') in 0.0131883 seconds
Start importing Packages/com.unity.multiplayer.playmode/WorkflowUI/Editor/UI/Settings@2x.png using Guid(c085769d8dcb64a21a994575aa920bdc) (TextureImporter) -> (artifact id: 'b507da59106e4b2beb60e67919415726') in 0.0372789 seconds
Start importing Packages/com.unity.inputsystem/InputSystem/Editor/AssetEditor/PackageResources/pro/foldoutBackground.png using Guid(c0996bc290ff74bf4834f4a8b7dc8c3e) (TextureImporter)Total cache size after purge 267298540, took 00:00:00.3473963
 -> (artifact id: '67232a5ee9daa830a68d1b556a97bc6d') in 0.0123781 seconds
Start importing Packages/com.unity.inputsystem/InputSystem/Editor/Icons/Axis@2x.png using Guid(d0006d51a864248adba0238883f8c71e) (TextureImporter) -> (artifact id: '357889c65a6eaa9d1e979cbc79918803') in 0.0127801 seconds
Start importing Packages/com.unity.inputsystem/InputSystem/Editor/Icons/d_Axis@4x.png using Guid(e01ab4b854c6d4fa3a8d869b67ecd643) (TextureImporter) -> (artifact id: '74d272c607ed81e679845f130d13b55c') in 0.0127909 seconds
Start importing Packages/com.unity.ugui/Editor Resources/Textures/btn_AlignRight_Light.psd using Guid(e05ace3bd15740cda0bad60d89092a5b) (TextureImporter) -> (artifact id: 'e2d9bcb51bd209b2aca9fa56cddb4fe7') in 0.0169009 seconds
Start importing Packages/com.unity.collections/Unity.Collections.PerformanceTests/Unity.PerformanceTesting.Benchmark/PerformanceTestFrameworkOutput.png using Guid(0175a7523f9f1754ca406f92afcfcbc6) (TextureImporter) -> (artifact id: 'b6577ac2d81dae3f61a52b1be57c720f') in 0.0098608 seconds
Start importing Packages/com.unity.inputsystem/InputSystem/Editor/Icons/Interactive Binding.png using Guid(2196c18f03faf4184b1aeb2c61d5571d) (TextureImporter) -> (artifact id: '7a402ae6faf4f248f6a92fa99dbc2040') in 0.011067 seconds
Start importing Packages/com.unity.multiplayer.center/Editor/MultiplayerCenterWindow/UI/Icons/d_PackageInstalled@2x.png using Guid(318df756abab5463e9aa361360784865) (TextureImporter) -> (artifact id: '57172e608be13f297ad719fbfcba2512') in 0.0118487 seconds
Start importing Packages/com.unity.ugui/Editor Resources/Textures/btn_AlignMiddle.psd using Guid(41b96614b2e6494ba995ddcd252d11ae) (TextureImporter) -> (artifact id: '38a986672d5da08dc86ebe9ded1ed3f3') in 0.0130577 seconds
Start importing Packages/com.unity.inputsystem/InputSystem/Editor/Icons/d_Dpad@4x.png using Guid(41edf25d451a744e6ad1172a677603bd) (TextureImporter) -> (artifact id: 'a9d09a290aa949ed2a13e484702a614d') in 0.0110502 seconds
Start importing Packages/com.unity.inputsystem/InputSystem/Editor/Icons/Keyboard@3x.png using Guid(6191a40940a3e46899ecf82fa8389d01) (TextureImporter) -> (artifact id: 'c6242599f7b6f2d48a5fba65fdc2742d') in 0.0120083 seconds
Start importing Packages/com.unity.inputsystem/InputSystem/Editor/Icons/d_Mouse@3x.png using Guid(6164e492ad3164525ab8ecd9968c3a64) (TextureImporter) -> (artifact id: '9ec90ff5bf0a9c5a7c8e767503dc28e1') in 0.0112461 seconds
Start importing Packages/com.unity.ugui/Editor Resources/Textures/btn_AlignCenter.psd using Guid(81ed8c76d2bc4a4c95d092c98af4e58f) (TextureImporter) -> (artifact id: 'c35243ab50b7908b52d0ab43f983863e') in 0.0132713 seconds
Start importing Packages/com.unity.inputsystem/InputSystem/Editor/Icons/d_Dpad@3x.png using Guid(a1b7d9ffed68a47128c5622c13ba4752) (TextureImporter) -> (artifact id: '35dad0ff00b280860ea7ee611c461b72') in 0.0108687 seconds
Start importing Packages/com.unity.multiplayer.playmode/WorkflowUI/Editor/UI/layout@2x.png using Guid(b1e6514680ba34978b37aac801ec7ba0) (TextureImporter) -> (artifact id: '74280c4d80b64ddeeeef47e19f094e2f') in 0.0070849 seconds
Start importing Packages/com.unity.multiplayer.playmode/Scenarios/Editor/PlayModeConfig/UI/Icons/dashboard@2x.png using Guid(d12712b9b6474422fae86249152ad8fa) (TextureImporter) -> (artifact id: 'db45c4ce8e246138f14bb6a27a1397d9') in 0.0070073 seconds
Start importing Packages/com.unity.inputsystem/InputSystem/Editor/Icons/ChevronDown@4x.png using Guid(d1acbe0a708dc40dc80254764e67ecfa) (TextureImporter) -> (artifact id: 'f121f08084cbf297443048cabda3f9b3') in 0.0113602 seconds
Start importing Packages/com.unity.inputsystem/InputSystem/Editor/Icons/d_Position@3x.png using Guid(e1da124f7cbda41a4925397406076a42) (TextureImporter) -> (artifact id: '4264ba8e4f7e79d8f9f8094a304ab676') in 0.0115197 seconds
Start importing Packages/com.unity.multiplayer.playmode/Scenarios/Editor/PlayModeConfig/UI/Icons/Error@2x.png using Guid(e1ad7755f22d64a4ab0b3a24f5c3e408) (TextureImporter) -> (artifact id: 'dfcfcb30b209d92201664b2de2ef48d3') in 0.007215 seconds
Start importing Packages/com.unity.inputsystem/InputSystem/Editor/Icons/d_Keyboard@2x.png using Guid(f14e3a4027f834f16b235498ac15bb3f) (TextureImporter) -> (artifact id: '1147e2a6040120675c5ebb823f5f5f5b') in 0.0119682 seconds
Start importing Packages/com.unity.multiplayer.tools/Editor/MultiplayerToolsWindow/UI/Icons/Package.png using Guid(0257986d0ba8f4b848f5068762fb2a70) (TextureImporter) -> (artifact id: '963f40cd82b92653ae9becbb8ede4412') in 0.0126747 seconds
Start importing Packages/com.unity.ugui/Editor Resources/Textures/btn_AlignLeft_Light.psd using Guid(12736c98af174f91827a26b66d2b01b9) (TextureImporter) -> (artifact id: 'b4302ca1a81614320dbe8cdbd8e14d62') in 0.0136039 seconds
Start importing Packages/com.unity.inputsystem/InputSystem/Editor/Icons/d_Keyboard@4x.png using Guid(123b6218ad27a41af933311ee524dcdc) (TextureImporter) -> (artifact id: 'fbddc3bd347bef057df5a239b034f03e') in 0.0108429 seconds
Start importing Packages/com.unity.multiplayer.playmode/Scenarios/Editor/PlayModeConfig/UI/Icons/Idle.png using Guid(3246b28824ed64cf4a10e1cc6c363e27) (TextureImporter) -> (artifact id: 'ebad88e8591d4d8fdb98e806ab5da1c2') in 0.0072739 seconds
Start importing Packages/com.unity.multiplayer.tools/NetVis/Editor/UI/Assets/Textures/Icons/d_Bandwidth.png using Guid(3298f9b67eee4e01bc7ba0dc5d51c7a7) (TextureImporter) -> (artifact id: 'e1d763d81577af705f2259ff61e7b41e') in 0.0104501 seconds
Start importing Packages/com.unity.multiplayer.center/Editor/MultiplayerCenterWindow/UI/Icons/Loading.png using Guid(424a8de5def3b46dcb08edd00ad1c7bd) (TextureImporter) -> (artifact id: '01b1b8ecee16b43d5bce8a1e2ff8a274') in 0.0112192 seconds
Start importing Packages/com.unity.inputsystem/InputSystem/Editor/Icons/d_Orientation@3x.png using Guid(424bff4d3ea64400e9b384cb8bebfb96) (TextureImporter) -> (artifact id: '0948acc7898a685f2350d4494898a23f') in 0.0107445 seconds
Start importing Packages/com.unity.multiplayer.center/Editor/MultiplayerCenterWindow/UI/Icons/d_Package.png using Guid(525a6cca8dd9a4d28875a8fe824710d9) (TextureImporter) -> (artifact id: '11d8f86057c19453a35a720652c723f7') in 0.0109465 seconds
Start importing Packages/com.unity.inputsystem/InputSystem/Editor/Icons/Stick.png using Guid(6234dae5cf6f04acb9a51e04d448e444) (TextureImporter) -> (artifact id: 'de4d950a26014c5db4994dc59a10cbd7') in 0.0104422 seconds
Start importing Packages/com.unity.inputsystem/InputSystem/Editor/Icons/d_Axis@3x.png using Guid(62c846073cb844a2b926e4bbd3189647) (TextureImporter) -> (artifact id: '5b52564dbf213416cb47861f33170c64') in 0.0099736 seconds
Start importing Packages/com.unity.inputsystem/InputSystem/Editor/Icons/Orientation@2x.png using Guid(62f8dda50382d487597224e197cbd34f) (TextureImporter) -> (artifact id: '7598648d83ad5402417039dd69632fce') in 0.010276 seconds
Start importing Packages/com.unity.inputsystem/InputSystem/Editor/Icons/InputControl@2x.png using Guid(62ce957ca99fe4fcba573a5b141eb113) (TextureImporter) -> (artifact id: 'bcb2daa8d4c7c9b22dfa3c709e24496c') in 0.0109953 seconds
Start importing Packages/com.unity.inputsystem/InputSystem/Editor/Icons/Touch@2x.png using Guid(82073a8bfd6b8488a89b8796d500d12d) (TextureImporter) -> (artifact id: '4cc98bfc0c2414fc00519206dbaf1fe4') in 0.0111813 seconds
Start importing Packages/com.unity.ugui/Editor Resources/Textures/btn_AlignJustified.psd using Guid(92027f7f8cfc4feaa477da0dc38d3d46) (TextureImporter) -> (artifact id: '092c7c3e030fa0f830dbce501b64b97d') in 0.0138002 seconds
Start importing Packages/com.unity.ugui/Editor Resources/Textures/btn_AlignLeft.psd using Guid(9288066c33474b94b6ee5465f4df1cc0) (TextureImporter) -> (artifact id: '626898ce8b6370fb92ac0717b3a8a10d') in 0.0125713 seconds
Start importing Packages/com.unity.multiplayer.tools/Editor/MultiplayerToolsWindow/UI/Icons/d_Tools.png using Guid(a2e9b89efac264c60a83dd2b6be15a70) (TextureImporter) -> (artifact id: '8dbabd7e8cb5cdc0ac4693f088fd56b8') in 0.0104201 seconds
Start importing Packages/com.unity.multiplayer.center/Editor/MultiplayerCenterWindow/UI/Icons/CloudCode@2x.png using Guid(a23c0dd570fd44b57a03a8880002fcca) (TextureImporter) -> (artifact id: 'fc9f2fb7e8815f81431ac74cb31798d5') in 0.0102734 seconds
Start importing Packages/com.unity.multiplayer.center/Editor/MultiplayerCenterWindow/UI/Icons/ClientHosted.png using Guid(b2ce704e56cc84fb3b347499263c6244) (TextureImporter) -> (artifact id: '6dca358ecdc4abd72dc457eeb554a012') in 0.0108326 seconds
Start importing Packages/com.unity.ugui/Editor Resources/Textures/btn_AlignMidLine.psd using Guid(c2f7f6a88b4c4f20a53deb72f3d9144c) (TextureImporter) -> (artifact id: '6c73097fbc3ada8b8289e88376932c77') in 0.0135716 seconds
Start importing Packages/com.unity.inputsystem/InputSystem/Editor/Icons/Joystick.png using Guid(c28849deb3e3b45c98965e7efd26f7be) (TextureImporter) -> (artifact id: 'fbe6521c340674c70215925ed4b136fe') in 0.0100664 seconds
Start importing Assets/Resources/Pieces/Revolution/Camel.png using Guid(d234061c1a144324dab344d1a2673afd) (TextureImporter) -> (artifact id: '9c33139cf66a0efb58e55cddc037b8d8') in 0.0026837 seconds
Start importing Packages/com.unity.inputsystem/InputSystem/Editor/Icons/d_InputControl@4x.png using Guid(e2078613efd9e410c8771cbd2717f4e7) (TextureImporter) -> (artifact id: 'e998209994b61aa1fdadcef195c86ca4') in 0.0107301 seconds
Start importing Packages/com.unity.inputsystem/InputSystem/Editor/Icons/d_Stick@4x.png using Guid(f2fd4d7aa99c94a67a6a137fe979a760) (TextureImporter) -> (artifact id: 'f4f3b19c44cae7549f758c3cb252246f') in 0.0106759 seconds
Start importing Packages/com.unity.inputsystem/InputSystem/Editor/Icons/d_Stick@3x.png using Guid(03c3559bb64164f7785cd1250e475250) (TextureImporter) -> (artifact id: 'a0a9a17286656ce4e57f8277869e5d35') in 0.0106966 seconds
Start importing Packages/com.unity.multiplayer.center/Editor/MultiplayerCenterWindow/UI/Icons/DistributedAuthority@2x.png using Guid(0354877031b64465ea7e5cafea1a2653) (TextureImporter) -> (artifact id: 'a90f151d6094d32baf49f6a481cfca22') in 0.0117364 seconds
Start importing Packages/com.unity.inputsystem/InputSystem/Editor/Icons/d_Button.png using Guid(0309256f03c114697813e2296f0a1f18) (TextureImporter) -> (artifact id: '946110f0d56a7678eb8ec7563c9bcbf7') in 0.009579 seconds
Start importing Assets/Resources/Pieces/Revolution/Rook.png using Guid(131550ce923fa28478df13873cce3cba) (TextureImporter) -> (artifact id: '2ca637c5516add512a512d9152c11138') in 0.002131 seconds
Start importing Packages/com.unity.inputsystem/InputSystem/Editor/Icons/Pen@2x.png using Guid(13fb345befe624412ac0bd0138d7bcf2) (TextureImporter) -> (artifact id: '776ce9f4a20932afc9f864045eee24db') in 0.0109646 seconds
Start importing Packages/com.unity.multiplayer.playmode/Scenarios/Editor/PlayModeConfig/UI/Icons/d_WindowInstance.png using Guid(2330c9a075774927910b404d31c58f5f) (TextureImporter) -> (artifact id: '56d72062e7e1fea3c6e4a322ee3654df') in 0.006859 seconds
Start importing Packages/com.unity.inputsystem/InputSystem/Editor/AssetEditor/PackageResources/blue.png using Guid(33f32142c2c2d4662be5f5274db27158) (TextureImporter) -> (artifact id: '2f4b710e3cb4bd8b13a9e45da588b874') in 0.011222 seconds
Start importing Packages/com.unity.multiplayer.center/Editor/MultiplayerCenterWindow/UI/Icons/NGO@2x.png using Guid(83b28bcaaf34b4fd580114fb05d9f160) (TextureImporter) -> (artifact id: 'f5045b881c4a195a210cd71a7a4e9a45') in 0.0106011 seconds
Start importing Packages/com.unity.inputsystem/InputSystem/Editor/Icons/d_Gamepad@4x.png using Guid(83438053370c84456a73f7f95ef821fb) (TextureImporter) -> (artifact id: '687aac51525935a0c7537865435ec947') in 0.0100817 seconds
Start importing Packages/com.unity.inputsystem/InputSystem/Editor/Icons/d_Keyboard.png using Guid(83382fb171da648c594229ca6fa7ad94) (TextureImporter) -> (artifact id: '27456843d924e0e760bed0942de03093') in 0.0103625 seconds
Start importing Packages/com.unity.services.vivox/Runtime/AudioTaps/icons/tap_participant.png using Guid(93e75285665ab41cebae1fba97e9767b) (TextureImporter) -> (artifact id: '9df3dd04c46f7879fa4f61e05c904381') in 0.009197 seconds
Start importing Packages/com.unity.inputsystem/InputSystem/Editor/Icons/Position@2x.png using Guid(a3fa73829479e4b41965e749fcca7c12) (TextureImporter) -> (artifact id: '863be9a216368527c1eb023e0d5ac791') in 0.0105839 seconds
Start importing Packages/com.unity.ugui/Editor Resources/Textures/SectionHeader_Light.psd using Guid(e3b0f810fdea84e40ab4ba20f256f7e8) (TextureImporter) -> (artifact id: '02ef6ae7a9e27d1f6a2c04f050df4134') in 0.0124038 seconds
Start importing Packages/com.unity.multiplayer.center/Editor/MultiplayerCenterWindow/UI/Icons/PackageInstalled@2x.png using Guid(0423146d9f51c4563a0f2a8200b6cd38) (TextureImporter) -> (artifact id: 'd7a5049fdc590dc41977687b783e3b4b') in 0.0102968 seconds
Start importing Packages/com.unity.services.core/Editor/Core/UiHelpers/Images/ToggleOff.png using Guid(04ca3057bc8a3462899551a1d4c90184) (TextureImporter) -> (artifact id: '5af610cb308ab7d14ccae4be1aba2d57') in 0.0078558 seconds
Start importing Assets/Resources/Pieces/Revolution/Queen.png using Guid(14e3130f381e1aa4cb70774f31187b9e) (TextureImporter) -> (artifact id: 'b4a8c5a22af8ce569211d350f8534ff0') in 0.0023388 seconds
Start importing Packages/com.unity.inputsystem/InputSystem/Editor/Icons/d_Axis.png using Guid(34f9452ba2ee14c0b9c976800caef571) (TextureImporter) -> (artifact id: 'c2baa82909ec29965203e57cb874d50a') in 0.0105958 seconds
Start importing Packages/com.unity.ugui/Editor Resources/Textures/btn_AlignRight.psd using Guid(342a0f8aca7f4f0691338912faec0494) (TextureImporter) -> (artifact id: '582b77cb8b5ebec6d6efcf1caeda3e29') in 0.0118372 seconds
Start importing Packages/com.unity.multiplayer.playmode/Scenarios/Editor/PlayModeConfig/UI/Icons/Ready.png using Guid(444ce116edb414820b5a0f8b16aa3f93) (TextureImporter) -> (artifact id: '2e44314648856f1e1061c6d6952fec66') in 0.0063755 seconds
Start importing Packages/com.unity.inputsystem/InputSystem/Editor/Icons/d_Interactive Binding@3x.png using Guid(542599ad529004327a7b18f7b2a4aeb8) (TextureImporter) -> (artifact id: '164b2ddbb9e389742755eeabb1a4aa7a') in 0.0098494 seconds
Start importing Packages/com.unity.ugui/Editor Resources/Textures/btn_AlignFlush_Light.psd using Guid(64b9fad609434c489c32b1cdf2004a1c) (TextureImporter) -> (artifact id: 'e8a3f1b4edbbe566c0d620ec41be6437') in 0.0130249 seconds
Start importing Packages/com.unity.multiplayer.center/Editor/MultiplayerCenterWindow/UI/Icons/d_Questionnaire.png using Guid(741761e72e6f24446bd8ba03ea3d0261) (TextureImporter) -> (artifact id: '3f71d4bb9636d735f361ef4cb17225df') in 0.0099316 seconds
Start importing Assets/Resources/Pieces/Revolution/Pawn.png using Guid(74cdbc8cd1b7fc14c93d14f1fda7c81a) (TextureImporter) -> (artifact id: 'da9f44aabca02ce0ead7e072082e0538') in 0.0025897 seconds
Start importing Packages/com.unity.multiplayer.center/Editor/MultiplayerCenterWindow/UI/Icons/EmptyViewIcon.png using Guid(84e4bbd00035e4671bf14e0380a89001) (TextureImporter) -> (artifact id: '6f1a1e87ffd0af1f8d57fe27de38a9e3') in 0.0124585 seconds
Start importing Assets/Resources/Textures/Wood1.jpg using Guid(84471d15381c5fd4684f9df49ad659c6) (TextureImporter) -> (artifact id: 'b4ce6e2de93e0be8f1591d02c32cec4d') in 0.0777219 seconds
Start importing Packages/com.unity.multiplayer.center/Editor/MultiplayerCenterWindow/UI/Icons/PackageManager@2x.png using Guid(9431e8221045c4af189b2fa7174b9e9f) (TextureImporter) -> (artifact id: '65f0b5831014209a4946b44c858b698b') in 0.0128561 seconds
Start importing Packages/com.unity.inputsystem/InputSystem/Editor/Icons/d_Touch.png using Guid(94fa2e214a138425e8afbbe1329e0b55) (TextureImporter) -> (artifact id: 'b23f21fa87b49bc469056509053f55d0') in 0.01063 seconds
Start importing Packages/com.unity.inputsystem/InputSystem/Editor/AssetEditor/PackageResources/pro/actionTreeBackgroundWithoutBorder.png using Guid(943deaaee9c9347e0a455aa208526c42) (TextureImporter) -> (artifact id: '5370979a3bd8480bdeb0259145cd8cdd') in 0.011098 seconds
Start importing Packages/com.unity.inputsystem/InputSystem/Editor/Icons/Joystick@3x.png using Guid(a4610f64a5a4e4625b1ddbd44b04c5a6) (TextureImporter) -> (artifact id: '721ae668aec6c2eb531c187c87d7b5b3') in 0.0105175 seconds
Start importing Packages/com.unity.inputsystem/InputSystem/Editor/Icons/TrackedPoseDriver.png using Guid(a4d5a38cb01e9c54aa75431f797059cb) (TextureImporter) -> (artifact id: 'f8c4a5219a95622d1a6d4a9cdb27ff67') in 0.0142196 seconds
Start importing Packages/com.unity.multiplayer.playmode/WorkflowUI/Editor/UI/d_layout@2x.png using Guid(a46be91acebf246d9abdc234e5e8fb40) (TextureImporter) -> (artifact id: '1e9ce0e5761c560fe9210467871b0b90') in 0.0065805 seconds
Start importing Packages/com.unity.inputsystem/InputSystem/Editor/Icons/d_Add Binding.png using Guid(a4bbff684804d4c84b61cd0256cd2360) (TextureImporter) -> (artifact id: 'eceb42b9580d072c8d9647a450823e50') in 0.0099895 seconds
Start importing Packages/com.unity.inputsystem/InputSystem/Editor/Icons/Position@3x.png using Guid(a43c2c10c85c448b584c8f2840f86915) (TextureImporter) -> (artifact id: '803948a636218c98dda2631d82ece380') in 0.010644 seconds
Start importing Packages/com.unity.inputsystem/InputSystem/Editor/Icons/Stick@3x.png using Guid(a4deca3e01bf64bfc9136f4cb3b41c9f) (TextureImporter) -> (artifact id: 'c8a01413984cd5f9c632c55a26478a2d') in 0.0109991 seconds
Start importing Packages/com.unity.inputsystem/InputSystem/Editor/Icons/d_InputControl@2x.png using Guid(c4235c4abfa134435bd4c8c1f8fd8c56) (TextureImporter) -> (artifact id: '339698cc5393f235aec07e6cadb18e07') in 0.0094708 seconds
Start importing Packages/com.unity.inputsystem/InputSystem/Editor/AssetEditor/PackageResources/pro/actionTreeBackground.png using Guid(c4b66e31395c54087a2fbc13ae7e0f3c) (TextureImporter) -> (artifact id: 'ab4da644e0f6c2c68f0449d7229eb61c') in 0.0099117 seconds
Start importing Packages/com.unity.inputsystem/InputSystem/Editor/Icons/ChevronUp@4x.png using Guid(c4f7551c56dfb47a7a105b6579646d2f) (TextureImporter) -> (artifact id: '1c80a682397566d7a282ca813650d5c6') in 0.0109633 seconds
Start importing Packages/com.unity.multiplayer.playmode/Scenarios/Editor/PlayModeConfig/UI/Icons/d_Idle.png using Guid(c46c85e714c3943b3a99fc8dbfa3d766) (TextureImporter) -> (artifact id: '6c1727d7b1736d29810b64b647a42ea8') in 0.0066198 seconds
Start importing Packages/com.unity.services.deployment/Editor/Interface/UI/Assets/Icons/Deployment@2x.png using Guid(d400c644d486b42e3a1fa5701becf77e) (TextureImporter) -> (artifact id: '84364bf218d4fb915dacd0af56f0fa8a') in 0.0064346 seconds
Start importing Assets/Resources/Pieces/Revolution/Cannon.png using Guid(d454f8727cf434541a41e2486887d957) (TextureImporter) -> (artifact id: '4db7995b56b6969e766ebe93766c20bc') in 0.0020765 seconds
Start importing Packages/com.unity.inputsystem/InputSystem/Editor/Icons/d_ChevronUp@4x.png using Guid(e46ad23216d074f828f3437b21912c64) (TextureImporter) -> (artifact id: 'a1a8fabb7bd4c587c684fd606962f178') in 0.0112085 seconds
Start importing Packages/com.unity.multiplayer.playmode/Scenarios/Editor/PlayModeConfig/UI/Icons/CompletedTask.png using Guid(f4865defa0c914ea082b7ee25ba0fabc) (TextureImporter) -> (artifact id: 'c4da62912dc6b31ca25c93b5ede01c19') in 0.0065005 seconds
Start importing Packages/com.unity.inputsystem/InputSystem/Editor/Icons/d_Interactive Binding@4x.png using Guid(f4e6ca70dd9734da1a812be882c6364e) (TextureImporter) -> (artifact id: '88154f9d763996b633b23b2bff0efde7') in 0.0102357 seconds
Start importing Packages/com.unity.inputsystem/InputSystem/Editor/Icons/Mouse@3x.png using Guid(05bbafd21bf3c4cca93cb8ddfbbd4070) (TextureImporter) -> (artifact id: 'ae3f67e34db5adb670a230f578fe5c76') in 0.0104624 seconds
Start importing Packages/com.unity.inputsystem/InputSystem/Editor/Icons/ChevronDown@2x.png using Guid(153c8e15f7f6c452ca50f6795813ed39) (TextureImporter) -> (artifact id: '1f7b908441a922c21bb383062160938b') in 0.0103098 seconds
Start importing Packages/com.unity.inputsystem/InputSystem/Editor/Icons/d_Position@2x.png using Guid(2552e303d22424da2ad62552efbd06e8) (TextureImporter) -> (artifact id: '22b46068eb5ce401221bc1a6c4f8bfa2') in 0.0104462 seconds
Start importing Packages/com.unity.multiplayer.playmode/Scenarios/Editor/PlayModeConfig/UI/Icons/Loading.png using Guid(2514f56f56ed44e6999222817dbbbf90) (TextureImporter) -> (artifact id: 'dc1f8d974469c463cce6d0f0f7c5dcd5') in 0.0069012 seconds
Start importing Packages/com.unity.multiplayer.widgets/Assets/Icons/speaker-high.png using Guid(2578c8d3ee95138459931eddb18a23a4) (TextureImporter) -> (artifact id: '7f9f3dc6dca1316dc766f54a2c2e9b2d') in 0.0109921 seconds
Start importing Packages/com.unity.services.deployment/Editor/Interface/UI/Assets/Icons/d_Deployment.png using Guid(35b0677ae7c6b4088a232d147acac188) (TextureImporter) -> (artifact id: 'b37562a143b47dadd0a683c943d7ee9c') in 0.0071049 seconds
Start importing Packages/com.unity.ugui/Editor Resources/Textures/btn_AlignCenterGeo_Light.psd using Guid(35ff0937876540d3bd4b6a941df62a92) (TextureImporter) -> (artifact id: '05d4a5e18a98afa7be93c365ac892575') in 0.0130969 seconds
Start importing Packages/com.unity.inputsystem/InputSystem/Editor/Icons/d_Stick.png using Guid(55040e210fa9b426b861a26909ab4de7) (TextureImporter) -> (artifact id: 'a24100c35f24f945c6e3fb3f9778b884') in 0.0103995 seconds
Start importing Packages/com.unity.inputsystem/InputSystem/Editor/Icons/Gamepad@4x.png using Guid(7543bb6341c2140f292c8c852e7a3bbf) (TextureImporter) -> (artifact id: '00ba7aea1c706f6ad7fe2b3be1e8a8b4') in 0.0109549 seconds
Start importing Packages/com.unity.multiplayer.tools/NetVis/Editor/UI/Assets/Textures/Icons/Settings.png using Guid(75c323b04a2ff4e0b908dc4c176d3b76) (TextureImporter) -> (artifact id: '3904563b559f7aefae3ac9a349c792e1') in 0.0099068 seconds
Start importing Packages/com.unity.inputsystem/InputSystem/Editor/Icons/Add Binding.png using Guid(958a10dec4f3a4764bb345b0aa03510b) (TextureImporter) -> (artifact id: '29fb2136896e6ce1a4162c27871522a9') in 0.0100735 seconds
Start importing Packages/com.unity.multiplayer.center/Editor/MultiplayerCenterWindow/UI/Icons/NoNetcode@2x.png using Guid(b58a826ca804e4c67bab4283ad5a6102) (TextureImporter) -> (artifact id: '16960e17a1b63aab3002f627c536d221') in 0.0105578 seconds
Start importing Packages/com.unity.inputsystem/InputSystem/Editor/Icons/d_Position.png using Guid(c5bdeae4dabac4bf19f7a1afcf5ca678) (TextureImporter) -> (artifact id: 'e910f49f1be85bc2aa0f8dd7066d40ed') in 0.010093 seconds
Start importing Packages/com.unity.multiplayer.playmode/Scenarios/Editor/PlayModeConfig/UI/Icons/Error.png using Guid(d5d3dba7227544d8cac887c43f55744c) (TextureImporter) -> (artifact id: '140aec54b8e3b74043ef15ec06f87af7') in 0.0065864 seconds
Start importing Packages/com.unity.inputsystem/InputSystem/Editor/Icons/Joystick@4x.png using Guid(f58c918f135bd4b8abe5fdb06bda7f4d) (TextureImporter) -> (artifact id: 'd81ac346b2e7e8f37c2fcb3875df3d8e') in 0.0107948 seconds
Start importing Packages/com.unity.inputsystem/InputSystem/Editor/Icons/Stick@4x.png using Guid(f5ace3d653812436a812bebfe7f9a242) (TextureImporter) -> (artifact id: 'd211036ad7b3e513b1da6c04bf7bef52') in 0.0100204 seconds
Start importing Packages/com.unity.ugui/Editor Resources/Textures/btn_AlignMiddle_Light.psd using Guid(066619c9c9c84f89acb1b48c11a7efe2) (TextureImporter) -> (artifact id: '2a4891fde77708f0012434b302a63820') in 0.01204 seconds
Start importing Packages/com.unity.inputsystem/InputSystem/Editor/Icons/d_ChevronDown.png using Guid(06ad495fb07444736b59782982d96250) (TextureImporter) -> (artifact id: '16ffbf609af3502fcf5623b9231d52cf') in 0.0104303 seconds
Start importing Packages/com.unity.services.vivox/Runtime/AudioTaps/icons/capture_sink.png using Guid(069e8e84692b84add9627afb67e459ac) (TextureImporter) -> (artifact id: 'f54c3e38f3d8b4121dffc62eb52e8138') in 0.0076012 seconds
Start importing Packages/com.unity.inputsystem/InputSystem/Editor/Icons/d_Mouse.png using Guid(264ffc05d7d2841d5a6065854b6282ca) (TextureImporter) -> (artifact id: 'cf225925bf3f00fd07593d12a0c1c912') in 0.0099454 seconds
Start importing Packages/com.unity.multiplayer.center/Editor/MultiplayerCenterWindow/UI/Icons/PackageInstalled.png using Guid(4616b2fa4acd1429e931835b80966c2a) (TextureImporter) -> (artifact id: '83348a2a1ad4e5ddd1668e80900e96b3') in 0.0104769 seconds
Start importing Packages/com.unity.inputsystem/InputSystem/Editor/Icons/Position.png using Guid(5684eb521fa99491e9061de682d1622e) (TextureImporter) -> (artifact id: '7505c56566f8fc8c1a7579e4cb0ba8e6') in 0.0098277 seconds
Start importing Packages/com.unity.multiplayer.playmode/WorkflowUI/Editor/UI/MainEditorIcon@2x.png using Guid(767ca3e9690a2453ab84eff67e2ba8fd) (TextureImporter) -> (artifact id: '7547fe27addbdf1fd39cbbbc54a72baa') in 0.00733 seconds
Start importing Packages/com.unity.inputsystem/InputSystem/Editor/Icons/d_Gamepad.png using Guid(76dc61ff6c2d84b24b0a2ce01dc2842d) (TextureImporter) -> (artifact id: '5f73380ce68e1d12f5cb7dce5ffd591e') in 0.0101665 seconds
Start importing Packages/com.unity.inputsystem/InputSystem/Editor/Icons/Add Binding@4x.png using Guid(862c5ca31844d4a6d9aa804af982ce65) (TextureImporter) -> (artifact id: 'eda80fe38518de79388b6b5aeb49c7fa') in 0.010166 seconds
Start importing Packages/com.unity.inputsystem/InputSystem/Editor/Icons/d_Pen@2x.png using Guid(96f7582a52a6843c09e0c71617e94f2d) (TextureImporter) -> (artifact id: 'fcf9af6dcc87828882301515198ee00a') in 0.0103806 seconds
Start importing Packages/com.unity.multiplayer.playmode/Scenarios/Editor/PlayModeConfig/UI/Icons/d_PlaymodeScenario@2x.png using Guid(a6cc6e66fccb44b70baf5979eeefd1f8) (TextureImporter) -> (artifact id: 'dab3f7d40f1ebc729ed26b0281cc9b1c') in 0.010473 seconds
Start importing Packages/com.unity.collections/Unity.Collections.PerformanceTests/PerformanceTestFrameworkOutputListAdd.png using Guid(a6ecd2aa79759e64ba59ab5f51d661ac) (TextureImporter) -> (artifact id: '0e4079e6388a78406d8b454c2a7aab2f') in 0.0095466 seconds
Start importing Packages/com.unity.multiplayer.center/Editor/MultiplayerCenterWindow/UI/Icons/d_PackageManager@2x.png using Guid(a6fd0c627f5aa48fa81512221e70a11e) (TextureImporter) -> (artifact id: 'b4827cf008a68eee55ac22f1b7122211') in 0.0111461 seconds
Start importing Packages/com.unity.inputsystem/InputSystem/Editor/Icons/d_Dpad.png using Guid(b60b9eb0384c345c89435d0982a6e4fd) (TextureImporter) -> (artifact id: '823636c6ac029fa999fadd80ff00f07e') in 0.0098884 seconds
Start importing Assets/Resources/Textures/Wood2.jpg using Guid(c6c584e8b370d8b45b9865c41b387c5a) (TextureImporter) -> (artifact id: 'a60cf299e758f5fc93613bc833170776') in 0.0599062 seconds
Start importing Packages/com.unity.multiplayer.playmode/WorkflowUI/Editor/UI/Loading@2x.png using Guid(c6390e22e6c4c4f1bb1eae365cf195a6) (TextureImporter) -> (artifact id: 'ed5823cca765124b911e1044398e81a1') in 0.0067329 seconds
Start importing Packages/com.unity.multiplayer.center/Editor/MultiplayerCenterWindow/UI/Icons/DistributedAuthority.png using Guid(d63245ece6d8f476c8c7ca24da9937f6) (TextureImporter) -> (artifact id: '975093726a18bb5b591b24dd4959a54e') in 0.0103862 seconds
Start importing Packages/com.unity.multiplayer.playmode/Scenarios/Editor/PlayModeConfig/UI/Icons/PlaymodeScenario@2x.png using Guid(e62f6fd6ca5ab42d181829d3b8a8978e) (TextureImporter) -> (artifact id: 'd407504d5019337e1161a58ae563c29c') in 0.0070214 seconds
Start importing Packages/com.unity.collections/Unity.Collections.PerformanceTests/PerformanceTestFrameworkOutputFixedSize.png using Guid(079c3d43b74823a41bb33198b8221c23) (TextureImporter) -> (artifact id: 'b4feafc11e252091a8abb6fcdceef7ee') in 0.0129388 seconds
Start importing Packages/com.unity.inputsystem/InputSystem/Editor/Icons/d_Pen@3x.png using Guid(17b3fef87d666459d860ad88452862da) (TextureImporter) -> (artifact id: 'a11576d8eafa624bc35c51d4c8e5f0af') in 0.0098387 seconds
Start importing Packages/com.unity.inputsystem/InputSystem/Editor/Icons/Gamepad.png using Guid(17c8753d0e5e24194b06404851be7f13) (TextureImporter) -> (artifact id: 'e3b68b6299d57e78b467dbc2de4c5afb') in 0.009464 seconds
Start importing Packages/com.unity.inputsystem/InputSystem/Editor/Icons/d_Axis@2x.png using Guid(27163f3cda5b9431d928f2b33eeb5cf1) (TextureImporter) -> (artifact id: 'f0f49cc743f0ece3cb53c19b42ab531f') in 0.0099393 seconds
Start importing Packages/com.unity.inputsystem/InputSystem/Editor/Icons/d_Joystick@2x.png using Guid(27fa98be5deb54cbf9c11ffc540272b2) (TextureImporter) -> (artifact id: '5983443cdab821ffb93b7c70f1c70a3c') in 0.0103486 seconds
Start importing Packages/com.unity.inputsystem/InputSystem/Editor/AssetEditor/PackageResources/yellow.png using Guid(47cf506b4219343519083fe1c0b8fc9c) (TextureImporter) -> (artifact id: '09a10ccba0f5529f3a05b689b7174811') in 0.0104792 seconds
Start importing Packages/com.unity.multiplayer.playmode/WorkflowUI/Editor/UI/CloneEditorIcon@2x.png using Guid(57bf67467e77d410eb334d2dfbee6cab) (TextureImporter) -> (artifact id: 'c98493229bfef477a3644374224c934a') in 0.006548 seconds
Start importing Packages/com.unity.inputsystem/InputSystem/Editor/Icons/ChevronUp@2x.png using Guid(57dfdce0eaf2f48a9bd9e60e920e446b) (TextureImporter) -> (artifact id: 'be69fdcd4f78480fbd9134061f14a80c') in 0.010726 seconds
Start importing Packages/com.unity.multiplayer.playmode/Scenarios/Editor/PlayModeConfig/UI/Icons/d_PlaymodeScenario.png using Guid(67181dae3303444a39e74cc360852f02) (TextureImporter) -> (artifact id: '1c6cf6cc4fec8af7d477ee4b60b561b0') in 0.0067879 seconds
Start importing Packages/com.unity.multiplayer.center/Editor/MultiplayerCenterWindow/UI/Icons/PackageManager.png using Guid(679f9999c6f8f497e806a2d5d0511879) (TextureImporter) -> (artifact id: 'cd6e353ad5f1345f36c2a1e490c91767') in 0.0100201 seconds
Start importing Packages/com.unity.multiplayer.center/Editor/MultiplayerCenterWindow/UI/Icons/d_PackageInstalled.png using Guid(77be953cf28de42a4ad8532539fef3f5) (TextureImporter) -> (artifact id: '66e892677c63c7b392fe5cccd2cfe9fa') in 0.0102211 seconds
Start importing Packages/com.unity.inputsystem/InputSystem/Editor/Icons/Keyboard@2x.png using Guid(87ae93efe5d3b4262995b0acdc987d88) (TextureImporter) -> (artifact id: 'ba38e9d8ec0bb51629e9c87272afeafd') in 0.0104938 seconds
Start importing Packages/com.unity.inputsystem/InputSystem/Editor/Icons/Mouse@2x.png using Guid(9721efa02e520488d96c36460fe7e4a6) (TextureImporter) -> (artifact id: 'c7df5f387bcb72aacfd7ec1e2490f8bc') in 0.0094544 seconds
Start importing Packages/com.unity.multiplayer.playmode/WorkflowUI/Editor/UI/dark_MainEditorIcon@2x.png using Guid(975445f0dd6f74f2ebba5d488a01e921) (TextureImporter) -> (artifact id: 'e4cdb6ecd979d248b42823977f51acec') in 0.006467 seconds
Start importing Assets/Resources/Pieces/Revolution/Bishop.png using Guid(a741bc3ae05e3e94d857cec782cabe0b) (TextureImporter) -> (artifact id: 'b4670e2df1afbe34bb3587d38bb0c506') in 0.0028358 seconds
Start importing Packages/com.unity.ugui/Editor Resources/Gizmos/TMP - Dropdown Icon.psd using Guid(a7ec9e7ad8b847b7ae4510af83c5d868) (TextureImporter) -> (artifact id: '8ff178b15fcca25dc1b3c30ad61b0ab1') in 0.0129101 seconds
Start importing Packages/com.unity.multiplayer.center/Editor/MultiplayerCenterWindow/UI/Icons/ClientHosted@2x.png using Guid(c7a38e6eccbfc49778cb8b77f594a971) (TextureImporter) -> (artifact id: '14c6e9dbfd6ccba9d3ca226c6d40dc8f') in 0.011208 seconds
Start importing Packages/com.unity.ugui/Editor Resources/Textures/btn_AlignCenterGeo.psd using Guid(c76700ea0062413d9f69409b4e9e151b) (TextureImporter) -> (artifact id: '4d7bfc5c3319a6fd9a3b5be55c5cbc62') in 0.0121372 seconds
Start importing Packages/com.unity.multiplayer.center/Editor/MultiplayerCenterWindow/UI/Icons/CustomNetcode@2x.png using Guid(d7711b0cc806d430b8a95f1e33ec3649) (TextureImporter) -> (artifact id: '55f1ba75894f8bc9b1702e09b49aac29') in 0.0110943 seconds
Start importing Packages/com.unity.inputsystem/InputSystem/Editor/AssetEditor/PackageResources/pink.png using Guid(d7b144323984d4298924c65ed071dea1) (TextureImporter) -> (artifact id: '8ecedf7ee806a8ef0f63fe71cf17f6af') in 0.0104897 seconds
Start importing Packages/com.unity.inputsystem/InputSystem/Editor/Icons/Dpad@4x.png using Guid(d7073cfe15a1a48bfb7ff59225052484) (TextureImporter) -> (artifact id: '21beab72dec90f9195f86a674edde83c') in 0.0111265 seconds
Start importing Packages/com.unity.multiplayer.widgets/Assets/Icons/speaker-none.png using Guid(d7fd4a83f59cbe948ad9c2da2369594c) (TextureImporter) -> (artifact id: '28c9eec6811c24ec9946fddc558bc1a4') in 0.011424 seconds
Start importing Packages/com.unity.multiplayer.tools/NetVis/Editor/UI/Assets/Textures/Icons/Bandwidth.png using Guid(e7da63eefd6ec466d88812211ff45c42) (TextureImporter) -> (artifact id: '45508414a33833995d86ed79cb6fa070') in 0.0102677 seconds
Start importing Packages/com.unity.multiplayer.playmode/WorkflowUI/Editor/UI/dark_CloneEditorIcon@2x.png using Guid(e7bb41fcf29ad48e992e55577f0ead91) (TextureImporter) -> (artifact id: 'b9ef0942cb3e6e038438c4ec43d3479d') in 0.0077233 seconds
Start importing Assets/Resources/Textures/Stone1.jpg using Guid(e7bbd60ddee82304ea6743f6d163a1dd) (TextureImporter) -> (artifact id: '6354a0a6e8910a57821299dff1950f4b') in 0.0744341 seconds
Start importing Packages/com.unity.multiplayer.tools/NetVis/Editor/UI/Assets/Textures/Icons/d_Ownership.png using Guid(e74e56fa348d475d83654b258959b4ba) (TextureImporter) -> (artifact id: '71ee342870f8b6482a9b4476100ea14c') in 0.0102058 seconds
Start importing Packages/com.unity.inputsystem/InputSystem/Editor/Icons/d_Touch@3x.png using Guid(e77ee65b5139048949dc0ac5614efeec) (TextureImporter) -> (artifact id: '838ffe4e417c9fba57594867556c5ca3') in 0.0103227 seconds
Start importing Packages/com.unity.inputsystem/InputSystem/Editor/Icons/Dpad.png using Guid(e76f0489d4db34a2fbc3532e07f2848a) (TextureImporter) -> (artifact id: '21d04830652d78d0eb099c39414718e6') in 0.0101026 seconds
Start importing Packages/com.unity.services.deployment/Editor/Interface/UI/Assets/Icons/Warning.png using Guid(f7341c10e04b4ed1a81ae3b8d64d535b) (TextureImporter) -> (artifact id: 'd66ae5ce2deeee0a0c415b77c25d06c0') in 0.0073582 seconds
Start importing Packages/com.unity.inputsystem/InputSystem/Editor/Icons/InputControl@4x.png using Guid(08c99f7c2a7fa410d8567323e32ad5f5) (TextureImporter) -> (artifact id: '7ad6df2142105d1c972a5511b69961e5') in 0.0099793 seconds
Start importing Packages/com.unity.inputsystem/InputSystem/Editor/Icons/Joystick@2x.png using Guid(18e45e1f11fae429c80c200cca8e0b4c) (TextureImporter) -> (artifact id: 'f191e632bc54f8216906eea44c5d2729') in 0.0097211 seconds
Start importing Packages/com.unity.ugui/Editor Resources/Textures/btn_AlignBaseLine_Light.psd using Guid(18775b51e3bd42299fd30bd036ea982f) (TextureImporter) -> (artifact id: '5730d6671b0fbc6ce0f06b99c1af32fa') in 0.01225 seconds
Start importing Packages/com.unity.multiplayer.center/Editor/MultiplayerCenterWindow/UI/Icons/DedicatedServer@2x.png using Guid(38b78df4a34c94fa6a52c90239606ff1) (TextureImporter) -> (artifact id: '1f414324160b7942e5446028a15ad069') in 0.0109385 seconds
Start importing Packages/com.unity.ugui/Editor Resources/Textures/btn_AlignTop.psd using Guid(48d034c499ee4697af9dd6e327110249) (TextureImporter) -> (artifact id: 'ac1bd0898cead437d8e0e1ecbb92163a') in 0.0122354 seconds
Start importing Packages/com.unity.inputsystem/InputSystem/Editor/Icons/Touch.png using Guid(588041e6f0efb43489b38677e0aac58f) (TextureImporter) -> (artifact id: '84cad6962110515d2448e991c204d405') in 0.0101408 seconds
Start importing Packages/com.unity.inputsystem/InputSystem/Editor/Icons/Stick@2x.png using Guid(5881d226463a047cb8db57c9cb0ebc0f) (TextureImporter) -> (artifact id: '89107b848fc1697e8f2d5af0d99ddc64') in 0.0097959 seconds
Start importing Packages/com.unity.inputsystem/InputSystem/Editor/Icons/Dpad@2x.png using Guid(5806833d077654e5784b7cbf3e722f58) (TextureImporter) -> (artifact id: 'bb575b2b60f2e3150b90b819fd7278c6') in 0.0099706 seconds
Start importing Packages/com.unity.ugui/Editor Resources/Textures/btn_AlignBottom_Light.psd using Guid(585b70cb75dd43efbfead809c30a1731) (TextureImporter) -> (artifact id: '004c34abed4fcc08367cee197469054c') in 0.0122604 seconds
Start importing Assets/Resources/Textures/Wood4.jpg using Guid(78eeab7bf1944d34787da9cbf5a65b78) (TextureImporter) -> (artifact id: 'bb6b4c83d6a76073d48552ec0aff631d') in 0.1179052 seconds
Start importing Packages/com.unity.inputsystem/InputSystem/Editor/Icons/ChevronDown@3x.png using Guid(985cbca1705a64c80b370afdb30b3ee7) (TextureImporter) -> (artifact id: '9550c51b9e0e2d6f7dd68f4b69c133cd') in 0.0112192 seconds
Start importing Packages/com.unity.inputsystem/InputSystem/Editor/Icons/d_ChevronUp@2x.png using Guid(a89bfcdeffde84e7ebf930d44b695435) (TextureImporter) -> (artifact id: 'fec590401c151749a4370a837c951a53') in 0.0069382 seconds
Start importing Packages/com.unity.services.deployment/Editor/Interface/UI/Assets/Icons/d_Deployment@2x.png using Guid(a8fca4b84ad59467aabe85db3ec98238) (TextureImporter) -> (artifact id: '9467f884b378e406a074f01fec4fb661') in 0.0066228 seconds
Start importing Packages/com.unity.multiplayer.widgets/Assets/Icons/copy-simple.png using Guid(b801395886e284228abc14afd369cb94) (TextureImporter) -> (artifact id: '6a4fbe0c38b991fa88b8b4c5513217c4') in 0.0110249 seconds
Start importing Assets/Resources/Pieces/Revolution/King.png using Guid(c85b3901376be504790dbc14a6d12f39) (TextureImporter) -> (artifact id: 'fcc2ff9524ad4082cdb7a3aba5e116fd') in 0.0027079 seconds
Start importing Packages/com.unity.inputsystem/InputSystem/Editor/Icons/d_Joystick@4x.png using Guid(d88596134c72c47b99d7d55583f4c6bf) (TextureImporter) -> (artifact id: 'e84d359370fefaa0627bc2f597df9789') in 0.0104961 seconds
Start importing Packages/com.unity.multiplayer.playmode/Scenarios/Editor/PlayModeConfig/UI/Icons/PlaymodeScenario.png using Guid(f8814b0ee80f94370ae893332a291c28) (TextureImporter) -> (artifact id: '0113cc7f2e79b184d4e6118ff44dcdad') in 0.0072357 seconds
Start importing Assets/Resources/Pieces/Revolution/Lancer.png using Guid(f84ab00dbeee3604da96b3a711f5df00) (TextureImporter) -> (artifact id: '41145e0fae232053913035d590e8da70') in 0.0022531 seconds
Start importing Packages/com.unity.inputsystem/InputSystem/Editor/Icons/d_Button@2x.png using Guid(0962795d1cafc460b9027de55b1c0a80) (TextureImporter) -> (artifact id: 'd002750841a87c037343bcb870bd5193') in 0.0102719 seconds
Start importing Packages/com.unity.inputsystem/InputSystem/Editor/Icons/d_Mouse@4x.png using Guid(1918e7bff8ff44878a0003977ca03971) (TextureImporter) -> (artifact id: '74f85de44935a05a4331053f97aa5f68') in 0.0102675 seconds
Start importing Packages/com.unity.multiplayer.tools/NetVis/Editor/UI/Assets/Textures/Icons/Ownership.png using Guid(29001fcc1cc3b4474b101bf698d7808c) (TextureImporter) -> (artifact id: 'd7fdec91da5cd2a97ae3ad7f4bed4c24') in 0.0104559 seconds
Start importing Packages/com.unity.inputsystem/InputSystem/Editor/Icons/d_InputControl.png using Guid(399cd90f4e31041e692a7d3a8b1aa4d0) (TextureImporter) -> (artifact id: '9931a5c755a4ea0de558da5db320a310') in 0.0099904 seconds
Start importing Packages/com.unity.ugui/Editor Resources/Textures/btn_AlignCapLine_Light.psd using Guid(49679f302ac6408697f6b9314a38985c) (TextureImporter) -> (artifact id: '81d22e40e6d71a82a1f633c12a4e1fa7') in 0.0126912 seconds
Start importing Packages/com.unity.ugui/Editor Resources/Textures/btn_AlignFlush.psd using Guid(691475c57a824010be0c6f474caeb7e1) (TextureImporter) -> (artifact id: 'd2fb40113752a7a5c10d18411d276aa7') in 0.0126438 seconds
Start importing Packages/com.unity.multiplayer.center/Editor/MultiplayerCenterWindow/UI/Icons/NGO.png using Guid(99da7b3894f364efdb5fa1443952a55d) (TextureImporter) -> (artifact id: 'd60d0d115893014bbef163ff8eddd5e6') in 0.0109579 seconds
Start importing Packages/com.unity.services.deployment/Editor/Interface/UI/Assets/Icons/Success.png using Guid(99ab72be90c343d0a71a4a6d674ec770) (TextureImporter) -> (artifact id: '61a29536f3c1b1449547ad886bd43795') in 0.0068821 seconds
Start importing Packages/com.unity.inputsystem/InputSystem/Editor/Icons/Axis@4x.png using Guid(a940917cc397643afb071010cb2143d9) (TextureImporter) -> (artifact id: '1f7ddd74a50a30aedd0b9f4f856d979f') in 0.0102672 seconds
Start importing Packages/com.unity.multiplayer.tools/Editor/MultiplayerToolsWindow/UI/Icons/d_OwnedNetwork@2x.png using Guid(a9d303abc740a45cfa3ae3cf41217f87) (TextureImporter) -> (artifact id: '86a6302cc6f4a25ef2c683ae56a725ab') in 0.0099084 seconds
Start importing Packages/com.unity.inputsystem/InputSystem/Editor/Icons/ChevronUp.png using Guid(a9fe7c3d19af4432b9ae2a5172f4ea72) (TextureImporter) -> (artifact id: '0e62441973977674028b68bc2c692a33') in 0.0096839 seconds
Start importing Packages/com.unity.multiplayer.widgets/Assets/Icons/speaker-x.png using Guid(b9f7fa8447428af4b902ff5b6fb03cf0) (TextureImporter) -> (artifact id: 'ce86e4efbd1c2d4e1c27db3673b8f6c6') in 0.0111262 seconds
Start importing Packages/com.unity.inputsystem/InputSystem/Editor/Icons/d_Orientation.png using Guid(c933c2bcad7ef46309fde7c1cf11b39a) (TextureImporter) -> (artifact id: '5c1d2e77b39ca57e689d29543e1267e5') in 0.010201 seconds
Start importing Packages/com.unity.inputsystem/InputSystem/Editor/Icons/Position@4x.png using Guid(c998b283038914e699477f514ecb31ac) (TextureImporter) -> (artifact id: '927bed70e7c1cd5fbdda8e653b133338') in 0.0105595 seconds
Start importing Packages/com.unity.services.vivox/Runtime/AudioTaps/icons/channel_audio.png using Guid(d97c412831b410e4097433f436ce48c0) (TextureImporter) -> (artifact id: 'b5fb178639e55ea6eaa8b88177dee9e8') in 0.0078559 seconds
Start importing Packages/com.unity.multiplayer.playmode/Scenarios/Editor/PlayModeConfig/UI/Icons/d_WindowInstance@2x.png using Guid(e9360f7cbca84f00973c11121cd683cc) (TextureImporter) -> (artifact id: 'bbedf5d6146ed8bff517ce1c430e9c04') in 0.0064497 seconds
Start importing Packages/com.unity.multiplayer.center/Editor/MultiplayerCenterWindow/UI/Icons/N4E.png using Guid(e9669051ff70449b5923861e0e0b8838) (TextureImporter) -> (artifact id: '5b4e598ad2636d4bfcea9dcfbbbbb64b') in 0.0102473 seconds
Start importing Packages/com.unity.multiplayer.playmode/Scenarios/Editor/PlayModeConfig/UI/Icons/Idle@2x.png using Guid(e96be60cb2bc14fd1921de1eedf62110) (TextureImporter) -> (artifact id: 'e3b6cb843e1e8e742c26ef517b30d8b4') in 0.0063255 seconds
Start importing Packages/com.unity.services.core/Editor/Core/UiHelpers/Images/ToggleOn.png using Guid(e97f44a089f144758b462da41bc96973) (TextureImporter) -> (artifact id: '5c2f6df1fdc990dd4bfc09a2015f5aec') in 0.0071387 seconds
Start importing Packages/com.unity.inputsystem/InputSystem/Editor/Icons/d_Pen@4x.png using Guid(0aec7c7bf99354f66bc2a1d18bd0b4d2) (TextureImporter) -> (artifact id: 'f2890ac07077a238798053685d331ff0') in 0.0094448 seconds
Start importing Packages/com.unity.multiplayer.playmode/Scenarios/Editor/PlayModeConfig/UI/Icons/CompletedTask@2x.png using Guid(1ab3f7529dc6f4a51b3a3d2089b17b4e) (TextureImporter) -> (artifact id: 'f87148819530bce5042dfb7d55539e31') in 0.0074717 seconds
Start importing Packages/com.unity.inputsystem/InputSystem/Editor/Icons/Button.png using Guid(2a5d0a7febdc741039abf135883517e5) (TextureImporter) -> (artifact id: 'd308c910d809fac653fbfbdf47a22f79') in 0.0101739 seconds
Start importing Packages/com.unity.multiplayer.center/Editor/MultiplayerCenterWindow/UI/Icons/EmptyViewIcon@2x.png using Guid(2adffcc506285402aa795dee6f3166d0) (TextureImporter) -> (artifact id: '9465c639479e9e87962dcf126d943ea5') in 0.0171327 seconds
Start importing Packages/com.unity.inputsystem/InputSystem/Editor/Icons/Gamepad@3x.png using Guid(4ae0b2f68c2464272b1b10105262b09b) (TextureImporter) -> (artifact id: '90d544eeadc69f8367d5b4999fde4bc8') in 0.0103031 seconds
Start importing Packages/com.unity.inputsystem/InputSystem/Editor/Icons/d_Add Binding@4x.png using Guid(4a0ce0eda6ee74c669b13104649e1313) (TextureImporter) -> (artifact id: 'fcf274cadd1d88e500c67e6ae259ba29') in 0.0107816 seconds
Start importing Packages/com.unity.inputsystem/InputSystem/Editor/AssetEditor/PackageResources/personal/foldoutBackground.png using Guid(5ab69704aa4984b49bc426da72fabbed) (TextureImporter) -> (artifact id: 'a64cb1098fb27970beb1b90a01f2c4bd') in 0.0105079 seconds
Start importing Packages/com.unity.inputsystem/InputSystem/Editor/Icons/Keyboard.png using Guid(5a5b9538c3aaa4587856e68a93a92a51) (TextureImporter) -> (artifact id: '3b6b8e56a66eade5d57d952ebbb330ec') in 0.0100012 seconds
Start importing Packages/com.unity.inputsystem/InputSystem/Editor/Icons/MultiplayerEventSystem@64.png using Guid(6a237171e2346e3458db37eb0f90d42b) (TextureImporter) -> (artifact id: 'ad0524c215ebbe855ec9576277c43707') in 0.0099045 seconds
Start importing Packages/com.unity.ugui/Editor Resources/Textures/btn_AlignCenter_Light.psd using Guid(6ace62d30f494c948b71d5594afce11d) (TextureImporter) -> (artifact id: '5b13c21c1f38a2da917db741698dd1ee') in 0.0124225 seconds
Start importing Assets/Resources/Textures/Wood3.jpg using Guid(8a73df88625ef124db00a4ab59f66427) (TextureImporter) -> (artifact id: 'b681d86186570dbd52e2e8f362f50181') in 0.0496591 seconds
Start importing Packages/com.unity.multiplayer.playmode/WorkflowUI/Editor/UI/Settings.png using Guid(8a0d9d826892e4e6db13a3804eaf7879) (TextureImporter) -> (artifact id: 'adc9e424fbc155699bd7ef394df30824') in 0.0066311 seconds
Start importing Packages/com.unity.inputsystem/InputSystem/Editor/Icons/Touch@3x.png using Guid(9ad5d5b6a25b749e78b4950eae0a8ec2) (TextureImporter) -> (artifact id: '14adaec57767529e9966500cce4eefca') in 0.0103352 seconds
Start importing Packages/com.unity.inputsystem/InputSystem/Editor/Icons/Button@4x.png using Guid(aa356632480554016ab8f4200032981b) (TextureImporter) -> (artifact id: '781b6d677cb898e0fe4770fa51e4d957') in 0.0098611 seconds
Start importing Packages/com.unity.multiplayer.playmode/Scenarios/Editor/PlayModeConfig/UI/Icons/d_Loading.png using Guid(aa6559c7667ed48008055061b3cb0ef6) (TextureImporter) -> (artifact id: '1da8c25ccf3ef60cc9a68f059c52241b') in 0.0072027 seconds
Start importing Packages/com.unity.inputsystem/InputSystem/Editor/AssetEditor/PackageResources/personal/propertiesBackground.png using Guid(aa4c2360f910d46f497f75b4b6677358) (TextureImporter) -> (artifact id: '8a8cc2b2c7d539ead723d714be273b7a') in 0.0104115 seconds
Start importing Packages/com.unity.multiplayer.playmode/Scenarios/Editor/PlayModeConfig/UI/Icons/Documentation@2x.png using Guid(aa6ef29c3a037410e85002237213d56d) (TextureImporter) -> (artifact id: '88aa06a5ef04543bfa2032c866f011d2') in 0.007324 seconds
Start importing Packages/com.unity.inputsystem/InputSystem/Editor/Icons/ChevronDown.png using Guid(ba304f5556a3a4fac98d126883083e7e) (TextureImporter) -> (artifact id: 'f0bfff935041f5a72abc54eebd84bd1f') in 0.0105086 seconds
Start importing Packages/com.unity.ugui/Editor Resources/Textures/btn_AlignBottom.psd using Guid(ca51b19024094d1b87f3e07edb0a75fb) (TextureImporter) -> (artifact id: '4f2b447f7dddb770b3467c5da245e312') in 0.0125206 seconds
Start importing Packages/com.unity.inputsystem/InputSystem/Editor/Icons/d_Add Binding@3x.png using Guid(ca933a91c81734ddd88b17c8481ec1e9) (TextureImporter) -> (artifact id: 'ef052bcaebc70cc2da4fe87210bfbde5') in 0.0106282 seconds
Start importing Packages/com.unity.inputsystem/InputSystem/Editor/Icons/Interactive Binding@3x.png using Guid(cac8742b1b72b44699fd1663287ca47d) (TextureImporter) -> (artifact id: 'b73b670632235af171881b8fd4fcd45a') in 0.0104892 seconds
Start importing Packages/com.unity.inputsystem/InputSystem/Editor/Icons/d_Orientation@2x.png using Guid(cae83450c8b18499c8c0239edf8bcc31) (TextureImporter) -> (artifact id: 'e1e9b7bfb836063869b90c604de91d60') in 0.0098424 seconds
Start importing Packages/com.unity.inputsystem/InputSystem/Editor/Icons/d_Mouse@2x.png using Guid(daa9ba527d8a34b218224b8287ce11d3) (TextureImporter) -> (artifact id: 'f00e6f41535dea733ae5f451541051b8') in 0.0107415 seconds
Start importing Packages/com.unity.multiplayer.center/Editor/MultiplayerCenterWindow/UI/Icons/d_Loading.png using Guid(dab91f148d99946e7b3c3a87ecf4b973) (TextureImporter) -> (artifact id: 'cda5bfc302d455bf112b162cfa14dd78') in 0.0106102 seconds
Start importing Packages/com.unity.inputsystem/InputSystem/Editor/Icons/Pen.png using Guid(ea8b7319643924985a9ee4ca18b8db59) (TextureImporter) -> (artifact id: '6c86758a762edc4f02b9b7013bdd04e6') in 0.0098301 seconds
Start importing Packages/com.unity.ugui/Editor Resources/Textures/btn_AlignJustified_Light.psd using Guid(fa6bd40a216346b783a4cce741d277a5) (TextureImporter) -> (artifact id: '0b3d532a939a6cb9d5597fb7aae04ff1') in 0.0123669 seconds
Start importing Packages/com.unity.inputsystem/InputSystem/Editor/Icons/Pen@3x.png using Guid(1bf9cdd4bc492489c8c7c6190785fc48) (TextureImporter) -> (artifact id: '45fa178f6a13f19fc3e4fbedc7e4f4ec') in 0.0104706 seconds
Start importing Packages/com.unity.multiplayer.center/Editor/MultiplayerCenterWindow/UI/Icons/d_PackageManager.png using Guid(1b4c88814ec6241eb8e327515399c006) (TextureImporter) -> (artifact id: 'ddb1c5a363a4b196b1f4ca9acf6065fe') in 0.0101455 seconds
Start importing Assets/Resources/Pieces/Revolution/Crossbowman.png using Guid(3be21ee9af319b146962d141d1ac5f4e) (TextureImporter) -> (artifact id: '5cf47d8222ac17c48efc8b9364ca6381') in 0.0031014 seconds
Start importing Packages/com.unity.inputsystem/InputSystem/Editor/Icons/d_Interactive Binding@2x.png using Guid(3b78dc1763429489c9a1c70faf4f9a0e) (TextureImporter) -> (artifact id: '66e5bac4312be6ad1b032cbbdaec515a') in 0.0108571 seconds
Start importing Packages/com.unity.cloud.gltfast/Editor/UI/gltf-icon-bug.png using Guid(3b6a1cb26d29941f2a3cc902680e2e03) (TextureImporter) -> (artifact id: '2c1cd084f3fafbfdd4f63df45aaa077d') in 0.0026224 seconds
Start importing Packages/com.unity.multiplayer.tools/Editor/MultiplayerToolsWindow/UI/Icons/d_Network@2x.png using Guid(5b9733e2f266b4d018f24425fedda9b9) (TextureImporter) -> (artifact id: 'c42487a86189d99453d3515cebbdb2f5') in 0.0095975 seconds
Start importing Packages/com.unity.inputsystem/InputSystem/Editor/Icons/TrackedPoseDriver@4x.png using Guid(7b8bfaee8f8631c4789ac62373cbc2d4) (TextureImporter) -> (artifact id: '26e2fa670baf63d54b48b940d8e85b57') in 0.0106968 seconds
Start importing Packages/com.unity.inputsystem/InputSystem/Editor/Icons/Add Binding@3x.png using Guid(8be1fbf4b24de44c99840805bdae9e40) (TextureImporter) -> (artifact id: '2ca765204303d3e69fac79ebfabf6614') in 0.0102832 seconds
Start importing Packages/com.unity.ugui/Editor Resources/Textures/btn_AlignBaseLine.psd using Guid(8bc445bb79654bf496c92d0407840a92) (TextureImporter) -> (artifact id: 'ac37bdeb71e9fd67e57623eb8806c764') in 0.0127959 seconds
Start importing Packages/com.unity.multiplayer.playmode/Scenarios/Editor/PlayModeConfig/UI/Icons/d_Idle@2x.png using Guid(9b5b7b9eacdc8455aa1b8bc0f1761116) (TextureImporter) -> (artifact id: '119f1a5e47b5bcead3b79e38b429518c') in 0.0104024 seconds
Start importing Packages/com.unity.inputsystem/InputSystem/Editor/Icons/d_Dpad@2x.png using Guid(ab9b5824ece1d443aa1f3a5672d9da86) (TextureImporter) -> (artifact id: 'a16a02b604a7d22cdda47150bb4982fe') in 0.0094812 seconds
Start importing Packages/com.unity.ugui/Editor Resources/Textures/btn_AlignMidline_Light.psd using Guid(bb42b2d967d6427983c901a4ffc8ecd9) (TextureImporter) -> (artifact id: '6e842089caa7e768ea8a3974a487cd11') in 0.0139166 seconds
Start importing Packages/com.unity.inputsystem/InputSystem/Editor/Icons/d_Pen.png using Guid(bb42fb9342e9d4e68b6cf39a2e071d9b) (TextureImporter) -> (artifact id: '22497ffb69b84e68b25d1ed08f370260') in 0.0105611 seconds
Start importing Packages/com.unity.inputsystem/InputSystem/Editor/Icons/Add Binding@2x.png using Guid(bb5fa99d6e9434c9ebf101c956021ee1) (TextureImporter) -> (artifact id: '05dc120121000258ccefd20d3dd8b98a') in 0.0107739 seconds
Start importing Assets/Resources/Textures/Wood5.jpg using Guid(cbd1dfcf9b132e745814570cf279a207) (TextureImporter) -> (artifact id: 'bcc617eacc91079eba0cb4676f102ab6') in 0.0565693 seconds
Start importing Packages/com.unity.inputsystem/InputSystem/Editor/Icons/d_Button@4x.png using Guid(db3dc7a02ac6d4e90bbe905a44ac265b) (TextureImporter) -> (artifact id: 'f1018fc3d394f9912164323c47c666ce') in 0.0105318 seconds
Start importing Packages/com.unity.inputsystem/InputSystem/Editor/Icons/d_Interactive Binding.png using Guid(eb28fd64eacfa495c97193108f1cdf03) (TextureImporter) -> (artifact id: '942a475301a46b3ad2813a94993650b4') in 0.0098786 seconds
Start importing Packages/com.unity.ugui/Editor Resources/Textures/SectionHeader_Dark.psd using Guid(fb5730e24283d0c489e5c7d0bee023d9) (TextureImporter) -> (artifact id: '9eb47cfbb0e64c13e8f29ccc39de8a01') in 0.0128612 seconds
Start importing Packages/com.unity.multiplayer.tools/Editor/MultiplayerToolsWindow/UI/Icons/Help@2x.png using Guid(0cd8ee6f4f4a7445bb75ab5dcb377d43) (TextureImporter) -> (artifact id: '93f2738a6184d873ecaec4d3133ad34e') in 0.0105267 seconds
Start importing Packages/com.unity.multiplayer.tools/Editor/MultiplayerToolsWindow/UI/Icons/OwnedNetwork@2x.png using Guid(0c1a5c08e32f2441fbb0dcb644fbd560) (TextureImporter) -> (artifact id: 'c4cdeb85dda97ee2fa280cae143df84e') in 0.0103987 seconds
Start importing Packages/com.unity.inputsystem/InputSystem/Editor/Icons/Orientation@4x.png using Guid(1c751eb104ad5407992e614361d5f81e) (TextureImporter) -> (artifact id: 'bfb0be23b71df06e6cc194cad9a3f359') in 0.0098061 seconds
Start importing Packages/com.unity.inputsystem/InputSystem/Editor/Icons/Button@2x.png using Guid(1c37f00575bd6494ea726be5afee89b9) (TextureImporter) -> (artifact id: '2f20b3b7eb0ad3bfd58042cf7c262d89') in 0.0098138 seconds
Start importing Packages/com.unity.multiplayer.center/Editor/MultiplayerCenterWindow/UI/Icons/N4E@2x.png using Guid(2cb589d4e01184d928bb698f06e77561) (TextureImporter) -> (artifact id: '3757bac4a027590ca161080c01733734') in 0.0106518 seconds
Start importing Packages/com.unity.multiplayer.tools/Editor/MultiplayerToolsWindow/UI/Icons/Network@2x.png using Guid(2c665ee52b2d84b8dadf8a559426f0b0) (TextureImporter) -> (artifact id: '2296c2c9a0a5ca80d77f224921c94e05') in 0.0097982 seconds
Start importing Packages/com.unity.inputsystem/InputSystem/Editor/Icons/Dpad@3x.png using Guid(6c1147159d9dc42948601b29dfc9a40c) (TextureImporter) -> (artifact id: 'e620a850f73eb12b39ce05e583b3f65c') in 0.0096244 seconds
Start importing Packages/com.unity.multiplayer.playmode/Scenarios/Editor/PlayModeConfig/UI/Icons/Loading@2x.png using Guid(7c817d96958c14078955d2e3891d64bf) (TextureImporter) -> (artifact id: '746425c0a1581bae31a889db26be5f42') in 0.0068543 seconds
Start importing Packages/com.unity.inputsystem/InputSystem/Editor/Icons/Pen@4x.png using Guid(acf10446fff184bb98db6350c2c43148) (TextureImporter) -> (artifact id: '69a21baed68e7e341f61b42428b9060f') in 0.0097839 seconds
Start importing Packages/com.unity.inputsystem/InputSystem/Editor/Icons/d_Position@4x.png using Guid(ac4c5ccb2785f4460b2dcfe47010c688) (TextureImporter) -> (artifact id: '4a60c68ec433f640b552881cacf601b8') in 0.0101104 seconds
Start importing Packages/com.unity.multiplayer.playmode/Scenarios/Editor/PlayModeConfig/UI/Icons/WindowInstance@2x.png using Guid(bcf3f880fde54af58cac6909f40ac7bd) (TextureImporter) -> (artifact id: 'e5b9214686ddec19a49b1dc4a5f73a85') in 0.0068162 seconds
Start importing Packages/com.unity.multiplayer.center/Editor/MultiplayerCenterWindow/UI/Icons/CustomNetcode.png using Guid(dce12af736e0a4a1ba35d6424f897dc9) (TextureImporter) -> (artifact id: '8c59b0e751641520161cef58b4aa8c7d') in 0.0107119 seconds
Start importing Packages/com.unity.services.core/Editor/Core/UiHelpers/Images/ExternalLinkIcon.png using Guid(dcfa8e537229b4e8db4c6bc39a906c89) (TextureImporter) -> (artifact id: '4c63609d3b489f3a6ee1cc59e4bba208') in 0.0074249 seconds
Start importing Packages/com.unity.multiplayer.widgets/Assets/Icons/speaker-low.png using Guid(ece4dacc0ce43d94cad304179358ea28) (TextureImporter) -> (artifact id: '93f5a209fdfc6b497ed038c1b6fc95e5') in 0.0107413 seconds
Start importing Packages/com.unity.inputsystem/InputSystem/Editor/Icons/InputControl.png using Guid(ec85de66fa5b64dd984fdcc82f8f92b3) (TextureImporter) -> (artifact id: '264db7cbc177f49d027d538da1a2c1af') in 0.0104409 seconds
Start importing Packages/com.unity.ugui/Editor Resources/Gizmos/TMP - Sprite Asset Icon.psd using Guid(ec7c645d93308c04d8840982af12101e) (TextureImporter) -> (artifact id: 'b9dacd04e5bf1f3c7067abda52dc5b62') in 0.0129332 seconds
Start importing Packages/com.unity.inputsystem/InputSystem/Editor/Icons/d_Joystick@3x.png using Guid(fcaa0d99df7c74f52afaa17a375dd393) (TextureImporter) -> (artifact id: 'f0c2d9f3a62ef9ed6e01bb453e687c81') in 0.0102701 seconds
Start importing Packages/com.unity.inputsystem/InputSystem/Editor/Icons/d_ChevronDown@4x.png using Guid(0de917098a5b848b1a371e570928ce10) (TextureImporter) -> (artifact id: 'f531015abd28b685d622b7ba22e96e15') in 0.0108923 seconds
Start importing Packages/com.unity.ugui/Editor Resources/Textures/btn_AlignCapLine.psd using Guid(0d9a36012a224080966c7b55896aa0f9) (TextureImporter) -> (artifact id: '3ae4e0bed7637e674216b4eb9aa646b8') in 0.0121269 seconds
Start importing Packages/com.unity.multiplayer.center/Editor/MultiplayerCenterWindow/UI/Icons/NoNetcode.png using Guid(1daed49eec0f94f7ebb36dfef6159884) (TextureImporter) -> (artifact id: 'cf135aba4b2276ed679a72dd0d3b7332') in 0.0101034 seconds
Start importing Packages/com.unity.multiplayer.tools/Editor/MultiplayerToolsWindow/UI/Icons/Tools.png using Guid(3de99ddfb7b764ee5b61ea0145ffd152) (TextureImporter) -> (artifact id: '93003363af9cf7e9f4aa9e640f07a4db') in 0.0109016 seconds
Start importing Packages/com.unity.inputsystem/InputSystem/Editor/Icons/d_Add Binding@2x.png using Guid(3d7dc8d6b9a96490b9aa433645712fdf) (TextureImporter) -> (artifact id: 'a130608fe35fcb9a7ac2a78d6d807828') in 0.0099263 seconds
Start importing Packages/com.unity.inputsystem/InputSystem/Editor/Icons/Gamepad@2x.png using Guid(4defb5292901c41f29313d9c9c87a7eb) (TextureImporter) -> (artifact id: 'b6c31b84b6d770c758798a7b678d8cab') in 0.0105055 seconds
Start importing Packages/com.unity.inputsystem/InputSystem/Editor/Icons/d_ChevronDown@3x.png using Guid(5d96795fd770f47d69d997b053532730) (TextureImporter) -> (artifact id: 'c75fe623abef5792afba288a97b81a35') in 0.0066908 seconds
Start importing Packages/com.unity.inputsystem/InputSystem/Editor/Icons/d_Stick@2x.png using Guid(5d0b11389336d4b16b96f147c9f912e2) (TextureImporter) -> (artifact id: 'e8cbe546902d540a4e7d4d360b810f35') in 0.0100307 seconds
Start importing Assets/Resources/Pieces/Revolution/Defender.png using Guid(5d3e4d88db98f5f4d82f2a4d3abaa9d4) (TextureImporter) -> (artifact id: 'b053487e250ef642f4cc5bd4c363ac10') in 0.0027618 seconds
Start importing Packages/com.unity.inputsystem/InputSystem/Editor/Icons/d_Touch@4x.png using Guid(6db042035460c4167a6ab8d1ac3c2681) (TextureImporter) -> (artifact id: '53e75674f3d52e9f7d8c70db67d72b67') in 0.0101406 seconds
Start importing Packages/com.unity.services.vivox/Editor/Icons/Headset.png using Guid(6d3b76694564c9046be6648ce421b6c2) (TextureImporter) -> (artifact id: 'a3b8e2b24f2956e3048259bf35daa5ef') in 0.0075894 seconds
Start importing Packages/com.unity.inputsystem/InputSystem/Editor/Icons/d_Joystick.png using Guid(7d4638131127c4f4382fb36cf16c52fe) (TextureImporter) -> (artifact id: '890ac2886f119988d3faeaadc8092367') in 0.0098274 seconds
Start importing Packages/com.unity.multiplayer.widgets/Assets/Icons/speaker-slash.png using Guid(7d187623f2f775e4987acb5462c7ff8d) (TextureImporter) -> (artifact id: 'fe7695b36cc1f5921e4e605926e6e39e') in 0.0103972 seconds
Start importing Packages/com.unity.multiplayer.center/Editor/MultiplayerCenterWindow/UI/Icons/Package.png using Guid(9d9689eab72c8480c90679f4dcf18820) (TextureImporter) -> (artifact id: '5cd5693da266369e9c30f4901c5eae92') in 0.0074701 seconds
Start importing Packages/com.unity.multiplayer.playmode/Scenarios/Editor/PlayModeConfig/UI/Icons/d_Loading@2x.png using Guid(adacab869b8eb40f8b4f96defafaa6bc) (TextureImporter) -> (artifact id: '9f7000aaf4abbd2ae75c73df23e3d695') in 0.0063279 seconds
Start importing Packages/com.unity.multiplayer.center/Editor/MultiplayerCenterWindow/UI/Icons/CloudCode.png using Guid(ad1d29f4654194951a3c8bf507914d05) (TextureImporter) -> (artifact id: '5b1d99b7953ac2644918d7e3564c4067') in 0.0103584 seconds
Start importing Packages/com.unity.multiplayer.playmode/Scenarios/Editor/PlayModeConfig/UI/Icons/Deployment@2x.png using Guid(cd3b86049feaf4b0ca57dc486ab1d1c7) (TextureImporter) -> (artifact id: '4469ac6c4e21c81efb6611253ee76ac2') in 0.0064463 seconds
Start importing Packages/com.unity.multiplayer.center/Editor/MultiplayerCenterWindow/UI/Icons/Questionnaire.png using Guid(dd70cd654275d47db807e918055e004f) (TextureImporter) -> (artifact id: '83f8366d82dd87c5fe978b540b721fb1') in 0.0103625 seconds
Start importing Packages/com.unity.multiplayer.playmode/Scenarios/Editor/PlayModeConfig/UI/Icons/Deployment.png using Guid(dda74c3c3ae04432ebc4508f1e48f54f) (TextureImporter) -> (artifact id: 'c911559fb7090bbbcfcdae5da720f19d') in 0.0065169 seconds
Start importing Packages/com.unity.ugui/Editor Resources/Textures/btn_AlignTop_Light.psd using Guid(ed041e68439749a69d0efa0e3d896c2e) (TextureImporter) -> (artifact id: 'fb2bcd48663a0ea7f5597c5de86e3e6d') in 0.0117168 seconds
Start importing Packages/com.unity.multiplayer.tools/NetVis/Editor/UI/Assets/Textures/Icons/d_NetSceneVis.png using Guid(eda5c1d7406147bb9835795ba4e5f62f) (TextureImporter) -> (artifact id: 'b0894cc40cbdec05df3f40ebdca938f7') in 0.0102667 seconds
Start importing Packages/com.unity.multiplayer.tools/NetworkProfiler/Editor/Windows/Columns/drop_down.png using Guid(0e3a81de9b6fc4b3baeecdb777c1c6de) (TextureImporter) -> (artifact id: 'b3d801a62b2639334a4c1bd934773a50') in 0.0128586 seconds
Start importing Packages/com.unity.inputsystem/InputSystem/Editor/Icons/d_ChevronUp@3x.png using Guid(0efecba65ae4341a385cd5d39a2af765) (TextureImporter) -> (artifact id: '6f985023e128ec7b44530fd68955df06') in 0.0068156 seconds
Start importing Packages/com.unity.inputsystem/InputSystem/Editor/Icons/Axis@3x.png using Guid(2e27a82b5cc4e4ef98cbef2d0b324aed) (TextureImporter) -> (artifact id: '050160f38c89d36f7af4fb542faf0590') in 0.0100994 seconds
Start importing Packages/com.unity.ugui/Editor Resources/Gizmos/TMP - Input Field Icon.psd using Guid(3ee40aa79cd242a5b53b0b0ca4f13f0f) (TextureImporter) -> (artifact id: '58afc6e8a74978d9f645bd328acff74c') in 0.0119746 seconds
Start importing Packages/com.unity.inputsystem/InputSystem/Editor/Icons/Touch@4x.png using Guid(6e9283a12f5b74afbba696cbb82f5e7f) (TextureImporter) -> (artifact id: '03e1d9c8398f8281403fdde8a40e15a2') in 0.0109568 seconds
Start importing Packages/com.unity.services.deployment/Editor/Interface/UI/Assets/Icons/Error.png using Guid(6e86c54b3c6f4df4953fcdf2204f5127) (TextureImporter) -> (artifact id: 'ddaa0be7d2dda479d027b9977a7a1fe7') in 0.0068834 seconds
Start importing Packages/com.unity.inputsystem/InputSystem/Editor/Icons/Axis.png using Guid(7e853779c8fed4ebf917a0de21c79602) (TextureImporter) -> (artifact id: 'ada60db7f51af5f998ab392a8ba4c15e') in 0.0108911 seconds
Start importing Packages/com.unity.multiplayer.tools/Editor/MultiplayerToolsWindow/UI/Icons/GreenCheckmark@2x.png using Guid(7e4686c92924140d3a03970ef8bc5183) (TextureImporter) -> (artifact id: '70de154ae283bdf4785e407d16c66cc1') in 0.0105579 seconds
Start importing Packages/com.unity.multiplayer.tools/NetVis/Editor/UI/Assets/Textures/Icons/NetSceneVis.png using Guid(7e4639e01f4eb46c5915e48f3e3f4384) (TextureImporter) -> (artifact id: '1e20b441a4864f01ee605e43a1b2a134') in 0.0104648 seconds
Start importing Packages/com.unity.multiplayer.tools/NetVis/Editor/UI/Assets/Textures/Icons/d_Settings.png using Guid(7e69a20111c2480682d9e09cf7202110) (TextureImporter) -> (artifact id: '4c42ae228ec691455714fd835675d46c') in 0.0102425 seconds
Start importing Packages/com.unity.inputsystem/InputSystem/Editor/Icons/Mouse.png using Guid(9eb2b64988cb1443cab6da5dc5300d1c) (TextureImporter) -> (artifact id: '846d30af3459f70ac578f0b5d03bb73d') in 0.0098989 seconds
Start importing Packages/com.unity.inputsystem/InputSystem/Editor/Icons/d_Keyboard@3x.png using Guid(9ec4e316700da46b88741a8153b33963) (TextureImporter) -> (artifact id: '65d48f0bc579c2be5417b028e2205c35') in 0.0096703 seconds
Start importing Packages/com.unity.inputsystem/InputSystem/Editor/Icons/d_Gamepad@3x.png using Guid(9e882b58df0964f5b90ff99cb481ee79) (TextureImporter) -> (artifact id: 'b8ed5dc87226bb8819e740341ff0059a') in 0.0103812 seconds
Start importing Packages/com.unity.inputsystem/InputSystem/Editor/Icons/Interactive Binding@4x.png using Guid(9e6c9e992a2ee4327bce1d6a8189cedb) (TextureImporter) -> (artifact id: '6d7962ea38c9c8f3135370f2d0c50fd8') in 0.0103369 seconds
Start importing Packages/com.unity.settings-manager/Content/Options.png using Guid(9eff477e4332346818c96745043dae9e) (TextureImporter) -> (artifact id: 'ea69e01d34b3417ed5e36d311dc0e493') in 0.0101898 seconds
Start importing Packages/com.unity.inputsystem/InputSystem/Editor/Icons/d_Gamepad@2x.png using Guid(bed935caee9524e6780614c2055bfd35) (TextureImporter) -> (artifact id: '56ab02b9f4ba4901c10b2d2d4c7a5166') in 0.0106741 seconds
Start importing Packages/com.unity.multiplayer.playmode/WorkflowUI/Editor/UI/dark_Loading@2x.png using Guid(ce5ae917dba39478d98d75235e2494cb) (TextureImporter) -> (artifact id: '34eacf9e0e9dd12c1320463899bedec2') in 0.0067516 seconds
Start importing Packages/com.unity.inputsystem/InputSystem/Editor/Icons/d_Touch@2x.png using Guid(ceaa885da02f84da195f87de12535da6) (TextureImporter) -> (artifact id: 'e2b1cc1c1537abc6551bc73bc46ff2ca') in 0.0100733 seconds
Start importing Packages/com.unity.inputsystem/InputSystem/Editor/AssetEditor/PackageResources/personal/actionTreeBackground.png using Guid(ce5f11cd993284c4f9c54f854bdc8c9c) (TextureImporter) -> (artifact id: '375967e78cfb2a646c643696eb08111f') in 0.0096898 seconds
Start importing Packages/com.unity.inputsystem/InputSystem/Editor/Icons/d_Orientation@4x.png using Guid(de98baf415a2c4d7dbe0de74cb6e171c) (TextureImporter) -> (artifact id: '53d161aca5932008b01470370b5830b6') in 0.0106677 seconds
Start importing Packages/com.unity.ugui/Editor Resources/Gizmos/TMP - Font Asset Icon.psd using Guid(ee148e281f3c41c5b4ff5f8a5afe5a6c) (TextureImporter) -> (artifact id: 'f1955691af30679bfd0fc0808ab1c4d9') in 0.0129647 seconds
Start importing Packages/com.unity.multiplayer.playmode/Scenarios/Editor/PlayModeConfig/UI/Icons/WindowInstance.png using Guid(feefe975288948a8861fabd0f156fa73) (TextureImporter) -> (artifact id: '90e44691aed89e750d7509aed7e7387c') in 0.0068559 seconds
Start importing Packages/com.unity.multiplayer.tools/Editor/MultiplayerToolsWindow/UI/Icons/d_Package.png using Guid(2f236db6fdcaa40b2a8b566ee8ff75d5) (TextureImporter) -> (artifact id: '14cb72295508e9a1d54bf5a6e74bc58c') in 0.00704 seconds
Start importing Assets/Resources/Pieces/Revolution/Knight.png using Guid(2f96d72c8a62ee4458fa950d8e4fd9ea) (TextureImporter) -> (artifact id: 'a36bf0bd5f9457e6fc538d9c956a5cd9') in 0.0021163 seconds
Start importing Packages/com.unity.ugui/Editor Resources/Gizmos/TMP - Text Component Icon.psd using Guid(2fd6421f253b4ef1a19526541f9ffc0c) (TextureImporter) -> (artifact id: '46ace70eab491ff081b82189a70e19ef') in 0.0123544 seconds
Start importing Packages/com.unity.multiplayer.center/Editor/MultiplayerCenterWindow/UI/Icons/DedicatedServer.png using Guid(3fe892784421e47f5aa40c2784a6cb3e) (TextureImporter) -> (artifact id: '8fd6a0d18d36825986f75ae3f9872ffe') in 0.0105163 seconds
Start importing Packages/com.unity.multiplayer.center/Editor/MultiplayerCenterWindow/UI/Icons/Check.png using Guid(4f78a544322c742b89e63fb68557b1d2) (TextureImporter) -> (artifact id: '7c98c8ff02144b3001bacd4cacb82faf') in 0.0094815 seconds
Start importing Packages/com.unity.inputsystem/InputSystem/Editor/Icons/Orientation@3x.png using Guid(5f09d534eb1414449a2758696bd4dd11) (TextureImporter) -> (artifact id: '3416fae80add0d6688c63a37dba0cadc') in 0.0101042 seconds
Start importing Packages/com.unity.services.vivox/Runtime/AudioTaps/icons/capture_source.png using Guid(5ff930cd7b56348968f0f218a9841279) (TextureImporter) -> (artifact id: '976a019d5696211bb68391508041794f') in 0.0073312 seconds
Start importing Packages/com.unity.inputsystem/InputSystem/Editor/Icons/Keyboard@4x.png using Guid(7fc0926499f7a4500b152d45397c44a4) (TextureImporter) -> (artifact id: 'e676dcfb9888a3b5df065831055cbef9') in 0.0098706 seconds
Start importing Packages/com.unity.inputsystem/InputSystem/Editor/Icons/Orientation.png using Guid(7fb7b46a8c63948d2b28dc394281bf5a) (TextureImporter) -> (artifact id: '9fc6034b77d6cec866faea0075a7b683') in 0.0097845 seconds
Start importing Packages/com.unity.inputsystem/InputSystem/Editor/Icons/d_ChevronUp.png using Guid(7fad89501bb5c408e956934bf2eb8ae3) (TextureImporter) -> (artifact id: '8df34e170a2554ce672c7ca97afb356c') in 0.009618 seconds
Start importing Packages/com.unity.inputsystem/InputSystem/Editor/AssetEditor/PackageResources/personal/actionTreeBackgroundWithoutBorder.png using Guid(cf632ed80bf1f46c980de6b1b8b903ef) (TextureImporter) -> (artifact id: '4cac101d5e6e69e46935a20e482dbecb') in 0.010424 seconds
Start importing Packages/com.unity.cloud.gltfast/Editor/UI/gltf-logo.png using Guid(dfde62efb4ba642ea968adab4e674d01) (TextureImporter) -> (artifact id: '57fd2f4af27b151596380e44e1a1ca28') in 0.0034635 seconds
Start importing Assets/TextMesh Pro/Sprites/EmojiOne.png using Guid(dffef66376be4fa480fb02b19edbe903) (TextureImporter) -> (artifact id: 'b591a3d344af3e754f0ebfd8503abeb1') in 0.0130379 seconds
Start importing Packages/com.unity.inputsystem/InputSystem/Editor/Icons/TrackedPoseDriver@2x.png using Guid(ff8479815905ce84e9ef610d926f28c8) (TextureImporter) -> (artifact id: 'f5b86e55c3053433342814362e933e7e') in 0.0098716 seconds
Start importing Packages/com.unity.inputsystem/InputSystem/Editor/AssetEditor/PackageResources/green.png using Guid(ffeba93637e654de6a5906b48520dc94) (TextureImporter) -> (artifact id: 'b9362c42246d839ad27ab7f5a3710292') in 0.0097376 seconds
Start importing Assets/TextMesh Pro/Fonts/LiberationSans.ttf using Guid(e3265ab4bf004d28a9537516768c1c75) (TrueTypeFontImporter) -> (artifact id: '58ad22428c54988d813087c1ae481538') in 0.311724 seconds
Start importing Packages/com.unity.inputsystem/InputSystem/Editor/UITKAssetEditor/PackageResources/BindingPanelRowTemplate.uxml using Guid(449c8e5ca27af8e4a9db710c8be5e4df) (ScriptedImporter) -> (artifact id: 'c292fdb93a742ac60228eb2e515b2d9b') in 0.0524379 seconds
Start importing Packages/com.unity.multiplayer.tools/NetworkProfiler/Editor/Windows/Columns/ColumnBar.uxml using Guid(8c2f6832eeda41d1a9922eaaab2cf74e) (ScriptedImporter) -> (artifact id: '2c3d6e1e2bbcf8f87ff46dfe741ddafe') in 0.0212576 seconds
Refreshing native plugins compatible for Editor in 3.33 ms, found 2 plugins.
Preloading 1 native plugins for Editor in 0.04 ms.
Asset Pipeline Refresh (id=ca721bf8a8616d349983745c88081cc4): Total: 4.149 seconds - Initiated by RefreshV2(NoUpdateAssetOptions)
	Summary:
		Imports: total=321 (actual=321, local cache=0, cache server=0)
		Asset DB Process Time: managed=30 ms, native=4064 ms
		Asset DB Callback time: managed=47 ms, native=6 ms
		Scripting: domain reloads=0, domain reload time=0 ms, compile time=0 ms, other=0 ms
		Project Asset Count: scripts=1479, non-scripts=907
		Asset File Changes: new=0, changed=0, moved=0, deleted=0
		Scan Filter Count: 0
	InvokeCustomDependenciesCallbacks: 0.001ms
	InvokePackagesCallback: 0.001ms
	ApplyChangesToAssetFolders: 0.182ms
	Scan: 6.902ms
	OnSourceAssetsModified: 0.001ms
	CategorizeAssetsWithTransientArtifact: 0.003ms
	ProcessAssetsWithTransientArtifactChanges: 0.288ms
	CategorizeAssets: 8.240ms
	ImportOutOfDateAssets: 4068.059ms (-30.306ms without children)
		ImportManagerImport: 4067.106ms (63.956ms without children)
			ImportInProcess: 4002.087ms
			UpdateCategorizedAssets: 1.063ms
		ReloadNativeAssets: 0.031ms
		UnloadImportedAssets: 0.215ms
		ReloadImportedAssets: 30.542ms
		EnsureUptoDateAssetsAreRegisteredWithGuidPM: 0.219ms
		InitializingProgressBar: 0.010ms
		PostProcessAllAssetNotificationsAddChangedAssets: 0.007ms
		OnDemandSchedulerStart: 0.235ms
	PostProcessAllAssets: 50.150ms
	Hotreload: 3.856ms
	GatherAllCurrentPrimaryArtifactRevisions: 0.212ms
	UnloadStreamsBegin: 0.062ms
	PersistCurrentRevisions: 0.433ms
	UnloadStreamsEnd: 0.000ms
	Untracked: 10.427ms

Asset Pipeline Refresh (id=d460644122e1df04d94eed081600bf5c): Total: 0.011 seconds - Initiated by RefreshV2(NoUpdateAssetOptions)
Opening scene 'Assets/DefaultScene.unity'
Unloading 4 Unused Serialized files (Serialized files now loaded: 0)
Loaded scene 'Assets/DefaultScene.unity'
	Deserialize:            16.850 ms
	Integration:            166.396 ms
	Integration of assets:  0.030 ms
	Thread Wait Time:       0.018 ms
	Total Operation Time:   183.294 ms
Unloading 85 unused Assets / (0.6 MB). Loaded Objects now: 7290.
Memory consumption went from 165.3 MB to 164.7 MB.
Total: 6.534900 ms (FindLiveObjects: 0.255700 ms CreateObjectMapping: 0.180100 ms MarkObjects: 5.799800 ms  DeleteObjects: 0.298600 ms)

Created GICache directory at C:/Users/Orion/AppData/LocalLow/Unity/Caches/GiCache. Took: 0.011s, timestamps: [87.659 - 87.670]
Script attached to 'Main Camera' in scene 'Assets/DefaultScene.unity' is missing or no valid script is attached.
UnityEngine.Debug:ExtractStackTraceNoAlloc (byte*,int,string)
UnityEngine.StackTraceUtility:ExtractStackTrace ()
UnityEditor.BuildPipeline:BuildPlayerInternalNoCheck (string[],string,string,UnityEditor.BuildTargetGroup,UnityEditor.BuildTarget,int,UnityEditor.BuildOptions,string[],bool)
UnityEditor.BuildPipeline:BuildPlayerInternal (string[],string,string,UnityEditor.BuildTargetGroup,UnityEditor.BuildTarget,int,UnityEditor.BuildOptions,string[])
UnityEditor.BuildPipeline:BuildPlayer (string[],string,string,UnityEditor.BuildTargetGroup,UnityEditor.BuildTarget,int,UnityEditor.BuildOptions,string[])
UnityEditor.BuildPipeline:BuildPlayer (UnityEditor.BuildPlayerOptions)
BizarreChess.Editor.WebGLBuilder:Build () (at Assets/Scripts/Editor/WebGLBuilder.cs:50)

[Assets/Scripts/Editor/WebGLBuilder.cs line 50]

Script attached to 'Directional Light' in scene 'Assets/DefaultScene.unity' is missing or no valid script is attached.
UnityEngine.Debug:ExtractStackTraceNoAlloc (byte*,int,string)
UnityEngine.StackTraceUtility:ExtractStackTrace ()
UnityEditor.BuildPipeline:BuildPlayerInternalNoCheck (string[],string,string,UnityEditor.BuildTargetGroup,UnityEditor.BuildTarget,int,UnityEditor.BuildOptions,string[],bool)
UnityEditor.BuildPipeline:BuildPlayerInternal (string[],string,string,UnityEditor.BuildTargetGroup,UnityEditor.BuildTarget,int,UnityEditor.BuildOptions,string[])
UnityEditor.BuildPipeline:BuildPlayer (string[],string,string,UnityEditor.BuildTargetGroup,UnityEditor.BuildTarget,int,UnityEditor.BuildOptions,string[])
UnityEditor.BuildPipeline:BuildPlayer (UnityEditor.BuildPlayerOptions)
BizarreChess.Editor.WebGLBuilder:Build () (at Assets/Scripts/Editor/WebGLBuilder.cs:50)

[Assets/Scripts/Editor/WebGLBuilder.cs line 50]



Mono dependencies included in the build
Dependency assembly - System.Data.DataSetExtensions.dll
Dependency assembly - Unity.Multiplayer.Center.NetcodeForGameObjectsExample.dll
Dependency assembly - Unity.Multiplayer.Tools.NetworkProfiler.Runtime.dll
Dependency assembly - System.Runtime.InteropServices.dll
Dependency assembly - System.Net.Primitives.dll
Dependency assembly - System.Xml.XmlDocument.dll
Dependency assembly - Unity.Multiplayer.Tools.MetricTestData.dll
Dependency assembly - Unity.Services.Wire.Internal.dll
Dependency assembly - System.Security.Cryptography.Encryption.ECDiffieHellman.dll
Dependency assembly - System.Runtime.Serialization.Json.dll
Dependency assembly - System.Collections.NonGeneric.dll
Dependency assembly - System.Diagnostics.Tools.dll
Dependency assembly - System.Net.Http.WebRequest.dll
Dependency assembly - System.Net.WebHeaderCollection.dll
Dependency assembly - Unity.Multiplayer.Tools.NetStats.dll
Dependency assembly - Microsoft.Win32.Primitives.dll
Dependency assembly - Unity.Multiplayer.Tools.NetworkSolutionInterface.dll
Dependency assembly - System.Messaging.dll
Dependency assembly - System.ServiceModel.Routing.dll
Dependency assembly - System.IO.FileSystem.Primitives.dll
Dependency assembly - System.Diagnostics.Contracts.dll
Dependency assembly - System.Security.Cryptography.ProtectedData.dll
Dependency assembly - glTFast.Export.dll
Dependency assembly - Unity.Multiplayer.Tools.Adapters.Ngo1.dll
Dependency assembly - I18N.CJK.dll
Dependency assembly - System.Drawing.Design.dll
Dependency assembly - System.Threading.Timer.dll
Dependency assembly - System.Runtime.DurableInstancing.dll
Dependency assembly - Microsoft.Win32.Registry.dll
Dependency assembly - glTFast.dll
Dependency assembly - Mono.Data.Tds.dll
Dependency assembly - Mono.Security.dll
Dependency assembly - System.Diagnostics.StackTrace.dll
Dependency assembly - System.Security.Cryptography.Encoding.dll
Dependency assembly - Unity.Multiplayer.Playmode.dll
Dependency assembly - System.Runtime.InteropServices.WindowsRuntime.dll
Dependency assembly - System.Web.dll
Dependency assembly - System.Web.ApplicationServices.dll
Dependency assembly - System.dll
Dependency assembly - System.Xml.XmlSerializer.dll
Dependency assembly - System.Diagnostics.TraceSource.dll
Dependency assembly - System.Dynamic.Runtime.dll
Dependency assembly - System.Runtime.dll
Dependency assembly - System.Runtime.InteropServices.RuntimeInformation.dll
Dependency assembly - System.Net.Http.dll
Dependency assembly - System.ServiceModel.NetTcp.dll
Dependency assembly - System.Reflection.TypeExtensions.dll
Dependency assembly - System.Security.Cryptography.Encryption.dll
Dependency assembly - System.Web.Services.dll
Dependency assembly - System.Runtime.Serialization.dll
Dependency assembly - System.Threading.Tasks.Parallel.dll
Dependency assembly - System.Xml.dll
Dependency assembly - System.Diagnostics.FileVersionInfo.dll
Dependency assembly - System.Diagnostics.Process.dll
Dependency assembly - Unity.Multiplayer.Tools.NetStatsReporting.dll
Dependency assembly - System.Reflection.Extensions.dll
Dependency assembly - System.Globalization.Extensions.dll
Dependency assembly - Unity.Services.Core.Configuration.dll
Dependency assembly - System.ServiceModel.Primitives.dll
Dependency assembly - System.Runtime.Handles.dll
Dependency assembly - System.Data.dll
Dependency assembly - System.Text.Encoding.dll
Dependency assembly - System.ServiceProcess.dll
Dependency assembly - System.IO.FileSystem.Watcher.dll
Dependency assembly - System.Configuration.Install.dll
Dependency assembly - Microsoft.Win32.Registry.AccessControl.dll
Dependency assembly - System.ComponentModel.Primitives.dll
Dependency assembly - Unity.Multiplayer.Tools.NetStatsMonitor.Configuration.dll
Dependency assembly - System.Security.AccessControl.dll
Dependency assembly - System.Threading.Thread.dll
Dependency assembly - System.Reflection.DispatchProxy.dll
Dependency assembly - System.Security.Cryptography.X509Certificates.dll
Dependency assembly - System.Xaml.dll
Dependency assembly - System.Security.Cryptography.Encryption.Aes.dll
Dependency assembly - System.Text.RegularExpressions.dll
Dependency assembly - Unity.Multiplayer.Tools.NetStatsMonitor.Component.dll
Dependency assembly - System.ServiceModel.Security.dll
Dependency assembly - System.Net.WebSockets.dll
Dependency assembly - System.IO.FileSystem.dll
Dependency assembly - mscorlib.dll
Dependency assembly - Unity.Multiplayer.Tools.Adapters.dll
Dependency assembly - System.Net.AuthenticationManager.dll
Dependency assembly - System.EnterpriseServices.dll
Dependency assembly - System.Security.Cryptography.Cng.dll
Dependency assembly - glTFast.dots.dll
Dependency assembly - System.Web.Extensions.Design.dll
Dependency assembly - System.Security.Cryptography.Hashing.dll
Dependency assembly - System.ServiceModel.Http.dll
Dependency assembly - Microsoft.CSharp.dll
Dependency assembly - System.Xml.XPath.XDocument.dll
Dependency assembly - System.Data.Linq.dll
Dependency assembly - System.ComponentModel.DataAnnotations.dll
Dependency assembly - Unity.Services.Core.Environments.dll
Dependency assembly - Unity.Services.Core.Registration.dll
Dependency assembly - System.IO.Pipes.dll
Dependency assembly - System.Xml.XPath.dll
Dependency assembly - System.ComponentModel.Annotations.dll
Dependency assembly - System.Net.Ping.dll
Dependency assembly - System.IO.IsolatedStorage.dll
Dependency assembly - System.ServiceModel.Activation.dll
Dependency assembly - System.Runtime.Loader.dll
Dependency assembly - Unity.Services.Core.Device.dll
Dependency assembly - System.Security.Principal.dll
Dependency assembly - System.IO.dll
Dependency assembly - System.Runtime.Extensions.dll
Dependency assembly - System.Collections.Specialized.dll
Dependency assembly - System.ValueTuple.dll
Dependency assembly - System.Threading.Tasks.dll
Dependency assembly - System.IdentityModel.Selectors.dll
Dependency assembly - Unity.Burst.Unsafe.dll
Dependency assembly - System.IO.Compression.ZipFile.dll
Dependency assembly - Unity.Services.Core.Internal.dll
Dependency assembly - System.Drawing.dll
Dependency assembly - Mono.Data.Sqlite.dll
Dependency assembly - Unity.Multiplayer.Tools.Adapters.Utp2.dll
Dependency assembly - System.Security.Cryptography.Csp.dll
Dependency assembly - System.Data.OracleClient.dll
Dependency assembly - System.Threading.AccessControl.dll
Dependency assembly - Unity.Profiling.Core.dll
Dependency assembly - System.Design.dll
Dependency assembly - System.Runtime.CompilerServices.VisualC.dll
Dependency assembly - System.Net.Requests.dll
Dependency assembly - System.Runtime.Numerics.dll
Dependency assembly - I18N.West.dll
Dependency assembly - Unity.Multiplayer.Tools.Initialization.dll
Dependency assembly - System.Drawing.Primitives.dll
Dependency assembly - System.Diagnostics.TextWriterTraceListener.dll
Dependency assembly - System.Reflection.Emit.Lightweight.dll
Dependency assembly - System.Windows.Forms.DataVisualization.dll
Dependency assembly - Unity.Networking.Transport.dll
Dependency assembly - Unity.Multiplayer.Tools.NetVis.Configuration.dll
Dependency assembly - System.Resources.ReaderWriter.dll
Dependency assembly - System.Diagnostics.Tracing.dll
Dependency assembly - System.Net.Cache.dll
Dependency assembly - System.Linq.Queryable.dll
Dependency assembly - System.Resources.Writer.dll
Dependency assembly - System.Windows.Forms.dll
Dependency assembly - System.Security.Cryptography.OpenSsl.dll
Dependency assembly - Unity.Services.Multiplayer.dll
Dependency assembly - System.Security.dll
Dependency assembly - Unity.Multiplayer.Center.Common.dll
Dependency assembly - System.Management.dll
Dependency assembly - Unity.DedicatedServer.MultiplayerRoles.dll
Dependency assembly - System.Net.Security.dll
Dependency assembly - System.Collections.dll
Dependency assembly - System.Security.Cryptography.Algorithms.dll
Dependency assembly - System.Runtime.Serialization.Xml.dll
Dependency assembly - Unity.Multiplayer.Tools.Common.dll
Dependency assembly - System.Runtime.Serialization.Formatters.dll
Dependency assembly - System.Reflection.Emit.ILGeneration.dll
Dependency assembly - System.Security.Cryptography.DeriveBytes.dll
Dependency assembly - System.Diagnostics.TraceEvent.dll
Dependency assembly - System.IdentityModel.dll
Dependency assembly - System.Data.Entity.dll
Dependency assembly - Unity.Services.QoS.dll
Dependency assembly - System.Xml.XPath.XmlDocument.dll
Dependency assembly - System.IO.Compression.FileSystem.dll
Dependency assembly - System.ComponentModel.Composition.dll
Dependency assembly - System.Core.dll
Dependency assembly - System.Net.HttpListener.dll
Dependency assembly - System.ComponentModel.dll
Dependency assembly - System.Net.Sockets.dll
Dependency assembly - UnityEngine.UI.dll
Dependency assembly - Unity.Services.Authentication.PlayerAccounts.dll
Dependency assembly - Unity.Netcode.Runtime.dll
Dependency assembly - Unity.Services.Core.Analytics.dll
Dependency assembly - I18N.Other.dll
Dependency assembly - System.ServiceProcess.ServiceController.dll
Dependency assembly - System.ComponentModel.TypeConverter.dll
Dependency assembly - System.Xml.Linq.dll
Dependency assembly - System.Security.Cryptography.Encryption.ECDsa.dll
Dependency assembly - Unity.Services.Vivox.dll
Dependency assembly - Unity.Collections.dll
Dependency assembly - Unity.Services.Authentication.dll
Dependency assembly - System.Data.Services.dll
Dependency assembly - System.ServiceModel.Internals.dll
Dependency assembly - System.Net.NameResolution.dll
Dependency assembly - System.Runtime.Serialization.Primitives.dll
Dependency assembly - System.Linq.Parallel.dll
Dependency assembly - System.Xml.ReaderWriter.dll
Dependency assembly - System.Web.Extensions.dll
Dependency assembly - Accessibility.dll
Dependency assembly - System.Xml.Serialization.dll
Dependency assembly - System.IO.UnmanagedMemoryStream.dll
Dependency assembly - System.Security.Cryptography.Hashing.Algorithms.dll
Dependency assembly - I18N.dll
Dependency assembly - System.DirectoryServices.Protocols.dll
Dependency assembly - Unity.TextMeshPro.dll
Dependency assembly - System.Threading.Overlapped.dll
Dependency assembly - System.Threading.Tasks.Extensions.dll
Dependency assembly - System.IO.FileSystem.AccessControl.dll
Dependency assembly - System.Web.DynamicData.dll
Dependency assembly - Unity.Services.Core.Networking.dll
Dependency assembly - I18N.MidEast.dll
Dependency assembly - Unity.InputSystem.ForUI.dll
Dependency assembly - System.Json.dll
Dependency assembly - System.ServiceModel.dll
Dependency assembly - Unity.Services.Core.dll
Dependency assembly - System.Linq.Expressions.dll
Dependency assembly - System.Resources.ResourceManager.dll
Dependency assembly - System.Security.Cryptography.RandomNumberGenerator.dll
Dependency assembly - System.Reflection.dll
Dependency assembly - glTFast.Documentation.Examples.dll
Dependency assembly - System.ComponentModel.EventBasedAsync.dll
Dependency assembly - System.Reflection.Emit.dll
Dependency assembly - System.Net.Mail.dll
Dependency assembly - Unity.Multiplayer.Tools.MetricEvents.dll
Dependency assembly - System.Reflection.Primitives.dll
Dependency assembly - System.Net.dll
Dependency assembly - Unity.Burst.dll
Dependency assembly - Unity.Services.Core.Scheduler.dll
Dependency assembly - System.Reflection.Context.dll
Dependency assembly - System.Data.SqlClient.dll
Dependency assembly - System.Runtime.Caching.dll
Dependency assembly - netstandard.dll
Dependency assembly - System.Net.Utilities.dll
Dependency assembly - Unity.Services.Core.Threading.dll
Dependency assembly - BizarreChess.dll
Dependency assembly - System.Security.Principal.Windows.dll
Dependency assembly - System.Numerics.dll
Dependency assembly - glTFast.Newtonsoft.dll
Dependency assembly - System.IO.MemoryMappedFiles.dll
Dependency assembly - System.Text.Encoding.CodePages.dll
Dependency assembly - Unity.Multiplayer.Tools.NetStatsMonitor.Implementation.dll
Dependency assembly - Unity.Services.Core.Components.dll
Dependency assembly - System.AppContext.dll
Dependency assembly - Unity.Collections.LowLevel.ILSupport.dll
Dependency assembly - System.Threading.ThreadPool.dll
Dependency assembly - System.ServiceModel.Discovery.dll
Dependency assembly - System.Windows.dll
Dependency assembly - Unity.Multiplayer.Tools.MetricTypes.dll
Dependency assembly - System.Resources.Reader.dll
Dependency assembly - Unity.Multiplayer.Widgets.Session.dll
Dependency assembly - System.Collections.Concurrent.dll
Dependency assembly - System.Linq.dll
Dependency assembly - System.ServiceModel.Duplex.dll
Dependency assembly - System.Configuration.dll
Dependency assembly - System.DirectoryServices.dll
Dependency assembly - System.Xml.XDocument.dll
Dependency assembly - System.Web.RegularExpressions.dll
Dependency assembly - Unity.Services.Core.Environments.Internal.dll
Dependency assembly - System.Console.dll
Dependency assembly - System.Runtime.Serialization.Formatters.Soap.dll
Dependency assembly - Unity.Mathematics.dll
Dependency assembly - System.Globalization.Calendars.dll
Dependency assembly - System.Threading.dll
Dependency assembly - System.Buffers.dll
Dependency assembly - System.Security.Cryptography.RSA.dll
Dependency assembly - Unity.Multiplayer.Tools.NetworkSimulator.Runtime.dll
Dependency assembly - System.Globalization.dll
Dependency assembly - System.Security.SecureString.dll
Dependency assembly - System.Security.Claims.dll
Dependency assembly - System.Runtime.Remoting.dll
Dependency assembly - System.Numerics.Vectors.dll
Dependency assembly - System.Transactions.dll
Dependency assembly - Unity.Services.Core.Telemetry.dll
Dependency assembly - System.Data.Services.Client.dll
Dependency assembly - Unity.Multiplayer.Widgets.Core.dll
Dependency assembly - Newtonsoft.Json.dll
Dependency assembly - Unity.Multiplayer.Widgets.Vivox.dll
Dependency assembly - System.Memory.dll
Dependency assembly - System.Security.Cryptography.Primitives.dll
Dependency assembly - System.Xml.Xsl.Primitives.dll
Dependency assembly - System.IO.FileSystem.DriveInfo.dll
Dependency assembly - System.ServiceModel.Web.dll
Dependency assembly - System.Diagnostics.Debug.dll
Dependency assembly - System.IO.Compression.dll
Dependency assembly - Unity.Multiplayer.Playmode.Common.Runtime.dll
Dependency assembly - System.ObjectModel.dll
Dependency assembly - System.Security.Cryptography.Pkcs.dll
Dependency assembly - Unity.InputSystem.dll
Dependency assembly - System.Text.Encoding.Extensions.dll
Dependency assembly - System.Data.Common.dll
Dependency assembly - System.Net.WebSockets.Client.dll
Dependency assembly - System.Net.NetworkInformation.dll
Dependency assembly - I18N.Rare.dll
Dependency assembly - System.Net.ServicePoint.dll
Dependency assembly - Unity.Multiplayer.Tools.Adapters.Ngo1WithUtp2.dll

Unloading 52 Unused Serialized files (Serialized files now loaded: 0)
Unloading 297 unused Assets / (1.4 MB). Loaded Objects now: 7252.
Memory consumption went from 177.8 MB to 176.4 MB.
Total: 7.409700 ms (FindLiveObjects: 0.202000 ms CreateObjectMapping: 0.142500 ms MarkObjects: 6.188200 ms  DeleteObjects: 0.876500 ms)

Unloading 0 Unused Serialized files (Serialized files now loaded: 0)
Unloading 0 unused Assets / (Unknown). Loaded Objects now: 7252.
Memory consumption went from 176.3 MB to 176.3 MB.
Total: 6.048400 ms (FindLiveObjects: 0.326200 ms CreateObjectMapping: 0.189500 ms MarkObjects: 5.522800 ms  DeleteObjects: 0.009200 ms)

Unloading 1 Unused Serialized files (Serialized files now loaded: 0)
Unloading 163 unused Assets / (138.9 MB). Loaded Objects now: 7252.
Memory consumption went from 310.0 MB to 171.1 MB.
Total: 16.392100 ms (FindLiveObjects: 0.577400 ms CreateObjectMapping: 0.253200 ms MarkObjects: 6.586200 ms  DeleteObjects: 8.974500 ms)

Compiling shader "BizarreChess/Forcefield" pass "Forcefield" (vp)
    Full variant space:         1
    After settings filtering:   1
    After built-in stripping:   1
    After scriptable stripping: 1
    Processed in 0.00 seconds
    starting compilation...
    finished in 0.00 seconds. Local cache hits 0 (0.00s CPU time), remote cache hits 0 (0.00s CPU time), compiled 1 variants (0.00s CPU time), skipped 0 variants
    Prepared data for serialisation in 0.00s
Compiling shader "BizarreChess/Forcefield" pass "" (vp)
    Full variant space:         1
    After settings filtering:   1
    After built-in stripping:   1
    After scriptable stripping: 1
    Processed in 0.00 seconds
    starting compilation...
    finished in 0.08 seconds. Local cache hits 0 (0.00s CPU time), remote cache hits 0 (0.00s CPU time), compiled 1 variants (0.08s CPU time), skipped 0 variants
    Prepared data for serialisation in 0.00s
Serialized binary data for shader BizarreChess/Forcefield in 0.00s
    gles3 (total internal programs: 1, unique: 1)
Shader error in 'BizarreChess/Forcefield': Couldn't open include file 'Packages/com.unity.render-pipelines.universal/ShaderLibrary/Core.hlsl'. at Assets/Shaders/ForcefieldShader.shader(31)

Compiling Subshader: 0, Pass: Forcefield, Vertex program with <no keywords>
Platform defines: SHADER_API_DESKTOP UNITY_ENABLE_DETAIL_NORMALMAP UNITY_ENABLE_REFLECTION_BUFFERS UNITY_LIGHTMAP_FULL_HDR UNITY_LIGHT_PROBE_PROXY_VOLUME UNITY_PBS_USE_BRDF1 UNITY_PLATFORM_SUPPORTS_DEPTH_FETCH UNITY_SPECCUBE_BLENDING UNITY_SPECCUBE_BOX_PROJECTION UNITY_USE_DITHER_MASK_FOR_ALPHABLENDED_SHADOWS
Disabled keywords: SHADER_API_GLES30 UNITY_ASTC_NORMALMAP_ENCODING UNITY_COLORSPACE_GAMMA UNITY_FRAMEBUFFER_FETCH_AVAILABLE UNITY_HARDWARE_TIER1 UNITY_HARDWARE_TIER2 UNITY_HARDWARE_TIER3 UNITY_LIGHTMAP_DLDR_ENCODING UNITY_LIGHTMAP_RGBM_ENCODING UNITY_METAL_SHADOWS_USE_POINT_FILTERING UNITY_NO_DXT5nm UNITY_NO_SCREENSPACE_SHADOWS UNITY_PBS_USE_BRDF2 UNITY_PBS_USE_BRDF3 UNITY_PRETRANSFORM_TO_DISPLAY_ORIENTATION UNITY_UNIFIED_SHADER_PRECISION_MODEL UNITY_VIRTUAL_TEXTURING
Script attached to 'Bloom' in asset 'Assets/Settings/SampleSceneProfile.asset' is missing or no valid script is attached.
UnityEngine.Debug:ExtractStackTraceNoAlloc (byte*,int,string)
UnityEngine.StackTraceUtility:ExtractStackTrace ()
UnityEditor.BuildPipeline:BuildPlayerInternalNoCheck (string[],string,string,UnityEditor.BuildTargetGroup,UnityEditor.BuildTarget,int,UnityEditor.BuildOptions,string[],bool)
UnityEditor.BuildPipeline:BuildPlayerInternal (string[],string,string,UnityEditor.BuildTargetGroup,UnityEditor.BuildTarget,int,UnityEditor.BuildOptions,string[])
UnityEditor.BuildPipeline:BuildPlayer (string[],string,string,UnityEditor.BuildTargetGroup,UnityEditor.BuildTarget,int,UnityEditor.BuildOptions,string[])
UnityEditor.BuildPipeline:BuildPlayer (UnityEditor.BuildPlayerOptions)
BizarreChess.Editor.WebGLBuilder:Build () (at Assets/Scripts/Editor/WebGLBuilder.cs:50)

[Assets/Scripts/Editor/WebGLBuilder.cs line 50]

Script attached to 'Vignette' in asset 'Assets/Settings/SampleSceneProfile.asset' is missing or no valid script is attached.
UnityEngine.Debug:ExtractStackTraceNoAlloc (byte*,int,string)
UnityEngine.StackTraceUtility:ExtractStackTrace ()
UnityEditor.BuildPipeline:BuildPlayerInternalNoCheck (string[],string,string,UnityEditor.BuildTargetGroup,UnityEditor.BuildTarget,int,UnityEditor.BuildOptions,string[],bool)
UnityEditor.BuildPipeline:BuildPlayerInternal (string[],string,string,UnityEditor.BuildTargetGroup,UnityEditor.BuildTarget,int,UnityEditor.BuildOptions,string[])
UnityEditor.BuildPipeline:BuildPlayer (string[],string,string,UnityEditor.BuildTargetGroup,UnityEditor.BuildTarget,int,UnityEditor.BuildOptions,string[])
UnityEditor.BuildPipeline:BuildPlayer (UnityEditor.BuildPlayerOptions)
BizarreChess.Editor.WebGLBuilder:Build () (at Assets/Scripts/Editor/WebGLBuilder.cs:50)

[Assets/Scripts/Editor/WebGLBuilder.cs line 50]

Script attached to 'PC_RPAsset' in asset 'Assets/Settings/PC_RPAsset.asset' is missing or no valid script is attached.
UnityEngine.Debug:ExtractStackTraceNoAlloc (byte*,int,string)
UnityEngine.StackTraceUtility:ExtractStackTrace ()
UnityEditor.BuildPipeline:BuildPlayerInternalNoCheck (string[],string,string,UnityEditor.BuildTargetGroup,UnityEditor.BuildTarget,int,UnityEditor.BuildOptions,string[],bool)
UnityEditor.BuildPipeline:BuildPlayerInternal (string[],string,string,UnityEditor.BuildTargetGroup,UnityEditor.BuildTarget,int,UnityEditor.BuildOptions,string[])
UnityEditor.BuildPipeline:BuildPlayer (string[],string,string,UnityEditor.BuildTargetGroup,UnityEditor.BuildTarget,int,UnityEditor.BuildOptions,string[])
UnityEditor.BuildPipeline:BuildPlayer (UnityEditor.BuildPlayerOptions)
BizarreChess.Editor.WebGLBuilder:Build () (at Assets/Scripts/Editor/WebGLBuilder.cs:50)

[Assets/Scripts/Editor/WebGLBuilder.cs line 50]

Script attached to 'PC_Renderer' in asset 'Assets/Settings/PC_Renderer.asset' is missing or no valid script is attached.
UnityEngine.Debug:ExtractStackTraceNoAlloc (byte*,int,string)
UnityEngine.StackTraceUtility:ExtractStackTrace ()
UnityEditor.BuildPipeline:BuildPlayerInternalNoCheck (string[],string,string,UnityEditor.BuildTargetGroup,UnityEditor.BuildTarget,int,UnityEditor.BuildOptions,string[],bool)
UnityEditor.BuildPipeline:BuildPlayerInternal (string[],string,string,UnityEditor.BuildTargetGroup,UnityEditor.BuildTarget,int,UnityEditor.BuildOptions,string[])
UnityEditor.BuildPipeline:BuildPlayer (string[],string,string,UnityEditor.BuildTargetGroup,UnityEditor.BuildTarget,int,UnityEditor.BuildOptions,string[])
UnityEditor.BuildPipeline:BuildPlayer (UnityEditor.BuildPlayerOptions)
BizarreChess.Editor.WebGLBuilder:Build () (at Assets/Scripts/Editor/WebGLBuilder.cs:50)

[Assets/Scripts/Editor/WebGLBuilder.cs line 50]

Script attached to 'SampleSceneProfile' in asset 'Assets/Settings/SampleSceneProfile.asset' is missing or no valid script is attached.
UnityEngine.Debug:ExtractStackTraceNoAlloc (byte*,int,string)
UnityEngine.StackTraceUtility:ExtractStackTrace ()
UnityEditor.BuildPipeline:BuildPlayerInternalNoCheck (string[],string,string,UnityEditor.BuildTargetGroup,UnityEditor.BuildTarget,int,UnityEditor.BuildOptions,string[],bool)
UnityEditor.BuildPipeline:BuildPlayerInternal (string[],string,string,UnityEditor.BuildTargetGroup,UnityEditor.BuildTarget,int,UnityEditor.BuildOptions,string[])
UnityEditor.BuildPipeline:BuildPlayer (string[],string,string,UnityEditor.BuildTargetGroup,UnityEditor.BuildTarget,int,UnityEditor.BuildOptions,string[])
UnityEditor.BuildPipeline:BuildPlayer (UnityEditor.BuildPlayerOptions)
BizarreChess.Editor.WebGLBuilder:Build () (at Assets/Scripts/Editor/WebGLBuilder.cs:50)

[Assets/Scripts/Editor/WebGLBuilder.cs line 50]

Script attached to 'Tonemapping' in asset 'Assets/Settings/SampleSceneProfile.asset' is missing or no valid script is attached.
UnityEngine.Debug:ExtractStackTraceNoAlloc (byte*,int,string)
UnityEngine.StackTraceUtility:ExtractStackTrace ()
UnityEditor.BuildPipeline:BuildPlayerInternalNoCheck (string[],string,string,UnityEditor.BuildTargetGroup,UnityEditor.BuildTarget,int,UnityEditor.BuildOptions,string[],bool)
UnityEditor.BuildPipeline:BuildPlayerInternal (string[],string,string,UnityEditor.BuildTargetGroup,UnityEditor.BuildTarget,int,UnityEditor.BuildOptions,string[])
UnityEditor.BuildPipeline:BuildPlayer (string[],string,string,UnityEditor.BuildTargetGroup,UnityEditor.BuildTarget,int,UnityEditor.BuildOptions,string[])
UnityEditor.BuildPipeline:BuildPlayer (UnityEditor.BuildPlayerOptions)
BizarreChess.Editor.WebGLBuilder:Build () (at Assets/Scripts/Editor/WebGLBuilder.cs:50)

[Assets/Scripts/Editor/WebGLBuilder.cs line 50]

Script attached to 'MotionBlur' in asset 'Assets/Settings/SampleSceneProfile.asset' is missing or no valid script is attached.
UnityEngine.Debug:ExtractStackTraceNoAlloc (byte*,int,string)
UnityEngine.StackTraceUtility:ExtractStackTrace ()
UnityEditor.BuildPipeline:BuildPlayerInternalNoCheck (string[],string,string,UnityEditor.BuildTargetGroup,UnityEditor.BuildTarget,int,UnityEditor.BuildOptions,string[],bool)
UnityEditor.BuildPipeline:BuildPlayerInternal (string[],string,string,UnityEditor.BuildTargetGroup,UnityEditor.BuildTarget,int,UnityEditor.BuildOptions,string[])
UnityEditor.BuildPipeline:BuildPlayer (string[],string,string,UnityEditor.BuildTargetGroup,UnityEditor.BuildTarget,int,UnityEditor.BuildOptions,string[])
UnityEditor.BuildPipeline:BuildPlayer (UnityEditor.BuildPlayerOptions)
BizarreChess.Editor.WebGLBuilder:Build () (at Assets/Scripts/Editor/WebGLBuilder.cs:50)

[Assets/Scripts/Editor/WebGLBuilder.cs line 50]

Script attached to 'ScreenSpaceAmbientOcclusion' in asset 'Assets/Settings/PC_Renderer.asset' is missing or no valid script is attached.
UnityEngine.Debug:ExtractStackTraceNoAlloc (byte*,int,string)
UnityEngine.StackTraceUtility:ExtractStackTrace ()
UnityEditor.BuildPipeline:BuildPlayerInternalNoCheck (string[],string,string,UnityEditor.BuildTargetGroup,UnityEditor.BuildTarget,int,UnityEditor.BuildOptions,string[],bool)
UnityEditor.BuildPipeline:BuildPlayerInternal (string[],string,string,UnityEditor.BuildTargetGroup,UnityEditor.BuildTarget,int,UnityEditor.BuildOptions,string[])
UnityEditor.BuildPipeline:BuildPlayer (string[],string,string,UnityEditor.BuildTargetGroup,UnityEditor.BuildTarget,int,UnityEditor.BuildOptions,string[])
UnityEditor.BuildPipeline:BuildPlayer (UnityEditor.BuildPlayerOptions)
BizarreChess.Editor.WebGLBuilder:Build () (at Assets/Scripts/Editor/WebGLBuilder.cs:50)

[Assets/Scripts/Editor/WebGLBuilder.cs line 50]

Compiling shader "Hidden/TextCore/Sprite" pass "" (vp)
    Full variant space:         1
    After settings filtering:   1
    After built-in stripping:   1
    After scriptable stripping: 1
    Processed in 0.00 seconds
    starting compilation...
    finished in 0.02 seconds. Local cache hits 0 (0.00s CPU time), remote cache hits 0 (0.00s CPU time), compiled 1 variants (0.02s CPU time), skipped 0 variants
    Prepared data for serialisation in 0.00s
Serialized binary data for shader Hidden/TextCore/Sprite in 0.00s
    gles3 (total internal programs: 1, unique: 1)
Compiling shader "glTF/PbrMetallicRoughness" pass "FORWARD" (vp)
    Full variant space:         1328
    After settings filtering:   1328
    After built-in stripping:   16
    After scriptable stripping: 16
    Processed in 0.00 seconds
    starting compilation...
Launched and connected shader compiler UnityShaderCompiler.exe after 0.01 seconds
Launched and connected shader compiler UnityShaderCompiler.exe after 0.01 seconds
Launched and connected shader compiler UnityShaderCompiler.exe after 0.01 seconds
Launched and connected shader compiler UnityShaderCompiler.exe after 0.01 seconds
Launched and connected shader compiler UnityShaderCompiler.exe after 0.01 seconds
Launched and connected shader compiler UnityShaderCompiler.exe after 0.01 seconds
Launched and connected shader compiler UnityShaderCompiler.exe after 0.01 seconds
Launched and connected shader compiler UnityShaderCompiler.exe after 0.01 seconds
Launched and connected shader compiler UnityShaderCompiler.exe after 0.01 seconds
Launched and connected shader compiler UnityShaderCompiler.exe after 0.01 seconds
Launched and connected shader compiler UnityShaderCompiler.exe after 0.01 seconds
Launched and connected shader compiler UnityShaderCompiler.exe after 0.01 seconds
Launched and connected shader compiler UnityShaderCompiler.exe after 0.01 seconds
Launched and connected shader compiler UnityShaderCompiler.exe after 0.01 seconds
Launched and connected shader compiler UnityShaderCompiler.exe after 0.01 seconds
    finished in 0.37 seconds. Local cache hits 0 (0.00s CPU time), remote cache hits 0 (0.00s CPU time), compiled 16 variants (3.70s CPU time), skipped 0 variants
    Prepared data for serialisation in 0.00s
Compiling shader "glTF/PbrMetallicRoughness" pass "FORWARD_DELTA" (vp)
    Full variant space:         376
    After settings filtering:   376
    After built-in stripping:   26
    After scriptable stripping: 26
    Processed in 0.00 seconds
    starting compilation...
Launched and connected shader compiler UnityShaderCompiler.exe after 0.02 seconds
Launched and connected shader compiler UnityShaderCompiler.exe after 0.02 seconds
Launched and connected shader compiler UnityShaderCompiler.exe after 0.02 seconds
Launched and connected shader compiler UnityShaderCompiler.exe after 0.01 seconds
    finished in 0.27 seconds. Local cache hits 0 (0.00s CPU time), remote cache hits 0 (0.00s CPU time), compiled 26 variants (3.34s CPU time), skipped 0 variants
    Prepared data for serialisation in 0.00s
Compiling shader "glTF/PbrMetallicRoughness" pass "ShadowCaster" (vp)
    Full variant space:         4
    After settings filtering:   4
    After built-in stripping:   2
    After scriptable stripping: 2
    Processed in 0.00 seconds
    starting compilation...
    finished in 0.02 seconds. Local cache hits 0 (0.00s CPU time), remote cache hits 0 (0.00s CPU time), compiled 2 variants (0.04s CPU time), skipped 0 variants
    Prepared data for serialisation in 0.00s
Compiling shader "glTF/PbrMetallicRoughness" pass "DEFERRED" (vp)
    Full variant space:         152
    After settings filtering:   152
    After built-in stripping:   8
    After scriptable stripping: 8
    Processed in 0.00 seconds
    starting compilation...
    finished in 0.07 seconds. Local cache hits 0 (0.00s CPU time), remote cache hits 0 (0.00s CPU time), compiled 8 variants (0.45s CPU time), skipped 0 variants
    Prepared data for serialisation in 0.00s
Compiling shader "glTF/PbrMetallicRoughness" pass "FORWARD" (vp)
    Full variant space:         416
    After settings filtering:   416
    After built-in stripping:   16
    After scriptable stripping: 16
    Processed in 0.00 seconds
    starting compilation...
    finished in 0.14 seconds. Local cache hits 0 (0.00s CPU time), remote cache hits 0 (0.00s CPU time), compiled 16 variants (1.73s CPU time), skipped 0 variants
    Prepared data for serialisation in 0.00s
Compiling shader "glTF/PbrMetallicRoughness" pass "FORWARD_DELTA" (vp)
    Full variant space:         280
    After settings filtering:   280
    After built-in stripping:   20
    After scriptable stripping: 20
    Processed in 0.00 seconds
    starting compilation...
    finished in 0.14 seconds. Local cache hits 0 (0.00s CPU time), remote cache hits 0 (0.00s CPU time), compiled 20 variants (2.15s CPU time), skipped 0 variants
    Prepared data for serialisation in 0.00s
Compiling shader "glTF/PbrMetallicRoughness" pass "ShadowCaster" (vp)
    Full variant space:         2
    After settings filtering:   2
    After built-in stripping:   2
    After scriptable stripping: 2
    Processed in 0.00 seconds
    starting compilation...
    finished in 0.02 seconds. Local cache hits 0 (0.00s CPU time), remote cache hits 0 (0.00s CPU time), compiled 2 variants (0.04s CPU time), skipped 0 variants
    Prepared data for serialisation in 0.00s
Serialized binary data for shader glTF/PbrMetallicRoughness in 0.00s
    gles3 (total internal programs: 90, unique: 76)
Compiling shader "TextMeshPro/Sprite" pass "Default" (vp)
    Full variant space:         4
    After settings filtering:   4
    After built-in stripping:   4
    After scriptable stripping: 4
    Processed in 0.00 seconds
    starting compilation...
    finished in 0.03 seconds. Local cache hits 0 (0.00s CPU time), remote cache hits 0 (0.00s CPU time), compiled 4 variants (0.12s CPU time), skipped 0 variants
    Prepared data for serialisation in 0.00s
Serialized binary data for shader TextMeshPro/Sprite in 0.00s
    gles3 (total internal programs: 4, unique: 4)
Compiling shader "TextMeshPro/Mobile/Distance Field" pass "" (vp)
    Full variant space:         12
    After settings filtering:   12
    After built-in stripping:   12
    After scriptable stripping: 12
    Processed in 0.00 seconds
    starting compilation...
    finished in 0.07 seconds. Local cache hits 0 (0.00s CPU time), remote cache hits 0 (0.00s CPU time), compiled 12 variants (0.75s CPU time), skipped 0 variants
    Prepared data for serialisation in 0.00s
Serialized binary data for shader TextMeshPro/Mobile/Distance Field in 0.00s
    gles3 (total internal programs: 12, unique: 12)
Compiling shader "Skybox/Procedural" pass "" (vp)
    Full variant space:         3
    After settings filtering:   3
    After built-in stripping:   3
    After scriptable stripping: 3
    Processed in 0.00 seconds
    starting compilation...
    finished in 0.06 seconds. Local cache hits 0 (0.00s CPU time), remote cache hits 0 (0.00s CPU time), compiled 3 variants (0.16s CPU time), skipped 0 variants
    Prepared data for serialisation in 0.00s
Serialized binary data for shader Skybox/Procedural in 0.00s
    gles3 (total internal programs: 3, unique: 3)
Compiling shader "Legacy Shaders/VertexLit" pass "" (vp)
    Full variant space:         12
    After settings filtering:   12
    After built-in stripping:   3
    After scriptable stripping: 3
    Processed in 0.00 seconds
    starting compilation...
    finished in 0.04 seconds. Local cache hits 0 (0.00s CPU time), remote cache hits 0 (0.00s CPU time), compiled 3 variants (0.10s CPU time), skipped 0 variants
    Prepared data for serialisation in 0.00s
Compiling shader "Legacy Shaders/VertexLit" pass "" (vp)
    Full variant space:         4
    After settings filtering:   4
    After built-in stripping:   1
    After scriptable stripping: 1
    Processed in 0.00 seconds
    starting compilation...
    finished in 0.02 seconds. Local cache hits 0 (0.00s CPU time), remote cache hits 0 (0.00s CPU time), compiled 1 variants (0.02s CPU time), skipped 0 variants
    Prepared data for serialisation in 0.00s
Compiling shader "Legacy Shaders/VertexLit" pass "ShadowCaster" (vp)
    Full variant space:         4
    After settings filtering:   4
    After built-in stripping:   2
    After scriptable stripping: 2
    Processed in 0.00 seconds
    starting compilation...
    finished in 0.02 seconds. Local cache hits 0 (0.00s CPU time), remote cache hits 0 (0.00s CPU time), compiled 2 variants (0.04s CPU time), skipped 0 variants
    Prepared data for serialisation in 0.00s
Serialized binary data for shader Legacy Shaders/VertexLit in 0.00s
    gles3 (total internal programs: 6, unique: 6)
Compiling shader "Legacy Shaders/Diffuse" pass "FORWARD" (vp)
    Full variant space:         664
    After settings filtering:   664
    After built-in stripping:   8
    After scriptable stripping: 8
    Processed in 0.00 seconds
    starting compilation...
    finished in 0.06 seconds. Local cache hits 0 (0.00s CPU time), remote cache hits 0 (0.00s CPU time), compiled 8 variants (0.40s CPU time), skipped 0 variants
    Prepared data for serialisation in 0.00s
Compiling shader "Legacy Shaders/Diffuse" pass "FORWARD" (vp)
    Full variant space:         20
    After settings filtering:   20
    After built-in stripping:   5
    After scriptable stripping: 5
    Processed in 0.00 seconds
    starting compilation...
    finished in 0.04 seconds. Local cache hits 0 (0.00s CPU time), remote cache hits 0 (0.00s CPU time), compiled 5 variants (0.18s CPU time), skipped 0 variants
    Prepared data for serialisation in 0.00s
Compiling shader "Legacy Shaders/Diffuse" pass "DEFERRED" (vp)
    Full variant space:         76
    After settings filtering:   76
    After built-in stripping:   4
    After scriptable stripping: 4
    Processed in 0.00 seconds
    starting compilation...
    finished in 0.03 seconds. Local cache hits 0 (0.00s CPU time), remote cache hits 0 (0.00s CPU time), compiled 4 variants (0.13s CPU time), skipped 0 variants
    Prepared data for serialisation in 0.00s
Serialized binary data for shader Legacy Shaders/Diffuse in 0.00s
    gles3 (total internal programs: 17, unique: 17)
Compiling shader "Hidden/Internal-StencilWrite" pass "" (vp)
    Full variant space:         1
    After settings filtering:   1
    After built-in stripping:   1
    After scriptable stripping: 1
    Processed in 0.00 seconds
    starting compilation...
    finished in 0.01 seconds. Local cache hits 0 (0.00s CPU time), remote cache hits 0 (0.00s CPU time), compiled 1 variants (0.01s CPU time), skipped 0 variants
    Prepared data for serialisation in 0.00s
Serialized binary data for shader Hidden/Internal-StencilWrite in 0.00s
    gles3 (total internal programs: 1, unique: 1)
Compiling shader "Legacy Shaders/Transparent/Diffuse" pass "FORWARD" (vp)
    Full variant space:         152
    After settings filtering:   152
    After built-in stripping:   3
    After scriptable stripping: 3
    Processed in 0.00 seconds
    starting compilation...
    finished in 0.04 seconds. Local cache hits 0 (0.00s CPU time), remote cache hits 0 (0.00s CPU time), compiled 3 variants (0.11s CPU time), skipped 0 variants
    Prepared data for serialisation in 0.00s
Compiling shader "Legacy Shaders/Transparent/Diffuse" pass "FORWARD" (vp)
    Full variant space:         20
    After settings filtering:   20
    After built-in stripping:   5
    After scriptable stripping: 5
    Processed in 0.00 seconds
    starting compilation...
    finished in 0.04 seconds. Local cache hits 0 (0.00s CPU time), remote cache hits 0 (0.00s CPU time), compiled 5 variants (0.19s CPU time), skipped 0 variants
    Prepared data for serialisation in 0.00s
Serialized binary data for shader Legacy Shaders/Transparent/Diffuse in 0.00s
    gles3 (total internal programs: 8, unique: 7)
Compiling shader "Legacy Shaders/Transparent/VertexLit" pass "" (vp)
    Full variant space:         12
    After settings filtering:   12
    After built-in stripping:   3
    After scriptable stripping: 3
    Processed in 0.00 seconds
    starting compilation...
    finished in 0.04 seconds. Local cache hits 0 (0.00s CPU time), remote cache hits 0 (0.00s CPU time), compiled 3 variants (0.11s CPU time), skipped 0 variants
    Prepared data for serialisation in 0.00s
Compiling shader "Legacy Shaders/Transparent/VertexLit" pass "" (vp)
    Full variant space:         4
    After settings filtering:   4
    After built-in stripping:   1
    After scriptable stripping: 1
    Processed in 0.00 seconds
    starting compilation...
    finished in 0.02 seconds. Local cache hits 0 (0.00s CPU time), remote cache hits 0 (0.00s CPU time), compiled 1 variants (0.02s CPU time), skipped 0 variants
    Prepared data for serialisation in 0.00s
Serialized binary data for shader Legacy Shaders/Transparent/VertexLit in 0.00s
    gles3 (total internal programs: 4, unique: 4)
Compiling shader "Hidden/Internal-DepthNormalsTexture" pass "" (vp)
    Full variant space:         1
    After settings filtering:   1
    After built-in stripping:   1
    After scriptable stripping: 1
    Processed in 0.00 seconds
    starting compilation...
    finished in 0.02 seconds. Local cache hits 0 (0.00s CPU time), remote cache hits 0 (0.00s CPU time), compiled 1 variants (0.02s CPU time), skipped 0 variants
    Prepared data for serialisation in 0.00s
Compiling shader "Hidden/Internal-DepthNormalsTexture" pass "" (vp)
    Full variant space:         1
    After settings filtering:   1
    After built-in stripping:   1
    After scriptable stripping: 1
    Processed in 0.00 seconds
    starting compilation...
    finished in 0.02 seconds. Local cache hits 0 (0.00s CPU time), remote cache hits 0 (0.00s CPU time), compiled 1 variants (0.02s CPU time), skipped 0 variants
    Prepared data for serialisation in 0.00s
Compiling shader "Hidden/Internal-DepthNormalsTexture" pass "" (vp)
    Full variant space:         1
    After settings filtering:   1
    After built-in stripping:   1
    After scriptable stripping: 1
    Processed in 0.00 seconds
    starting compilation...
    finished in 0.04 seconds. Local cache hits 0 (0.00s CPU time), remote cache hits 0 (0.00s CPU time), compiled 1 variants (0.04s CPU time), skipped 0 variants
    Prepared data for serialisation in 0.00s
Compiling shader "Hidden/Internal-DepthNormalsTexture" pass "" (vp)
    Full variant space:         1
    After settings filtering:   1
    After built-in stripping:   1
    After scriptable stripping: 1
    Processed in 0.00 seconds
    starting compilation...
    finished in 0.05 seconds. Local cache hits 0 (0.00s CPU time), remote cache hits 0 (0.00s CPU time), compiled 1 variants (0.05s CPU time), skipped 0 variants
    Prepared data for serialisation in 0.00s
Compiling shader "Hidden/Internal-DepthNormalsTexture" pass "" (vp)
    Full variant space:         1
    After settings filtering:   1
    After built-in stripping:   1
    After scriptable stripping: 1
    Processed in 0.00 seconds
    starting compilation...
    finished in 0.02 seconds. Local cache hits 0 (0.00s CPU time), remote cache hits 0 (0.00s CPU time), compiled 1 variants (0.02s CPU time), skipped 0 variants
    Prepared data for serialisation in 0.00s
Compiling shader "Hidden/Internal-DepthNormalsTexture" pass "" (vp)
    Full variant space:         1
    After settings filtering:   1
    After built-in stripping:   1
    After scriptable stripping: 1
    Processed in 0.00 seconds
    starting compilation...
    finished in 0.03 seconds. Local cache hits 0 (0.00s CPU time), remote cache hits 0 (0.00s CPU time), compiled 1 variants (0.03s CPU time), skipped 0 variants
    Prepared data for serialisation in 0.00s
Compiling shader "Hidden/Internal-DepthNormalsTexture" pass "" (vp)
    Full variant space:         1
    After settings filtering:   1
    After built-in stripping:   1
    After scriptable stripping: 1
    Processed in 0.00 seconds
    starting compilation...
    finished in 0.03 seconds. Local cache hits 0 (0.00s CPU time), remote cache hits 0 (0.00s CPU time), compiled 1 variants (0.03s CPU time), skipped 0 variants
    Prepared data for serialisation in 0.00s
Compiling shader "Hidden/Internal-DepthNormalsTexture" pass "" (vp)
    Full variant space:         1
    After settings filtering:   1
    After built-in stripping:   1
    After scriptable stripping: 1
    Processed in 0.00 seconds
    starting compilation...
    finished in 0.02 seconds. Local cache hits 0 (0.00s CPU time), remote cache hits 0 (0.00s CPU time), compiled 1 variants (0.02s CPU time), skipped 0 variants
    Prepared data for serialisation in 0.00s
Compiling shader "Hidden/Internal-DepthNormalsTexture" pass "" (vp)
    Full variant space:         1
    After settings filtering:   1
    After built-in stripping:   1
    After scriptable stripping: 1
    Processed in 0.00 seconds
    starting compilation...
    finished in 0.04 seconds. Local cache hits 0 (0.00s CPU time), remote cache hits 0 (0.00s CPU time), compiled 1 variants (0.04s CPU time), skipped 0 variants
    Prepared data for serialisation in 0.00s
Compiling shader "Hidden/Internal-DepthNormalsTexture" pass "" (vp)
    Full variant space:         1
    After settings filtering:   1
    After built-in stripping:   1
    After scriptable stripping: 1
    Processed in 0.00 seconds
    starting compilation...
    finished in 0.04 seconds. Local cache hits 0 (0.00s CPU time), remote cache hits 0 (0.00s CPU time), compiled 1 variants (0.04s CPU time), skipped 0 variants
    Prepared data for serialisation in 0.00s
Serialized binary data for shader Hidden/Internal-DepthNormalsTexture in 0.00s
    gles3 (total internal programs: 10, unique: 10)
Compiling shader "Hidden/Internal-ScreenSpaceShadows" pass "" (vp)
    Full variant space:         4
    After settings filtering:   4
    After built-in stripping:   4
    After scriptable stripping: 4
    Processed in 0.00 seconds
    starting compilation...
    finished in 0.04 seconds. Local cache hits 0 (0.00s CPU time), remote cache hits 0 (0.00s CPU time), compiled 4 variants (0.14s CPU time), skipped 0 variants
    Prepared data for serialisation in 0.00s
Compiling shader "Hidden/Internal-ScreenSpaceShadows" pass "" (vp)
    Full variant space:         4
    After settings filtering:   4
    After built-in stripping:   4
    After scriptable stripping: 4
    Processed in 0.00 seconds
    starting compilation...
    finished in 0.04 seconds. Local cache hits 0 (0.00s CPU time), remote cache hits 0 (0.00s CPU time), compiled 4 variants (0.14s CPU time), skipped 0 variants
    Prepared data for serialisation in 0.00s
Compiling shader "Hidden/Internal-ScreenSpaceShadows" pass "" (vp)
    Full variant space:         4
    After settings filtering:   4
    After built-in stripping:   4
    After scriptable stripping: 4
    Processed in 0.00 seconds
    starting compilation...
    finished in 0.06 seconds. Local cache hits 0 (0.00s CPU time), remote cache hits 0 (0.00s CPU time), compiled 4 variants (0.22s CPU time), skipped 0 variants
    Prepared data for serialisation in 0.00s
Compiling shader "Hidden/Internal-ScreenSpaceShadows" pass "" (vp)
    Full variant space:         4
    After settings filtering:   4
    After built-in stripping:   4
    After scriptable stripping: 4
    Processed in 0.00 seconds
    starting compilation...
    finished in 0.06 seconds. Local cache hits 0 (0.00s CPU time), remote cache hits 0 (0.00s CPU time), compiled 4 variants (0.22s CPU time), skipped 0 variants
    Prepared data for serialisation in 0.00s
Serialized binary data for shader Hidden/Internal-ScreenSpaceShadows in 0.00s
    gles3 (total internal programs: 16, unique: 16)
Compiling shader "Hidden/Internal-CombineDepthNormals" pass "" (vp)
    Full variant space:         1
    After settings filtering:   1
    After built-in stripping:   1
    After scriptable stripping: 1
    Processed in 0.00 seconds
    starting compilation...
    finished in 0.02 seconds. Local cache hits 0 (0.00s CPU time), remote cache hits 0 (0.00s CPU time), compiled 1 variants (0.02s CPU time), skipped 0 variants
    Prepared data for serialisation in 0.00s
Serialized binary data for shader Hidden/Internal-CombineDepthNormals in 0.00s
    gles3 (total internal programs: 1, unique: 1)
Compiling shader "Hidden/BlitCopy" pass "" (vp)
    Full variant space:         1
    After settings filtering:   1
    After built-in stripping:   1
    After scriptable stripping: 1
    Processed in 0.00 seconds
    starting compilation...
    finished in 0.02 seconds. Local cache hits 0 (0.00s CPU time), remote cache hits 0 (0.00s CPU time), compiled 1 variants (0.02s CPU time), skipped 0 variants
    Prepared data for serialisation in 0.00s
Serialized binary data for shader Hidden/BlitCopy in 0.00s
    gles3 (total internal programs: 1, unique: 1)
Compiling shader "Hidden/BlitCopyDepth" pass "" (vp)
    Full variant space:         1
    After settings filtering:   1
    After built-in stripping:   1
    After scriptable stripping: 1
    Processed in 0.00 seconds
    starting compilation...
    finished in 0.01 seconds. Local cache hits 0 (0.00s CPU time), remote cache hits 0 (0.00s CPU time), compiled 1 variants (0.01s CPU time), skipped 0 variants
    Prepared data for serialisation in 0.00s
Serialized binary data for shader Hidden/BlitCopyDepth in 0.00s
    gles3 (total internal programs: 1, unique: 1)
Compiling shader "Hidden/ConvertTexture" pass "" (vp)
    Full variant space:         1
    After settings filtering:   1
    After built-in stripping:   1
    After scriptable stripping: 1
    Processed in 0.00 seconds
    starting compilation...
    finished in 0.02 seconds. Local cache hits 0 (0.00s CPU time), remote cache hits 0 (0.00s CPU time), compiled 1 variants (0.02s CPU time), skipped 0 variants
    Prepared data for serialisation in 0.00s
Serialized binary data for shader Hidden/ConvertTexture in 0.00s
    gles3 (total internal programs: 1, unique: 1)
Compiling shader "Hidden/Internal-DeferredShading" pass "" (vp)
    Full variant space:         94
    After settings filtering:   94
    After built-in stripping:   26
    After scriptable stripping: 26
    Processed in 0.00 seconds
    starting compilation...
    finished in 0.16 seconds. Local cache hits 0 (0.00s CPU time), remote cache hits 0 (0.00s CPU time), compiled 26 variants (2.38s CPU time), skipped 0 variants
    Prepared data for serialisation in 0.00s
Compiling shader "Hidden/Internal-DeferredShading" pass "" (vp)
    Full variant space:         1
    After settings filtering:   1
    After built-in stripping:   1
    After scriptable stripping: 1
    Processed in 0.00 seconds
    starting compilation...
    finished in 0.01 seconds. Local cache hits 0 (0.00s CPU time), remote cache hits 0 (0.00s CPU time), compiled 1 variants (0.01s CPU time), skipped 0 variants
    Prepared data for serialisation in 0.00s
Serialized binary data for shader Hidden/Internal-DeferredShading in 0.00s
    gles3 (total internal programs: 27, unique: 27)
Compiling shader "Hidden/Internal-DeferredReflections" pass "" (vp)
    Full variant space:         1
    After settings filtering:   1
    After built-in stripping:   1
    After scriptable stripping: 1
    Processed in 0.00 seconds
    starting compilation...
    finished in 0.05 seconds. Local cache hits 0 (0.00s CPU time), remote cache hits 0 (0.00s CPU time), compiled 1 variants (0.05s CPU time), skipped 0 variants
    Prepared data for serialisation in 0.00s
Compiling shader "Hidden/Internal-DeferredReflections" pass "" (vp)
    Full variant space:         2
    After settings filtering:   2
    After built-in stripping:   2
    After scriptable stripping: 2
    Processed in 0.00 seconds
    starting compilation...
    finished in 0.02 seconds. Local cache hits 0 (0.00s CPU time), remote cache hits 0 (0.00s CPU time), compiled 2 variants (0.04s CPU time), skipped 0 variants
    Prepared data for serialisation in 0.00s
Serialized binary data for shader Hidden/Internal-DeferredReflections in 0.00s
    gles3 (total internal programs: 3, unique: 3)
Compiling shader "Hidden/Internal-MotionVectors" pass "" (vp)
    Full variant space:         1
    After settings filtering:   1
    After built-in stripping:   1
    After scriptable stripping: 1
    Processed in 0.00 seconds
    starting compilation...
    finished in 0.02 seconds. Local cache hits 0 (0.00s CPU time), remote cache hits 0 (0.00s CPU time), compiled 1 variants (0.02s CPU time), skipped 0 variants
    Prepared data for serialisation in 0.00s
Compiling shader "Hidden/Internal-MotionVectors" pass "" (vp)
    Full variant space:         1
    After settings filtering:   1
    After built-in stripping:   1
    After scriptable stripping: 1
    Processed in 0.00 seconds
    starting compilation...
    finished in 0.02 seconds. Local cache hits 0 (0.00s CPU time), remote cache hits 0 (0.00s CPU time), compiled 1 variants (0.02s CPU time), skipped 0 variants
    Prepared data for serialisation in 0.00s
Compiling shader "Hidden/Internal-MotionVectors" pass "" (vp)
    Full variant space:         1
    After settings filtering:   1
    After built-in stripping:   1
    After scriptable stripping: 1
    Processed in 0.00 seconds
    starting compilation...
    finished in 0.02 seconds. Local cache hits 0 (0.00s CPU time), remote cache hits 0 (0.00s CPU time), compiled 1 variants (0.02s CPU time), skipped 0 variants
    Prepared data for serialisation in 0.00s
Serialized binary data for shader Hidden/Internal-MotionVectors in 0.00s
    gles3 (total internal programs: 3, unique: 3)
Compiling shader "Hidden/Internal-Flare" pass "" (vp)
    Full variant space:         1
    After settings filtering:   1
    After built-in stripping:   1
    After scriptable stripping: 1
    Processed in 0.00 seconds
    starting compilation...
    finished in 0.02 seconds. Local cache hits 0 (0.00s CPU time), remote cache hits 0 (0.00s CPU time), compiled 1 variants (0.02s CPU time), skipped 0 variants
    Prepared data for serialisation in 0.00s
Serialized binary data for shader Hidden/Internal-Flare in 0.00s
    gles3 (total internal programs: 1, unique: 1)
Compiling shader "Hidden/Internal-Halo" pass "" (vp)
    Full variant space:         4
    After settings filtering:   4
    After built-in stripping:   1
    After scriptable stripping: 1
    Processed in 0.00 seconds
    starting compilation...
    finished in 0.02 seconds. Local cache hits 0 (0.00s CPU time), remote cache hits 0 (0.00s CPU time), compiled 1 variants (0.02s CPU time), skipped 0 variants
    Prepared data for serialisation in 0.00s
Serialized binary data for shader Hidden/Internal-Halo in 0.00s
    gles3 (total internal programs: 1, unique: 1)
Compiling shader "Hidden/BlitCopyWithDepth" pass "" (vp)
    Full variant space:         1
    After settings filtering:   1
    After built-in stripping:   1
    After scriptable stripping: 1
    Processed in 0.00 seconds
    starting compilation...
    finished in 0.02 seconds. Local cache hits 0 (0.00s CPU time), remote cache hits 0 (0.00s CPU time), compiled 1 variants (0.02s CPU time), skipped 0 variants
    Prepared data for serialisation in 0.00s
Serialized binary data for shader Hidden/BlitCopyWithDepth in 0.00s
    gles3 (total internal programs: 1, unique: 1)
Compiling shader "Hidden/BlitToDepth" pass "" (vp)
    Full variant space:         1
    After settings filtering:   1
    After built-in stripping:   1
    After scriptable stripping: 1
    Processed in 0.00 seconds
    starting compilation...
    finished in 0.01 seconds. Local cache hits 0 (0.00s CPU time), remote cache hits 0 (0.00s CPU time), compiled 1 variants (0.01s CPU time), skipped 0 variants
    Prepared data for serialisation in 0.00s
Serialized binary data for shader Hidden/BlitToDepth in 0.00s
    gles3 (total internal programs: 1, unique: 1)
Compiling shader "Hidden/BlitToDepth_MSAA" pass "" (vp)
    Full variant space:         1
    After settings filtering:   1
    After built-in stripping:   1
    After scriptable stripping: 1
    Processed in 0.00 seconds
    starting compilation...
    finished in 0.01 seconds. Local cache hits 0 (0.00s CPU time), remote cache hits 0 (0.00s CPU time), compiled 1 variants (0.01s CPU time), skipped 0 variants
    Prepared data for serialisation in 0.00s
Serialized binary data for shader Hidden/BlitToDepth_MSAA in 0.00s
    gles3 (total internal programs: 1, unique: 1)
Compiling shader "Hidden/BlitCopyHDRTonemap" pass "" (vp)
    Full variant space:         1
    After settings filtering:   1
    After built-in stripping:   1
    After scriptable stripping: 1
    Processed in 0.00 seconds
    starting compilation...
    finished in 0.03 seconds. Local cache hits 0 (0.00s CPU time), remote cache hits 0 (0.00s CPU time), compiled 1 variants (0.03s CPU time), skipped 0 variants
    Prepared data for serialisation in 0.00s
Serialized binary data for shader Hidden/BlitCopyHDRTonemap in 0.00s
    gles3 (total internal programs: 1, unique: 1)
Compiling shader "Hidden/Internal-DebugPattern" pass "Target Color and DepthStencil" (vp)
    Full variant space:         1
    After settings filtering:   1
    After built-in stripping:   1
    After scriptable stripping: 1
    Processed in 0.00 seconds
    starting compilation...
    finished in 0.02 seconds. Local cache hits 0 (0.00s CPU time), remote cache hits 0 (0.00s CPU time), compiled 1 variants (0.02s CPU time), skipped 0 variants
    Prepared data for serialisation in 0.00s
Compiling shader "Hidden/Internal-DebugPattern" pass "Target only Color" (vp)
    Full variant space:         1
    After settings filtering:   1
    After built-in stripping:   1
    After scriptable stripping: 1
    Processed in 0.00 seconds
    starting compilation...
    finished in 0.01 seconds. Local cache hits 0 (0.00s CPU time), remote cache hits 0 (0.00s CPU time), compiled 1 variants (0.01s CPU time), skipped 0 variants
    Prepared data for serialisation in 0.00s
Compiling shader "Hidden/Internal-DebugPattern" pass "Target only DepthStencil" (vp)
    Full variant space:         1
    After settings filtering:   1
    After built-in stripping:   1
    After scriptable stripping: 1
    Processed in 0.00 seconds
    starting compilation...
    finished in 0.01 seconds. Local cache hits 0 (0.00s CPU time), remote cache hits 0 (0.00s CPU time), compiled 1 variants (0.01s CPU time), skipped 0 variants
    Prepared data for serialisation in 0.00s
Serialized binary data for shader Hidden/Internal-DebugPattern in 0.00s
    gles3 (total internal programs: 3, unique: 3)
Compiling shader "Hidden/Internal-GUITextureClip" pass "" (vp)
    Full variant space:         1
    After settings filtering:   1
    After built-in stripping:   1
    After scriptable stripping: 1
    Processed in 0.00 seconds
    starting compilation...
    finished in 0.02 seconds. Local cache hits 0 (0.00s CPU time), remote cache hits 0 (0.00s CPU time), compiled 1 variants (0.02s CPU time), skipped 0 variants
    Prepared data for serialisation in 0.00s
Compiling shader "Hidden/Internal-GUITextureClip" pass "" (vp)
    Full variant space:         1
    After settings filtering:   1
    After built-in stripping:   1
    After scriptable stripping: 1
    Processed in 0.00 seconds
    starting compilation...
    finished in 0.02 seconds. Local cache hits 0 (0.00s CPU time), remote cache hits 0 (0.00s CPU time), compiled 1 variants (0.02s CPU time), skipped 0 variants
    Prepared data for serialisation in 0.00s
Serialized binary data for shader Hidden/Internal-GUITextureClip in 0.00s
    gles3 (total internal programs: 2, unique: 1)
Compiling shader "Hidden/Internal-GUITextureClipText" pass "" (vp)
    Full variant space:         1
    After settings filtering:   1
    After built-in stripping:   1
    After scriptable stripping: 1
    Processed in 0.00 seconds
    starting compilation...
    finished in 0.02 seconds. Local cache hits 0 (0.00s CPU time), remote cache hits 0 (0.00s CPU time), compiled 1 variants (0.02s CPU time), skipped 0 variants
    Prepared data for serialisation in 0.00s
Compiling shader "Hidden/Internal-GUITextureClipText" pass "" (vp)
    Full variant space:         1
    After settings filtering:   1
    After built-in stripping:   1
    After scriptable stripping: 1
    Processed in 0.00 seconds
    starting compilation...
    finished in 0.02 seconds. Local cache hits 0 (0.00s CPU time), remote cache hits 0 (0.00s CPU time), compiled 1 variants (0.02s CPU time), skipped 0 variants
    Prepared data for serialisation in 0.00s
Serialized binary data for shader Hidden/Internal-GUITextureClipText in 0.00s
    gles3 (total internal programs: 2, unique: 1)
Compiling shader "Hidden/Internal-GUITexture" pass "" (vp)
    Full variant space:         1
    After settings filtering:   1
    After built-in stripping:   1
    After scriptable stripping: 1
    Processed in 0.00 seconds
    starting compilation...
    finished in 0.01 seconds. Local cache hits 0 (0.00s CPU time), remote cache hits 0 (0.00s CPU time), compiled 1 variants (0.01s CPU time), skipped 0 variants
    Prepared data for serialisation in 0.00s
Compiling shader "Hidden/Internal-GUITexture" pass "" (vp)
    Full variant space:         1
    After settings filtering:   1
    After built-in stripping:   1
    After scriptable stripping: 1
    Processed in 0.00 seconds
    starting compilation...
    finished in 0.02 seconds. Local cache hits 0 (0.00s CPU time), remote cache hits 0 (0.00s CPU time), compiled 1 variants (0.02s CPU time), skipped 0 variants
    Prepared data for serialisation in 0.00s
Serialized binary data for shader Hidden/Internal-GUITexture in 0.00s
    gles3 (total internal programs: 2, unique: 1)
Compiling shader "Hidden/Internal-GUITextureBlit" pass "" (vp)
    Full variant space:         1
    After settings filtering:   1
    After built-in stripping:   1
    After scriptable stripping: 1
    Processed in 0.00 seconds
    starting compilation...
    finished in 0.02 seconds. Local cache hits 0 (0.00s CPU time), remote cache hits 0 (0.00s CPU time), compiled 1 variants (0.02s CPU time), skipped 0 variants
    Prepared data for serialisation in 0.00s
Compiling shader "Hidden/Internal-GUITextureBlit" pass "" (vp)
    Full variant space:         1
    After settings filtering:   1
    After built-in stripping:   1
    After scriptable stripping: 1
    Processed in 0.00 seconds
    starting compilation...
    finished in 0.02 seconds. Local cache hits 0 (0.00s CPU time), remote cache hits 0 (0.00s CPU time), compiled 1 variants (0.02s CPU time), skipped 0 variants
    Prepared data for serialisation in 0.00s
Serialized binary data for shader Hidden/Internal-GUITextureBlit in 0.00s
    gles3 (total internal programs: 2, unique: 1)
Compiling shader "Hidden/Internal-GUIRoundedRect" pass "" (vp)
    Full variant space:         1
    After settings filtering:   1
    After built-in stripping:   1
    After scriptable stripping: 1
    Processed in 0.00 seconds
    starting compilation...
    finished in 0.03 seconds. Local cache hits 0 (0.00s CPU time), remote cache hits 0 (0.00s CPU time), compiled 1 variants (0.03s CPU time), skipped 0 variants
    Prepared data for serialisation in 0.00s
Compiling shader "Hidden/Internal-GUIRoundedRect" pass "" (vp)
    Full variant space:         1
    After settings filtering:   1
    After built-in stripping:   1
    After scriptable stripping: 1
    Processed in 0.00 seconds
    starting compilation...
    finished in 0.03 seconds. Local cache hits 0 (0.00s CPU time), remote cache hits 0 (0.00s CPU time), compiled 1 variants (0.03s CPU time), skipped 0 variants
    Prepared data for serialisation in 0.00s
Serialized binary data for shader Hidden/Internal-GUIRoundedRect in 0.00s
    gles3 (total internal programs: 2, unique: 1)
Compiling shader "Hidden/Internal-GUIRoundedRectWithColorPerBorder" pass "" (vp)
    Full variant space:         1
    After settings filtering:   1
    After built-in stripping:   1
    After scriptable stripping: 1
    Processed in 0.00 seconds
    starting compilation...
    finished in 0.04 seconds. Local cache hits 0 (0.00s CPU time), remote cache hits 0 (0.00s CPU time), compiled 1 variants (0.04s CPU time), skipped 0 variants
    Prepared data for serialisation in 0.00s
Compiling shader "Hidden/Internal-GUIRoundedRectWithColorPerBorder" pass "" (vp)
    Full variant space:         1
    After settings filtering:   1
    After built-in stripping:   1
    After scriptable stripping: 1
    Processed in 0.00 seconds
    starting compilation...
    finished in 0.04 seconds. Local cache hits 0 (0.00s CPU time), remote cache hits 0 (0.00s CPU time), compiled 1 variants (0.04s CPU time), skipped 0 variants
    Prepared data for serialisation in 0.00s
Serialized binary data for shader Hidden/Internal-GUIRoundedRectWithColorPerBorder in 0.00s
    gles3 (total internal programs: 2, unique: 1)
Compiling shader "Hidden/Internal-UIRDefault" pass "" (vp)
    Full variant space:         2
    After settings filtering:   2
    After built-in stripping:   2
    After scriptable stripping: 2
    Processed in 0.00 seconds
    starting compilation...
    finished in 0.11 seconds. Local cache hits 0 (0.00s CPU time), remote cache hits 0 (0.00s CPU time), compiled 2 variants (0.22s CPU time), skipped 0 variants
    Prepared data for serialisation in 0.00s
Serialized binary data for shader Hidden/Internal-UIRDefault in 0.00s
    gles3 (total internal programs: 2, unique: 2)
Compiling shader "Hidden/Internal-UIRAtlasBlitCopy" pass "" (vp)
    Full variant space:         1
    After settings filtering:   1
    After built-in stripping:   1
    After scriptable stripping: 1
    Processed in 0.00 seconds
    starting compilation...
    finished in 0.02 seconds. Local cache hits 0 (0.00s CPU time), remote cache hits 0 (0.00s CPU time), compiled 1 variants (0.02s CPU time), skipped 0 variants
    Prepared data for serialisation in 0.00s
Serialized binary data for shader Hidden/Internal-UIRAtlasBlitCopy in 0.00s
    gles3 (total internal programs: 1, unique: 1)
Compiling shader "Hidden/Internal-UIRDefaultWorld" pass "" (vp)
    Full variant space:         1
    After settings filtering:   1
    After built-in stripping:   1
    After scriptable stripping: 1
    Processed in 0.00 seconds
    starting compilation...
    finished in 0.11 seconds. Local cache hits 0 (0.00s CPU time), remote cache hits 0 (0.00s CPU time), compiled 1 variants (0.11s CPU time), skipped 0 variants
    Prepared data for serialisation in 0.00s
Serialized binary data for shader Hidden/Internal-UIRDefaultWorld in 0.00s
    gles3 (total internal programs: 1, unique: 1)
Compiling shader "Sprites/Default" pass "" (vp)
    Full variant space:         8
    After settings filtering:   8
    After built-in stripping:   4
    After scriptable stripping: 4
    Processed in 0.00 seconds
    starting compilation...
    finished in 0.02 seconds. Local cache hits 0 (0.00s CPU time), remote cache hits 0 (0.00s CPU time), compiled 4 variants (0.09s CPU time), skipped 0 variants
    Prepared data for serialisation in 0.00s
Serialized binary data for shader Sprites/Default in 0.00s
    gles3 (total internal programs: 4, unique: 4)
Compiling shader "Sprites/Mask" pass "" (vp)
    Full variant space:         4
    After settings filtering:   4
    After built-in stripping:   4
    After scriptable stripping: 4
    Processed in 0.00 seconds
    starting compilation...
    finished in 0.02 seconds. Local cache hits 0 (0.00s CPU time), remote cache hits 0 (0.00s CPU time), compiled 4 variants (0.08s CPU time), skipped 0 variants
    Prepared data for serialisation in 0.00s
Serialized binary data for shader Sprites/Mask in 0.00s
    gles3 (total internal programs: 4, unique: 4)
Compiling shader "UI/Default" pass "Default" (vp)
    Full variant space:         4
    After settings filtering:   4
    After built-in stripping:   4
    After scriptable stripping: 4
    Processed in 0.00 seconds
    starting compilation...
    finished in 0.03 seconds. Local cache hits 0 (0.00s CPU time), remote cache hits 0 (0.00s CPU time), compiled 4 variants (0.11s CPU time), skipped 0 variants
    Prepared data for serialisation in 0.00s
Serialized binary data for shader UI/Default in 0.00s
    gles3 (total internal programs: 4, unique: 4)
Compiling shader "UI/DefaultETC1" pass "Default" (vp)
    Full variant space:         4
    After settings filtering:   4
    After built-in stripping:   4
    After scriptable stripping: 4
    Processed in 0.00 seconds
    starting compilation...
    finished in 0.03 seconds. Local cache hits 0 (0.00s CPU time), remote cache hits 0 (0.00s CPU time), compiled 4 variants (0.11s CPU time), skipped 0 variants
    Prepared data for serialisation in 0.00s
Serialized binary data for shader UI/DefaultETC1 in 0.00s
    gles3 (total internal programs: 4, unique: 4)
Compiling shader "Hidden/CubeBlur" pass "" (vp)
    Full variant space:         1
    After settings filtering:   1
    After built-in stripping:   1
    After scriptable stripping: 1
    Processed in 0.00 seconds
    starting compilation...
    finished in 0.05 seconds. Local cache hits 0 (0.00s CPU time), remote cache hits 0 (0.00s CPU time), compiled 1 variants (0.05s CPU time), skipped 0 variants
    Prepared data for serialisation in 0.00s
Compiling shader "Hidden/CubeBlur" pass "" (vp)
    Full variant space:         1
    After settings filtering:   1
    After built-in stripping:   1
    After scriptable stripping: 1
    Processed in 0.00 seconds
    starting compilation...
    finished in 0.02 seconds. Local cache hits 0 (0.00s CPU time), remote cache hits 0 (0.00s CPU time), compiled 1 variants (0.02s CPU time), skipped 0 variants
    Prepared data for serialisation in 0.00s
Serialized binary data for shader Hidden/CubeBlur in 0.00s
    gles3 (total internal programs: 2, unique: 2)
Compiling shader "Hidden/CubeCopy" pass "" (vp)
    Full variant space:         1
    After settings filtering:   1
    After built-in stripping:   1
    After scriptable stripping: 1
    Processed in 0.00 seconds
    starting compilation...
    finished in 0.02 seconds. Local cache hits 0 (0.00s CPU time), remote cache hits 0 (0.00s CPU time), compiled 1 variants (0.02s CPU time), skipped 0 variants
    Prepared data for serialisation in 0.00s
Compiling shader "Hidden/CubeCopy" pass "" (vp)
    Full variant space:         1
    After settings filtering:   1
    After built-in stripping:   1
    After scriptable stripping: 1
    Processed in 0.00 seconds
    starting compilation...
    finished in 0.02 seconds. Local cache hits 0 (0.00s CPU time), remote cache hits 0 (0.00s CPU time), compiled 1 variants (0.02s CPU time), skipped 0 variants
    Prepared data for serialisation in 0.00s
Serialized binary data for shader Hidden/CubeCopy in 0.00s
    gles3 (total internal programs: 2, unique: 1)
Compiling shader "Hidden/CubeBlend" pass "" (vp)
    Full variant space:         1
    After settings filtering:   1
    After built-in stripping:   1
    After scriptable stripping: 1
    Processed in 0.00 seconds
    starting compilation...
    finished in 0.02 seconds. Local cache hits 0 (0.00s CPU time), remote cache hits 0 (0.00s CPU time), compiled 1 variants (0.02s CPU time), skipped 0 variants
    Prepared data for serialisation in 0.00s
Compiling shader "Hidden/CubeBlend" pass "" (vp)
    Full variant space:         1
    After settings filtering:   1
    After built-in stripping:   1
    After scriptable stripping: 1
    Processed in 0.00 seconds
    starting compilation...
    finished in 0.02 seconds. Local cache hits 0 (0.00s CPU time), remote cache hits 0 (0.00s CPU time), compiled 1 variants (0.02s CPU time), skipped 0 variants
    Prepared data for serialisation in 0.00s
Serialized binary data for shader Hidden/CubeBlend in 0.00s
    gles3 (total internal programs: 2, unique: 1)
Compiling shader "Hidden/VR/BlitTexArraySlice" pass "" (vp)
    Full variant space:         1
    After settings filtering:   1
    After built-in stripping:   1
    After scriptable stripping: 1
    Processed in 0.00 seconds
    starting compilation...
    finished in 0.02 seconds. Local cache hits 0 (0.00s CPU time), remote cache hits 0 (0.00s CPU time), compiled 1 variants (0.02s CPU time), skipped 0 variants
    Prepared data for serialisation in 0.00s
Serialized binary data for shader Hidden/VR/BlitTexArraySlice in 0.00s
    gles3 (total internal programs: 1, unique: 1)
Compiling shader "Hidden/Internal-ODSWorldTexture" pass "" (vp)
    Full variant space:         1
    After settings filtering:   1
    After built-in stripping:   1
    After scriptable stripping: 1
    Processed in 0.00 seconds
    starting compilation...
    finished in 0.01 seconds. Local cache hits 0 (0.00s CPU time), remote cache hits 0 (0.00s CPU time), compiled 1 variants (0.01s CPU time), skipped 0 variants
    Prepared data for serialisation in 0.00s
Compiling shader "Hidden/Internal-ODSWorldTexture" pass "" (vp)
    Full variant space:         1
    After settings filtering:   1
    After built-in stripping:   1
    After scriptable stripping: 1
    Processed in 0.00 seconds
    starting compilation...
    finished in 0.02 seconds. Local cache hits 0 (0.00s CPU time), remote cache hits 0 (0.00s CPU time), compiled 1 variants (0.02s CPU time), skipped 0 variants
    Prepared data for serialisation in 0.00s
Compiling shader "Hidden/Internal-ODSWorldTexture" pass "" (vp)
    Full variant space:         1
    After settings filtering:   1
    After built-in stripping:   1
    After scriptable stripping: 1
    Processed in 0.00 seconds
    starting compilation...
    finished in 0.03 seconds. Local cache hits 0 (0.00s CPU time), remote cache hits 0 (0.00s CPU time), compiled 1 variants (0.03s CPU time), skipped 0 variants
    Prepared data for serialisation in 0.00s
Compiling shader "Hidden/Internal-ODSWorldTexture" pass "" (vp)
    Full variant space:         1
    After settings filtering:   1
    After built-in stripping:   1
    After scriptable stripping: 1
    Processed in 0.00 seconds
    starting compilation...
    finished in 0.04 seconds. Local cache hits 0 (0.00s CPU time), remote cache hits 0 (0.00s CPU time), compiled 1 variants (0.04s CPU time), skipped 0 variants
    Prepared data for serialisation in 0.00s
Compiling shader "Hidden/Internal-ODSWorldTexture" pass "" (vp)
    Full variant space:         1
    After settings filtering:   1
    After built-in stripping:   1
    After scriptable stripping: 1
    Processed in 0.00 seconds
    starting compilation...
    finished in 0.02 seconds. Local cache hits 0 (0.00s CPU time), remote cache hits 0 (0.00s CPU time), compiled 1 variants (0.02s CPU time), skipped 0 variants
    Prepared data for serialisation in 0.00s
Compiling shader "Hidden/Internal-ODSWorldTexture" pass "" (vp)
    Full variant space:         1
    After settings filtering:   1
    After built-in stripping:   1
    After scriptable stripping: 1
    Processed in 0.00 seconds
    starting compilation...
    finished in 0.02 seconds. Local cache hits 0 (0.00s CPU time), remote cache hits 0 (0.00s CPU time), compiled 1 variants (0.02s CPU time), skipped 0 variants
    Prepared data for serialisation in 0.00s
Compiling shader "Hidden/Internal-ODSWorldTexture" pass "" (vp)
    Full variant space:         1
    After settings filtering:   1
    After built-in stripping:   1
    After scriptable stripping: 1
    Processed in 0.00 seconds
    starting compilation...
    finished in 0.02 seconds. Local cache hits 0 (0.00s CPU time), remote cache hits 0 (0.00s CPU time), compiled 1 variants (0.02s CPU time), skipped 0 variants
    Prepared data for serialisation in 0.00s
Compiling shader "Hidden/Internal-ODSWorldTexture" pass "" (vp)
    Full variant space:         1
    After settings filtering:   1
    After built-in stripping:   1
    After scriptable stripping: 1
    Processed in 0.00 seconds
    starting compilation...
    finished in 0.02 seconds. Local cache hits 0 (0.00s CPU time), remote cache hits 0 (0.00s CPU time), compiled 1 variants (0.02s CPU time), skipped 0 variants
    Prepared data for serialisation in 0.00s
Compiling shader "Hidden/Internal-ODSWorldTexture" pass "" (vp)
    Full variant space:         1
    After settings filtering:   1
    After built-in stripping:   1
    After scriptable stripping: 1
    Processed in 0.00 seconds
    starting compilation...
    finished in 0.03 seconds. Local cache hits 0 (0.00s CPU time), remote cache hits 0 (0.00s CPU time), compiled 1 variants (0.03s CPU time), skipped 0 variants
    Prepared data for serialisation in 0.00s
Compiling shader "Hidden/Internal-ODSWorldTexture" pass "" (vp)
    Full variant space:         1
    After settings filtering:   1
    After built-in stripping:   1
    After scriptable stripping: 1
    Processed in 0.00 seconds
    starting compilation...
    finished in 0.03 seconds. Local cache hits 0 (0.00s CPU time), remote cache hits 0 (0.00s CPU time), compiled 1 variants (0.03s CPU time), skipped 0 variants
    Prepared data for serialisation in 0.00s
Serialized binary data for shader Hidden/Internal-ODSWorldTexture in 0.00s
    gles3 (total internal programs: 10, unique: 9)
Compiling shader "Hidden/Internal-CubemapToEquirect" pass "" (vp)
    Full variant space:         1
    After settings filtering:   1
    After built-in stripping:   1
    After scriptable stripping: 1
    Processed in 0.00 seconds
    starting compilation...
    finished in 0.01 seconds. Local cache hits 0 (0.00s CPU time), remote cache hits 0 (0.00s CPU time), compiled 1 variants (0.01s CPU time), skipped 0 variants
    Prepared data for serialisation in 0.00s
Serialized binary data for shader Hidden/Internal-CubemapToEquirect in 0.00s
    gles3 (total internal programs: 1, unique: 1)
Compiling shader "Hidden/VR/BlitFromTex2DToTexArraySlice" pass "" (vp)
    Full variant space:         1
    After settings filtering:   1
    After built-in stripping:   1
    After scriptable stripping: 1
    Processed in 0.00 seconds
    starting compilation...
    finished in 0.01 seconds. Local cache hits 0 (0.00s CPU time), remote cache hits 0 (0.00s CPU time), compiled 1 variants (0.01s CPU time), skipped 0 variants
    Prepared data for serialisation in 0.00s
Compiling shader "Hidden/VR/BlitFromTex2DToTexArraySlice" pass "" (vp)
    Full variant space:         1
    After settings filtering:   1
    After built-in stripping:   1
    After scriptable stripping: 1
    Processed in 0.00 seconds
    starting compilation...
    finished in 0.02 seconds. Local cache hits 0 (0.00s CPU time), remote cache hits 0 (0.00s CPU time), compiled 1 variants (0.02s CPU time), skipped 0 variants
    Prepared data for serialisation in 0.00s
Serialized binary data for shader Hidden/VR/BlitFromTex2DToTexArraySlice in 0.00s
    gles3 (total internal programs: 2, unique: 2)
Compiling shader "Hidden/VideoComposite" pass "Default" (vp)
    Full variant space:         1
    After settings filtering:   1
    After built-in stripping:   1
    After scriptable stripping: 1
    Processed in 0.00 seconds
    starting compilation...
    finished in 0.02 seconds. Local cache hits 0 (0.00s CPU time), remote cache hits 0 (0.00s CPU time), compiled 1 variants (0.02s CPU time), skipped 0 variants
    Prepared data for serialisation in 0.00s
Serialized binary data for shader Hidden/VideoComposite in 0.00s
    gles3 (total internal programs: 1, unique: 1)
Compiling shader "Hidden/TextCore/Distance Field SSD" pass "" (vp)
    Full variant space:         1
    After settings filtering:   1
    After built-in stripping:   1
    After scriptable stripping: 1
    Processed in 0.00 seconds
    starting compilation...
    finished in 0.03 seconds. Local cache hits 0 (0.00s CPU time), remote cache hits 0 (0.00s CPU time), compiled 1 variants (0.03s CPU time), skipped 0 variants
    Prepared data for serialisation in 0.00s
Serialized binary data for shader Hidden/TextCore/Distance Field SSD in 0.00s
    gles3 (total internal programs: 1, unique: 1)
Compiling shader "BizarreChess/Forcefield" pass "Forcefield" (vp)
    Full variant space:         1
    After settings filtering:   1
    After built-in stripping:   1
    After scriptable stripping: 1
    Processed in 0.00 seconds
    starting compilation...
    finished in 0.00 seconds. Local cache hits 1 (0.00s CPU time), remote cache hits 0 (0.00s CPU time), compiled 0 variants (0.00s CPU time), skipped 0 variants
    Prepared data for serialisation in 0.00s
Compiling shader "BizarreChess/Forcefield" pass "" (vp)
    Full variant space:         1
    After settings filtering:   1
    After built-in stripping:   1
    After scriptable stripping: 1
    Processed in 0.00 seconds
    starting compilation...
    finished in 0.00 seconds. Local cache hits 1 (0.00s CPU time), remote cache hits 0 (0.00s CPU time), compiled 0 variants (0.00s CPU time), skipped 0 variants
    Prepared data for serialisation in 0.00s
Serialized binary data for shader BizarreChess/Forcefield in 0.00s
    gles3 (total internal programs: 1, unique: 1)
Shader error in 'BizarreChess/Forcefield': Couldn't open include file 'Packages/com.unity.render-pipelines.universal/ShaderLibrary/Core.hlsl'. at Assets/Shaders/ForcefieldShader.shader(31)

Compiling Subshader: 0, Pass: Forcefield, Vertex program with <no keywords>
Platform defines: SHADER_API_DESKTOP UNITY_ENABLE_DETAIL_NORMALMAP UNITY_ENABLE_REFLECTION_BUFFERS UNITY_LIGHTMAP_FULL_HDR UNITY_LIGHT_PROBE_PROXY_VOLUME UNITY_PBS_USE_BRDF1 UNITY_PLATFORM_SUPPORTS_DEPTH_FETCH UNITY_SPECCUBE_BLENDING UNITY_SPECCUBE_BOX_PROJECTION UNITY_USE_DITHER_MASK_FOR_ALPHABLENDED_SHADOWS
Disabled keywords: SHADER_API_GLES30 UNITY_ASTC_NORMALMAP_ENCODING UNITY_COLORSPACE_GAMMA UNITY_FRAMEBUFFER_FETCH_AVAILABLE UNITY_HARDWARE_TIER1 UNITY_HARDWARE_TIER2 UNITY_HARDWARE_TIER3 UNITY_LIGHTMAP_DLDR_ENCODING UNITY_LIGHTMAP_RGBM_ENCODING UNITY_METAL_SHADOWS_USE_POINT_FILTERING UNITY_NO_DXT5nm UNITY_NO_SCREENSPACE_SHADOWS UNITY_PBS_USE_BRDF2 UNITY_PBS_USE_BRDF3 UNITY_PRETRANSFORM_TO_DISPLAY_ORIENTATION UNITY_UNIFIED_SHADER_PRECISION_MODEL UNITY_VIRTUAL_TEXTURING

***Player size statistics***
Level 0 'Assets/DefaultScene.unity' uses 13.2 MB compressed / 24.9 MB uncompressed.
Total compressed size 13.2 MB. Total uncompressed size 24.9 MB.
Asset Pipeline Refresh (id=da84058bad573c54d923965dfedd91ed): Total: 0.018 seconds - Initiated by RefreshV2(NoUpdateAssetOptions)
Starting: C:\Program Files\Unity\Hub\Editor\6000.1.8f1\Editor\Data\bee_backend.exe --ipc --dagfile="Library/Bee/Player3f75f2dc.dag" --profile="Library/Bee/backend1.traceevents" Player
WorkingDir: C:/Repos/BizarreChess2
Starting: C:\Program Files\Unity\Hub\Editor\6000.1.8f1\Editor\Data\Tools\netcorerun\netcorerun.exe "C:\Program Files\Unity\Hub\Editor\6000.1.8f1\Editor\Data\PlaybackEngines\WebGLSupport\WebGLPlayerBuildProgram.exe" "C:/Program Files/Unity/Hub/Editor/6000.1.8f1/Editor/Data/PlaybackEngines/WebGLSupport/Bee;C:/Program Files/Unity/Hub/Editor/6000.1.8f1/Editor/Data/Tools/BuildPipeline" "Library/Bee/Player3f75f2dc.dag.json" "Library/Bee/Player3f75f2dc-inputdata.json" "Library\Bee\buildprogram0.traceevents"
WorkingDir: C:/Repos/BizarreChess2
ExitCode: 4 Duration: 0s19ms
DisplayProgressbar: Incremental Player Build
ExitCode: 0 Duration: 0s381ms
Starting: C:\Program Files\Unity\Hub\Editor\6000.1.8f1\Editor\Data\bee_backend.exe --ipc --dagfile="Library/Bee/Player3f75f2dc.dag" --dagfilejson="Library\Bee\Player3f75f2dc.dag.json" --profile="Library/Bee/backend2.traceevents" Player
WorkingDir: C:/Repos/BizarreChess2
Starting: C:\Program Files\Unity\Hub\Editor\6000.1.8f1\Editor\Data\Tools\netcorerun\netcorerun.exe "C:\Program Files\Unity\Hub\Editor\6000.1.8f1\Editor\Data\PlaybackEngines\WebGLSupport\WebGLPlayerBuildProgram.exe" "C:/Program Files/Unity/Hub/Editor/6000.1.8f1/Editor/Data/PlaybackEngines/WebGLSupport/Bee;C:/Program Files/Unity/Hub/Editor/6000.1.8f1/Editor/Data/Tools/BuildPipeline" "Library/Bee/Player3f75f2dc.dag.json" "Library/Bee/Player3f75f2dc-inputdata.json" "Library\Bee\buildprogram1.traceevents"
WorkingDir: C:/Repos/BizarreChess2
ExitCode: 4 Duration: 12s
ExitCode: 0 Duration: 0s381ms
Starting: C:\Program Files\Unity\Hub\Editor\6000.1.8f1\Editor\Data\bee_backend.exe --ipc --dagfile="Library/Bee/Player3f75f2dc.dag" --dagfilejson="Library\Bee\Player3f75f2dc.dag.json" --profile="Library/Bee/backend3.traceevents" Player
WorkingDir: C:/Repos/BizarreChess2
Starting: C:\Program Files\Unity\Hub\Editor\6000.1.8f1\Editor\Data\Tools\netcorerun\netcorerun.exe "C:\Program Files\Unity\Hub\Editor\6000.1.8f1\Editor\Data\PlaybackEngines\WebGLSupport\WebGLPlayerBuildProgram.exe" "C:/Program Files/Unity/Hub/Editor/6000.1.8f1/Editor/Data/PlaybackEngines/WebGLSupport/Bee;C:/Program Files/Unity/Hub/Editor/6000.1.8f1/Editor/Data/Tools/BuildPipeline" "Library/Bee/Player3f75f2dc.dag.json" "Library/Bee/Player3f75f2dc-inputdata.json" "Library\Bee\buildprogram2.traceevents"
WorkingDir: C:/Repos/BizarreChess2
ExitCode: 4 Duration: 6s217ms
ExitCode: 0 Duration: 0s442ms
Starting: C:\Program Files\Unity\Hub\Editor\6000.1.8f1\Editor\Data\bee_backend.exe --ipc --dagfile="Library/Bee/Player3f75f2dc.dag" --dagfilejson="Library\Bee\Player3f75f2dc.dag.json" --profile="Library/Bee/backend4.traceevents" Player
WorkingDir: C:/Repos/BizarreChess2
Starting: C:\Program Files\Unity\Hub\Editor\6000.1.8f1\Editor\Data\Tools\netcorerun\netcorerun.exe "C:\Program Files\Unity\Hub\Editor\6000.1.8f1\Editor\Data\PlaybackEngines\WebGLSupport\WebGLPlayerBuildProgram.exe" "C:/Program Files/Unity/Hub/Editor/6000.1.8f1/Editor/Data/PlaybackEngines/WebGLSupport/Bee;C:/Program Files/Unity/Hub/Editor/6000.1.8f1/Editor/Data/Tools/BuildPipeline" "Library/Bee/Player3f75f2dc.dag.json" "Library/Bee/Player3f75f2dc-inputdata.json" "Library\Bee\buildprogram3.traceevents"
WorkingDir: C:/Repos/BizarreChess2
ExitCode: 4 Duration: 4m:27s
ExitCode: 0 Duration: 0s431ms
Starting: C:\Program Files\Unity\Hub\Editor\6000.1.8f1\Editor\Data\bee_backend.exe --ipc --dagfile="Library/Bee/Player3f75f2dc.dag" --dagfilejson="Library\Bee\Player3f75f2dc.dag.json" --profile="Library/Bee/backend5.traceevents" Player
WorkingDir: C:/Repos/BizarreChess2
Starting: C:\Program Files\Unity\Hub\Editor\6000.1.8f1\Editor\Data\Tools\netcorerun\netcorerun.exe "C:\Program Files\Unity\Hub\Editor\6000.1.8f1\Editor\Data\PlaybackEngines\WebGLSupport\WebGLPlayerBuildProgram.exe" "C:/Program Files/Unity/Hub/Editor/6000.1.8f1/Editor/Data/PlaybackEngines/WebGLSupport/Bee;C:/Program Files/Unity/Hub/Editor/6000.1.8f1/Editor/Data/Tools/BuildPipeline" "Library/Bee/Player3f75f2dc.dag.json" "Library/Bee/Player3f75f2dc-inputdata.json" "Library\Bee\buildprogram4.traceevents"
WorkingDir: C:/Repos/BizarreChess2
ExitCode: 4 Duration: 0s599ms
ExitCode: 0 Duration: 0s433ms
Starting: C:\Program Files\Unity\Hub\Editor\6000.1.8f1\Editor\Data\bee_backend.exe --ipc --dagfile="Library/Bee/Player3f75f2dc.dag" --dagfilejson="Library\Bee\Player3f75f2dc.dag.json" --profile="Library/Bee/backend6.traceevents" Player
WorkingDir: C:/Repos/BizarreChess2
ExitCode: 0 Duration: 0s231ms
[websockify wrapper] Start node and websockify.js
Refreshing native plugins compatible for Editor in 4.28 ms, found 2 plugins.
Preloading 1 native plugins for Editor in 0.06 ms.
Asset Pipeline Refresh (id=a29f7112dca1f41469acdd5f543dbacf): Total: 0.047 seconds - Initiated by RefreshV2(NoUpdateAssetOptions)
[websockify wrapper] Proxying from :35020 to localhost:34999
Refreshing native plugins compatible for Editor in 3.45 ms, found 2 plugins.
Preloading 1 native plugins for Editor in 0.05 ms.

-------------------------------------------------------------------------------
Build Report
Uncompressed usage by category (Percentages based on user generated assets only):
Textures               16.1 mb	 66.0% 
Meshes                 6.8 mb	 27.8% 
Animations             0.0 kb	 0.0% 
Sounds                 0.0 kb	 0.0% 
Shaders                115.3 kb	 0.5% 
Other Assets           985.0 kb	 3.9% 
Levels                 0.0 kb	 0.0% 
File headers           95.0 kb	 0.4% 
Total User Assets      24.4 mb	 100.0% 
Complete build size    136.2 mb
Used Assets and files from the Resources folder, sorted by uncompressed size:
 2.7 mb	 2.0% Built-in Texture2D: Splash Screen Unity Logo
 1.3 mb	 1.0% Assets/Resources/Textures/Wood5.jpg
 1.3 mb	 1.0% Assets/Resources/Textures/Wood4.jpg
 1.3 mb	 1.0% Assets/Resources/Textures/Wood3.jpg
 1.3 mb	 1.0% Assets/Resources/Textures/Wood2.jpg
 1.3 mb	 1.0% Assets/Resources/Textures/Wood1.jpg
 1.3 mb	 1.0% Assets/Resources/Textures/Stone1.jpg
 1.0 mb	 0.8% Assets/TextMesh Pro/Resources/Fonts & Materials/LiberationSans SDF.asset
 822.8 kb	 0.6% Assets/Resources/Pieces/Models/musket_pawn.glb
 819.6 kb	 0.6% Assets/Resources/Pieces/Models/crossbowman.glb
 818.6 kb	 0.6% Assets/Resources/Pieces/Models/defender.glb
 818.5 kb	 0.6% Assets/Resources/Pieces/Models/cannon.glb
 742.4 kb	 0.5% Assets/Resources/Pieces/Models/bishop.glb
 741.1 kb	 0.5% Assets/Resources/Pieces/Models/rook.glb
 733.1 kb	 0.5% Assets/Resources/Pieces/Models/knight.glb
 731.9 kb	 0.5% Assets/Resources/Pieces/Models/lancer.glb
 731.6 kb	 0.5% Assets/Resources/Pieces/Models/king.glb
 730.4 kb	 0.5% Assets/Resources/Pieces/Models/camel.glb
 728.2 kb	 0.5% Assets/Resources/Pieces/Models/queen.glb
 664.0 kb	 0.5% Packages/com.unity.multiplayer.tools/NetStatsMonitor/Implementation/UI/Resources/UnityMpToolsRnsmDefaultTheme.tss
 566.9 kb	 0.4% Assets/Resources/Pieces/Models/pawn.glb
 524.6 kb	 0.4% Resources/unity_builtin_extra
 344.5 kb	 0.2% Assets/TextMesh Pro/Fonts/LiberationSans.ttf
 341.5 kb	 0.2% Assets/TextMesh Pro/Sprites/EmojiOne.png
 213.8 kb	 0.2% Assets/Resources/Pieces/Revolution/Meshes/Camel_h1,5.asset
 179.6 kb	 0.1% Assets/Resources/Pieces/Revolution/Meshes/Defender_h1,5.asset
 160.9 kb	 0.1% Assets/Resources/Pieces/Revolution/Meshes/Rook_h1,5.asset
 136.0 kb	 0.1% Assets/Resources/Pieces/Revolution/Meshes/Knight_h1,5.asset
 120.7 kb	 0.1% Assets/Resources/Pieces/Revolution/Meshes/Cannon_h1,5.asset
 107.3 kb	 0.1% Assets/Resources/Pieces/Revolution/Meshes/Crossbowman_h1,5.asset
 93.5 kb	 0.1% Assets/Resources/Pieces/Revolution/Meshes/Bishop_h1,5.asset
 77.4 kb	 0.1% Assets/Resources/Pieces/Revolution/Meshes/Queen_h2,0.asset
 77.4 kb	 0.1% Assets/Resources/Pieces/Revolution/Meshes/Queen_h1,5.asset
 74.9 kb	 0.1% Packages/com.unity.cloud.gltfast/Runtime/Shader/Built-In/glTFPbrMetallicRoughness.shader
 71.4 kb	 0.1% Assets/Resources/Pieces/Revolution/Meshes/Lancer_h1,5.asset
 64.0 kb	 0.0% Assets/Resources/Pieces/Revolution/Meshes/Pawn_h1,5.asset
 58.1 kb	 0.0% Assets/Resources/Pieces/Revolution/Meshes/King_h2,0.asset
 58.1 kb	 0.0% Assets/Resources/Pieces/Revolution/Meshes/King_h1,5.asset
 13.8 kb	 0.0% Assets/TextMesh Pro/Shaders/TMP_SDF-Mobile.shader
 10.8 kb	 0.0% Assets/Resources/Pieces/Revolution/Crossbowman.png
 10.8 kb	 0.0% Assets/Resources/Pieces/Revolution/Queen.png
 10.8 kb	 0.0% Assets/Resources/Pieces/Revolution/Lancer.png
 10.8 kb	 0.0% Assets/Resources/Pieces/Revolution/Knight.png
 10.8 kb	 0.0% Assets/Resources/Pieces/Revolution/Defender.png
 10.8 kb	 0.0% Assets/Resources/Pieces/Revolution/Cannon.png
 10.8 kb	 0.0% Assets/Resources/Pieces/Revolution/Camel.png
 10.8 kb	 0.0% Assets/Resources/Pieces/Revolution/Bishop.png
 10.8 kb	 0.0% Assets/Resources/Pieces/Revolution/Rook.png
 10.8 kb	 0.0% Assets/Resources/Pieces/Revolution/Pawn.png
 10.8 kb	 0.0% Assets/Resources/Pieces/Revolution/King.png
 9.8 kb	 0.0% Assets/InputSystem_Actions.inputactions
 8.8 kb	 0.0% Packages/com.unity.inputsystem/InputSystem/Plugins/PlayerInput/DefaultInputActions.inputactions
 8.6 kb	 0.0% Assets/Shaders/ForcefieldShader.shader
 6.2 kb	 0.0% Assets/TextMesh Pro/Shaders/TMP_Sprite.shader
 5.3 kb	 0.0% Packages/com.unity.multiplayer.tools/NetStatsMonitor/Implementation/UI/Resources/UnityMpToolsRnsmDefaultStyleSheet.uss
 3.3 kb	 0.0% Assets/TextMesh Pro/Resources/Fonts & Materials/LiberationSans SDF - Fallback.asset
 3.2 kb	 0.0% Assets/TextMesh Pro/Resources/Sprite Assets/EmojiOne.asset
 3.0 kb	 0.0% Assets/Resources/PerformanceTestRunInfo.json
 2.3 kb	 0.0% Assets/TextMesh Pro/Resources/Style Sheets/Default Style Sheet.asset
 1.6 kb	 0.0% Assets/TextMesh Pro/Resources/Fonts & Materials/LiberationSans SDF - Drop Shadow.mat
 1.6 kb	 0.0% Assets/TextMesh Pro/Resources/Fonts & Materials/LiberationSans SDF - Outline.mat
 0.9 kb	 0.0% Assets/Resources/Armies/camel_army.json
 0.4 kb	 0.0% Built-in Sprite: 
 0.3 kb	 0.0% Assets/TextMesh Pro/Resources/LineBreaking Following Characters.txt
 0.3 kb	 0.0% Packages/com.unity.services.vivox/Runtime/SWIG/SWIGTYPE_p_f_p_void_p_q_const__char_p_q_const__char_p_vx_before_recv_audio_mixed_participant_data_t_size_t__void.cs
 0.3 kb	 0.0% Packages/com.unity.multiplayer.tools/NetStatsMonitor/Implementation/UI/Resources/UnityMpToolsRnsmDefaultPanelSettings.asset
 0.3 kb	 0.0% Assets/TextMesh Pro/Resources/TMP Settings.asset
 0.3 kb	 0.0% Packages/com.unity.services.vivox/Runtime/SWIG/SWIGTYPE_p_f_p_void_enum_vx_udp_frame_type_p_void_int_p_p_void_p_int_p_p_void_p_int__void.cs
 0.2 kb	 0.0% Packages/com.unity.services.vivox/Runtime/SWIG/SWIGTYPE_p_f_p_void_enum_vx_udp_frame_type_p_void_int_p_void_int_p_void_int_int__void.cs
 0.2 kb	 0.0% Packages/com.unity.services.vivox/Runtime/SWIG/SWIGTYPE_p_f_p_void_p_q_const__char_p_q_const__char_p_short_int_int_int_int__void.cs
 0.2 kb	 0.0% Packages/com.unity.services.vivox/Runtime/SWIG/SWIGTYPE_p_f_p_void_p_q_const__char_p_q_const__char_p_short_int_int_int__void.cs
 0.2 kb	 0.0% Packages/com.unity.services.vivox/Runtime/SWIG/SWIGTYPE_p_f_p_void_enum_vx_log_level_p_q_const__char_p_q_const__char__void.cs
 0.2 kb	 0.0% Assets/Settings/SampleSceneProfile.asset
 0.2 kb	 0.0% Packages/com.unity.multiplayer.tools/NetStatsMonitor/Implementation/Configuration/Extensions/NetStatsMonitorConfiguration.cs
 0.2 kb	 0.0% Packages/com.unity.multiplayer.tools/NetStatsMonitor/Implementation/Configuration/Extensions/DisplayElementConfiguration.cs
 0.2 kb	 0.0% Packages/com.unity.services.vivox/Runtime/SWIG/SWIGTYPE_p_f_p_q_const__char_p_q_const__char_p_q_const__char__void.cs
 0.2 kb	 0.0% Packages/com.unity.multiplayer.center.quickstart/Runtime/NetcodeForGameObjectsExample/DistributedAuthority/ConnectionManager.cs
 0.2 kb	 0.0% Packages/com.unity.multiplayer.tools/NetStatsMonitor/Implementation/UI/NoDataReceivedVisualElement.cs
 0.2 kb	 0.0% Packages/com.unity.multiplayer.tools/NetStatsMonitor/Implementation/Stats/MultiStatHistoryRequirements.cs
 0.2 kb	 0.0% Packages/com.unity.multiplayer.tools/NetStatsMonitor/Implementation/Component/RnsmComponentImplementation.cs
 0.2 kb	 0.0% Packages/com.unity.multiplayer.center.quickstart/Runtime/NetcodeForGameObjectsExample/ClientAuthoritativeMovement.cs
 0.2 kb	 0.0% Packages/com.unity.multiplayer.tools/NetworkSimulator/Runtime/BuiltInScenarios/RandomConnectionsSwap.cs
 0.2 kb	 0.0% Packages/com.unity.multiplayer.center.quickstart/Runtime/NetcodeForGameObjectsExample/DistributedAuthority/SphereMovement.cs
 0.2 kb	 0.0% Packages/com.unity.services.vivox/Runtime/SWIG/SWIGTYPE_p_p_vx_req_session_set_participant_volume_for_me.cs
 0.2 kb	 0.0% Packages/com.unity.services.vivox/Runtime/SWIG/SWIGTYPE_p_f_p_void_p_q_const__char_p_q_const__char__void.cs
 0.2 kb	 0.0% Packages/com.unity.multiplayer.tools/NetworkSimulator/Runtime/Analytics/ConnectionStateChanged.cs
 0.2 kb	 0.0% Packages/com.unity.multiplayer.tools/NetworkSimulator/Runtime/Analytics/ConnectionPresetChanged.cs
 0.2 kb	 0.0% Packages/com.unity.multiplayer.tools/NetStatsMonitor/Implementation/UI/Graphs/StackedAreaGraphRenderer.cs
 0.2 kb	 0.0% Packages/com.unity.multiplayer.tools/NetStatsMonitor/Implementation/UI/Graphs/GraphInputSynchronizer.cs
 0.2 kb	 0.0% Packages/com.unity.multiplayer.tools/NetStatsMonitor/Implementation/UI/Graphs/GraphBoundsTransformer.cs
 0.2 kb	 0.0% Packages/com.unity.multiplayer.tools/NetStatsMonitor/Implementation/Stats/StatHistoryRequirements.cs
 0.2 kb	 0.0% Packages/com.unity.multiplayer.tools/NetStatsMonitor/Configuration/Counters/ExponentialMovingAverageParams.cs
 0.2 kb	 0.0% Packages/com.unity.multiplayer.tools/Adapters/Ngo1WithUtp2/Ngo1WithUtp2AdapterInitializer.cs
 0.2 kb	 0.0% Packages/com.unity.multiplayer.center.quickstart/Runtime/NetcodeForGameObjectsExample/SetColorBasedOnOwnerId.cs
 0.2 kb	 0.0% Packages/com.unity.multiplayer.center.quickstart/Runtime/NetcodeForGameObjectsExample/ClientNetworkTransform.cs
 0.2 kb	 0.0% Packages/com.unity.multiplayer.tools/NetworkSimulator/Runtime/BuiltInScenarios/PresetConfiguration.cs
 0.2 kb	 0.0% Packages/com.unity.multiplayer.tools/NetStatsMonitor/Implementation/Analytics/ConfigUpdated.cs
 0.2 kb	 0.0% Packages/com.unity.multiplayer.center.quickstart/Runtime/NetcodeForGameObjectsExample/DistributedAuthority/UI/UIManager.cs
 0.2 kb	 0.0% Packages/com.unity.services.vivox/Runtime/SWIG/SWIGTYPE_p_p_vx_req_sessiongroup_set_session_3d_position.cs
 0.2 kb	 0.0% Packages/com.unity.services.vivox/Runtime/SWIG/SWIGTYPE_p_p_vx_req_sessiongroup_control_audio_injection.cs
 0.2 kb	 0.0% Packages/com.unity.services.vivox/Runtime/SWIG/SWIGTYPE_p_p_vx_req_session_set_participant_mute_for_me.cs
 0.2 kb	 0.0% Packages/com.unity.services.vivox/Runtime/SWIG/SWIGTYPE_p_p_vx_req_connector_set_local_speaker_volume.cs
 0.2 kb	 0.0% Packages/com.unity.services.vivox/Runtime/SWIG/SWIGTYPE_p_p_vx_req_aux_notify_application_state_change.cs
 0.2 kb	 0.0% Packages/com.unity.services.vivox/Runtime/SWIG/SWIGTYPE_p_p_vx_req_aux_global_monitor_keyboard_mouse.cs
 0.2 kb	 0.0% Packages/com.unity.services.vivox/Runtime/SWIG/SWIGTYPE_p_p_vx_req_account_safe_voice_update_consent.cs
 0.2 kb	 0.0% Packages/com.unity.services.vivox/Runtime/SWIG/SWIGTYPE_p_p_vx_req_account_chat_history_get_last_read.cs
 0.2 kb	 0.0% Packages/com.unity.services.authentication/Player Accounts/Runtime/PlayerAccountsPackageInitializer.cs
 0.2 kb	 0.0% Packages/com.unity.services.authentication/Player Accounts/Runtime/Exceptions/PlayerAccountsExceptionHandler.cs
 0.2 kb	 0.0% Packages/com.unity.multiplayer.tools/NetworkSimulator/Runtime/NetworkSimulatorPresetAsset.cs
 0.2 kb	 0.0% Packages/com.unity.multiplayer.tools/NetworkSimulator/Runtime/Analytics/ScenarioInitialized.cs
 0.2 kb	 0.0% Packages/com.unity.multiplayer.tools/NetworkProfiler/Runtime/ProfilerAdapterEventListener.cs
 0.2 kb	 0.0% Packages/com.unity.multiplayer.tools/NetVis/Configuration/NetVisConfigurationWithEvents.cs
 0.2 kb	 0.0% Packages/com.unity.multiplayer.tools/NetVis/Configuration/MeshShadingGradientExtensions.cs
 0.2 kb	 0.0% Packages/com.unity.multiplayer.tools/NetStatsMonitor/Implementation/UI/RnsmVisualElement.cs
 0.2 kb	 0.0% Packages/com.unity.multiplayer.tools/NetStatsMonitor/Implementation/UI/Graphs/LineGraphRenderer.cs
 0.2 kb	 0.0% Packages/com.unity.multiplayer.tools/NetStatsMonitor/Implementation/UI/Graphs/GraphVisualElement.cs
 0.2 kb	 0.0% Packages/com.unity.multiplayer.tools/NetStatsMonitor/Implementation/UI/CounterVisualElement.cs
 0.2 kb	 0.0% Packages/com.unity.multiplayer.tools/NetStatsMonitor/Implementation/Graphing/GraphScalingUtils.cs
 0.2 kb	 0.0% Packages/com.unity.multiplayer.tools/NetStatsMonitor/Configuration/NetStatsMonitorConfiguration.cs
 0.2 kb	 0.0% Packages/com.unity.multiplayer.tools/NetStatsMonitor/Configuration/DisplayElementConfiguration.cs
 0.2 kb	 0.0% Packages/com.unity.multiplayer.tools/NetStatsMonitor/Configuration/Counters/SimpleMovingAverageParams.cs
 0.2 kb	 0.0% Packages/com.unity.multiplayer.tools/NetStats/Runtime/Metrics/MetricId/AssemblyRequiresTypeRegistrationAttribute.cs
 0.2 kb	 0.0% Packages/com.unity.services.multiplayer/Runtime/DistributedAuthority/SDK/IDistributedAuthoritySDKConfiguration.cs
 0.2 kb	 0.0% Packages/com.unity.services.multiplayer/Runtime/DistributedAuthority/SDK/Exceptions/DistributedAuthorityServiceException.cs
 0.2 kb	 0.0% Packages/com.unity.services.multiplayer/Runtime/DistributedAuthority/Apis/DistributedAuthorityApi.cs
 0.2 kb	 0.0% Packages/com.unity.multiplayer.tools/NetworkSimulator/Runtime/BuiltInScenarios/ConnectionsCycle.cs
 0.2 kb	 0.0% Packages/com.unity.multiplayer.center/Common/IOnboardingSectionAnalyticsProvider.cs
 0.2 kb	 0.0% Packages/com.unity.multiplayer.center.quickstart/Runtime/NetcodeForGameObjectsExample/DistributedAuthority/Spawner.cs
 0.2 kb	 0.0% Packages/com.unity.services.vivox/Runtime/SWIG/SWIGTYPE_p_p_vx_req_sessiongroup_set_tx_no_session.cs
 0.2 kb	 0.0% Packages/com.unity.services.vivox/Runtime/SWIG/SWIGTYPE_p_p_vx_req_sessiongroup_set_tx_all_sessions.cs
 0.2 kb	 0.0% Packages/com.unity.services.vivox/Runtime/SWIG/SWIGTYPE_p_p_vx_req_session_transcription_control.cs
 0.2 kb	 0.0% Packages/com.unity.services.vivox/Runtime/SWIG/SWIGTYPE_p_p_vx_req_session_set_local_speaker_volume.cs
 0.2 kb	 0.0% Packages/com.unity.services.vivox/Runtime/SWIG/SWIGTYPE_p_p_vx_req_session_set_local_render_volume.cs
 0.2 kb	 0.0% Packages/com.unity.services.vivox/Runtime/SWIG/SWIGTYPE_p_p_vx_req_connector_set_local_mic_volume.cs
 0.2 kb	 0.0% Packages/com.unity.services.vivox/Runtime/SWIG/SWIGTYPE_p_p_vx_req_connector_get_local_audio_info.cs
 0.2 kb	 0.0% Packages/com.unity.services.vivox/Runtime/SWIG/SWIGTYPE_p_p_vx_req_account_send_subscription_reply.cs
 0.2 kb	 0.0% Packages/com.unity.services.vivox/Runtime/SWIG/SWIGTYPE_p_p_vx_req_account_safe_voice_get_consent.cs
 0.2 kb	 0.0% Packages/com.unity.services.vivox/Runtime/SWIG/SWIGTYPE_p_p_vx_req_account_list_buddies_and_groups.cs
 0.2 kb	 0.0% Packages/com.unity.services.vivox/Runtime/SWIG/SWIGTYPE_p_p_vx_req_account_list_auto_accept_rules.cs
 0.2 kb	 0.0% Packages/com.unity.services.vivox/Runtime/SWIG/SWIGTYPE_p_p_vx_req_account_delete_auto_accept_rule.cs
 0.2 kb	 0.0% Packages/com.unity.services.vivox/Runtime/SWIG/SWIGTYPE_p_p_vx_req_account_create_auto_accept_rule.cs
 0.2 kb	 0.0% Packages/com.unity.services.vivox/Runtime/SWIG/SWIGTYPE_p_p_vx_req_account_control_communications.cs
 0.2 kb	 0.0% Packages/com.unity.services.vivox/Runtime/SWIG/SWIGTYPE_p_p_vx_req_account_chat_history_set_marker.cs
 0.2 kb	 0.0% Packages/com.unity.services.core/Runtime/Configuration/StreamingAssetsConfigurationLoader.cs
 0.2 kb	 0.0% Packages/com.unity.services.authentication/Runtime/AuthenticationServiceInternal.UsernamePassword.cs
 0.2 kb	 0.0% Packages/com.unity.services.authentication/Player Accounts/Runtime/UnityPlayerAccountSettings.cs
 0.2 kb	 0.0% Packages/com.unity.services.authentication/Player Accounts/Runtime/PlayerAccountServiceInternal.cs
 0.2 kb	 0.0% Packages/com.unity.services.authentication/Player Accounts/Runtime/Models/PlayerAccountsErrorResponse.cs
 0.2 kb	 0.0% Packages/com.unity.netcode.gameobjects/Runtime/Messaging/GenerateSerializationForGenericParameterAttribute.cs
 0.2 kb	 0.0% Packages/com.unity.multiplayer.tools/NetworkSimulator/Runtime/NoOpNetworkTransportApi.cs
 0.2 kb	 0.0% Packages/com.unity.multiplayer.tools/NetworkSimulator/Runtime/NetworkSimulatorPresets.cs
 0.2 kb	 0.0% Packages/com.unity.multiplayer.tools/NetworkSimulator/Runtime/NetworkSimulatorPreset.cs
 0.2 kb	 0.0% Packages/com.unity.multiplayer.tools/NetworkSimulator/Runtime/INetworkSimulatorPreset.cs
 0.2 kb	 0.0% Packages/com.unity.multiplayer.tools/NetStatsMonitor/Implementation/UI/Graphs/LinearTransform.cs
 0.2 kb	 0.0% Packages/com.unity.multiplayer.tools/NetStatsMonitor/Implementation/UI/Graphs/IGraphRenderer.cs
 0.2 kb	 0.0% Packages/com.unity.multiplayer.tools/NetStatsMonitor/Implementation/UI/Graphs/GraphParameters.cs
 0.2 kb	 0.0% Packages/com.unity.multiplayer.tools/NetStatsMonitor/Implementation/UI/Graphs/GraphDataSampler.cs
 0.2 kb	 0.0% Packages/com.unity.multiplayer.tools/NetStatsMonitor/Implementation/UI/Graphs/GraphAxisLabels.cs
 0.2 kb	 0.0% Packages/com.unity.multiplayer.tools/NetStatsMonitor/Implementation/Stats/StatsAggregator.cs
 0.2 kb	 0.0% Packages/com.unity.multiplayer.tools/NetStatsMonitor/Implementation/Stats/StatsAccumulator.cs
 0.2 kb	 0.0% Packages/com.unity.multiplayer.tools/NetStatsMonitor/Implementation/Stats/MultiStatHistory.cs
 0.2 kb	 0.0% Packages/com.unity.multiplayer.tools/NetStatsMonitor/Configuration/Util/LabelGeneration.cs
 0.2 kb	 0.0% Packages/com.unity.multiplayer.tools/NetStatsMonitor/Configuration/PositionConfiguration.cs
 0.2 kb	 0.0% Packages/com.unity.multiplayer.tools/NetStatsMonitor/Configuration/Graphs/LineGraphConfiguration.cs
 0.2 kb	 0.0% Packages/com.unity.multiplayer.tools/Adapters/Components/Queries/IGetTransformWithoutArtificialLatency.cs
 0.2 kb	 0.0% Packages/com.unity.services.authentication/Runtime/AuthenticationServiceInternal.PlayerNames.cs
 0.2 kb	 0.0% Packages/com.unity.services.authentication/Runtime/AuthenticationServiceInternal.Notification.cs
 0.2 kb	 0.0% Packages/com.unity.multiplayer.tools/NetStatsMonitor/Component/RuntimeNetStatsMonitor.cs
 0.2 kb	 0.0% Packages/com.unity.multiplayer.tools/NetStatsMonitor/Component/CustomTestDataGenerator.cs
 0.2 kb	 0.0% Packages/com.unity.mathematics/Unity.Mathematics/Il2CppEagerStaticClassConstructionAttribute.cs
 0.2 kb	 0.0% Packages/com.unity.services.vivox/Runtime/SWIG/vx_resp_sessiongroup_set_session_3d_position_t.cs
 0.2 kb	 0.0% Packages/com.unity.services.vivox/Runtime/SWIG/vx_resp_sessiongroup_control_audio_injection_t.cs
 0.2 kb	 0.0% Packages/com.unity.services.vivox/Runtime/SWIG/vx_resp_session_set_participant_volume_for_me_t.cs
 0.2 kb	 0.0% Packages/com.unity.services.vivox/Runtime/SWIG/vx_resp_session_set_participant_mute_for_me_t.cs
 0.2 kb	 0.0% Packages/com.unity.services.vivox/Runtime/SWIG/vx_resp_aux_notify_application_state_change_t.cs
 0.2 kb	 0.0% Packages/com.unity.services.vivox/Runtime/SWIG/vx_req_sessiongroup_set_session_3d_position_t.cs
 0.2 kb	 0.0% Packages/com.unity.services.vivox/Runtime/SWIG/vx_req_sessiongroup_control_audio_injection_t.cs
 0.2 kb	 0.0% Packages/com.unity.services.vivox/Runtime/SWIG/vx_req_session_set_participant_volume_for_me_t.cs
 0.2 kb	 0.0% Packages/com.unity.services.vivox/Runtime/SWIG/vx_evt_voice_service_connection_state_changed_t.cs
 0.2 kb	 0.0% Packages/com.unity.services.vivox/Runtime/SWIG/vx_before_recv_audio_mixed_participant_data_t.cs
 0.2 kb	 0.0% Packages/com.unity.services.vivox/Runtime/SWIG/SWIGTYPE_p_p_vx_req_sessiongroup_set_tx_session.cs
 0.2 kb	 0.0% Packages/com.unity.services.vivox/Runtime/SWIG/SWIGTYPE_p_p_vx_req_sessiongroup_remove_session.cs
 0.2 kb	 0.0% Packages/com.unity.services.vivox/Runtime/SWIG/SWIGTYPE_p_p_vx_req_session_send_notification.cs
 0.2 kb	 0.0% Packages/com.unity.services.vivox/Runtime/SWIG/SWIGTYPE_p_p_vx_req_session_mute_local_speaker.cs
 0.2 kb	 0.0% Packages/com.unity.services.vivox/Runtime/SWIG/SWIGTYPE_p_p_vx_req_session_chat_history_query.cs
 0.2 kb	 0.0% Packages/com.unity.services.vivox/Runtime/SWIG/SWIGTYPE_p_p_vx_req_session_channel_invite_user.cs
 0.2 kb	 0.0% Packages/com.unity.services.vivox/Runtime/SWIG/SWIGTYPE_p_p_vx_req_connector_mute_local_speaker.cs
 0.2 kb	 0.0% Packages/com.unity.services.vivox/Runtime/SWIG/SWIGTYPE_p_p_vx_req_connector_initiate_shutdown.cs
 0.2 kb	 0.0% Packages/com.unity.services.vivox/Runtime/SWIG/SWIGTYPE_p_p_vx_req_aux_set_derumbler_properties.cs
 0.2 kb	 0.0% Packages/com.unity.services.vivox/Runtime/SWIG/SWIGTYPE_p_p_vx_req_aux_get_derumbler_properties.cs
 0.2 kb	 0.0% Packages/com.unity.services.vivox/Runtime/SWIG/SWIGTYPE_p_p_vx_req_aux_diagnostic_state_dump.cs
 0.2 kb	 0.0% Packages/com.unity.services.vivox/Runtime/SWIG/SWIGTYPE_p_p_vx_req_account_set_login_properties.cs
 0.2 kb	 0.0% Packages/com.unity.services.vivox/Runtime/SWIG/SWIGTYPE_p_p_vx_req_account_send_user_app_data.cs
 0.2 kb	 0.0% Packages/com.unity.services.vivox/Runtime/SWIG/SWIGTYPE_p_p_vx_req_account_get_template_fonts.cs
 0.2 kb	 0.0% Packages/com.unity.services.vivox/Runtime/SWIG/SWIGTYPE_p_p_vx_req_account_get_session_fonts.cs
 0.2 kb	 0.0% Packages/com.unity.services.vivox/Runtime/SWIG/SWIGTYPE_p_p_vx_req_account_get_conversations.cs
 0.2 kb	 0.0% Packages/com.unity.services.vivox/Runtime/SWIG/SWIGTYPE_p_p_vx_req_account_delete_block_rule.cs
 0.2 kb	 0.0% Packages/com.unity.services.vivox/Runtime/SWIG/SWIGTYPE_p_p_vx_req_account_create_block_rule.cs
 0.2 kb	 0.0% Packages/com.unity.services.vivox/Runtime/SWIG/SWIGTYPE_p_p_vx_req_account_chat_history_query.cs
 0.2 kb	 0.0% Packages/com.unity.services.vivox/Runtime/SWIG/SWIGTYPE_p_p_vx_req_account_channel_remove_acl.cs
 0.2 kb	 0.0% Packages/com.unity.services.vivox/Runtime/SWIG/SWIGTYPE_p_p_vx_req_account_channel_change_owner.cs
 0.2 kb	 0.0% Packages/com.unity.services.multiplayer/Runtime/DistributedAuthority/SDK/WrappedDistributedAuthorityService.cs
 0.2 kb	 0.0% Packages/com.unity.services.multiplayer/Runtime/DistributedAuthority/Apis/DistributedAuthorityApiRequests.cs
 0.2 kb	 0.0% Packages/com.unity.services.core/Runtime/Configuration/SerializableProjectConfiguration.cs
 0.2 kb	 0.0% Packages/com.unity.services.core/Runtime/Configuration/ConfigurationCollectionHelper.cs
 0.2 kb	 0.0% Packages/com.unity.services.authentication/Runtime/AuthenticationServiceInternal.External.cs
 0.2 kb	 0.0% Packages/com.unity.services.authentication/Runtime/AuthenticationServiceInternal.CodeLink.cs
 0.2 kb	 0.0% Packages/com.unity.services.authentication/Player Accounts/Runtime/Utilities/Network/INetworkConfiguration.cs
 0.2 kb	 0.0% Packages/com.unity.services.authentication/Player Accounts/Runtime/Utilities/CodeChallengeGenerator.cs
 0.2 kb	 0.0% Packages/com.unity.services.authentication/Player Accounts/Runtime/Utilities/Browser/StandaloneBrowserUtils.cs
 0.2 kb	 0.0% Packages/com.unity.services.authentication/Player Accounts/Runtime/IPlayerAccountService.cs
 0.2 kb	 0.0% Packages/com.unity.services.authentication/Player Accounts/Runtime/Exceptions/PlayerAccountsException.cs
 0.2 kb	 0.0% Packages/com.unity.services.authentication/Player Accounts/Runtime/Exceptions/PlayerAccountsErrorCodes.cs
 0.2 kb	 0.0% Packages/com.unity.multiplayer.tools/NetworkSimulator/Runtime/NoOpNetworkEventsApi.cs
 0.2 kb	 0.0% Packages/com.unity.multiplayer.tools/NetworkSimulator/Runtime/NetworkTransportApi.cs
 0.2 kb	 0.0% Packages/com.unity.multiplayer.tools/NetworkSimulator/Runtime/INetworkTransportApi.cs
 0.2 kb	 0.0% Packages/com.unity.multiplayer.tools/NetworkSimulator/Runtime/INetworkEventsApi.cs
 0.2 kb	 0.0% Packages/com.unity.multiplayer.tools/NetworkSimulator/Runtime/Attributes/MinMaxRangeAttribute.cs
 0.2 kb	 0.0% Packages/com.unity.multiplayer.tools/NetworkProfiler/Runtime/Counter/MetricEventCounters.cs
 0.2 kb	 0.0% Packages/com.unity.multiplayer.tools/NetworkProfiler/Runtime/Counter/MetricByteCounters.cs
 0.2 kb	 0.0% Packages/com.unity.multiplayer.tools/NetworkProfiler/Runtime/Counter/EventCounterFactory.cs
 0.2 kb	 0.0% Packages/com.unity.multiplayer.tools/NetworkProfiler/Runtime/Counter/ByteCounterFactory.cs
 0.2 kb	 0.0% Packages/com.unity.multiplayer.tools/NetVis/Configuration/Analytics/MetricChanged.cs
 0.2 kb	 0.0% Packages/com.unity.multiplayer.tools/NetStatsMonitor/Implementation/Util/NumericUtils.cs
 0.2 kb	 0.0% Packages/com.unity.multiplayer.tools/NetStatsMonitor/Implementation/Util/MetricsUtils.cs
 0.2 kb	 0.0% Packages/com.unity.multiplayer.tools/NetStatsMonitor/Implementation/Util/Constants.cs
 0.2 kb	 0.0% Packages/com.unity.multiplayer.tools/NetStatsMonitor/Implementation/UI/Graphs/LegendKey.cs
 0.2 kb	 0.0% Packages/com.unity.multiplayer.tools/NetStatsMonitor/Implementation/UI/Graphs/GraphLegend.cs
 0.2 kb	 0.0% Packages/com.unity.multiplayer.tools/NetStatsMonitor/Implementation/UI/Graphs/GraphContent.cs
 0.2 kb	 0.0% Packages/com.unity.multiplayer.tools/NetStatsMonitor/Implementation/UI/Graphs/GraphBuffers.cs
 0.2 kb	 0.0% Packages/com.unity.multiplayer.tools/NetStatsMonitor/Implementation/Stats/StatHistory.cs
 0.2 kb	 0.0% Packages/com.unity.multiplayer.tools/NetStatsMonitor/Configuration/Graphs/GraphConfiguration.cs
 0.2 kb	 0.0% Packages/com.unity.multiplayer.tools/NetStatsMonitor/Configuration/Counters/CounterConfiguration.cs
 0.2 kb	 0.0% Packages/com.unity.multiplayer.tools/NetStatsMonitor/Configuration/ConfigurationLimits.cs
 0.2 kb	 0.0% Packages/com.unity.multiplayer.tools/MetricTestData/Runtime/TestDataGeneratorComponent.cs
 0.2 kb	 0.0% Packages/com.unity.multiplayer.tools/Common/Runtime/Data/ContinuousExponentialMovingAverage.cs
 0.2 kb	 0.0% Packages/com.unity.multiplayer.center.quickstart/Runtime/NetcodeForGameObjectsExample/TemporaryUI.cs
 0.2 kb	 0.0% Packages/com.unity.services.multiplayer/Runtime/Lobbies/SDK/LobbyMigrationData/LobbyDownloadMigrationDataOptions.cs
 0.2 kb	 0.0% Packages/com.unity.services.multiplayer/Runtime/DistributedAuthority/Http/ResponseDeserializationException.cs
 0.2 kb	 0.0% Packages/com.unity.services.core/Runtime/Core.Internal/Components/Telemetry/IDiagnosticsComponentProvider.cs
 0.2 kb	 0.0% Packages/com.unity.services.core/Runtime/Core.Internal/Components/Analytics/IAnalyticsStandardEventComponent.cs
 0.2 kb	 0.0% Packages/com.unity.services.authentication/Runtime/AuthenticationServiceInternal.BYOI.cs
 0.2 kb	 0.0% Packages/com.unity.dedicated-server/MultiplayerRoles/Runtime/MultiplayerRoleRestrictedAttribute.cs
 0.2 kb	 0.0% Packages/com.unity.transport/Runtime/BaselibNetworkInterface.deprecated.cs
 0.2 kb	 0.0% Packages/com.unity.services.wire/Runtime/Centrifuge/ConcurrentDictSubscriptionRepository.cs
 0.2 kb	 0.0% Packages/com.unity.services.vivox/Runtime/SWIG/vx_resp_sessiongroup_set_tx_all_sessions_t.cs
 0.2 kb	 0.0% Packages/com.unity.services.vivox/Runtime/SWIG/vx_resp_session_set_local_speaker_volume_t.cs
 0.2 kb	 0.0% Packages/com.unity.services.vivox/Runtime/SWIG/vx_resp_session_set_local_render_volume_t.cs
 0.2 kb	 0.0% Packages/com.unity.services.vivox/Runtime/SWIG/vx_resp_connector_set_local_speaker_volume_t.cs
 0.2 kb	 0.0% Packages/com.unity.services.vivox/Runtime/SWIG/vx_resp_aux_global_monitor_keyboard_mouse_t.cs
 0.2 kb	 0.0% Packages/com.unity.services.vivox/Runtime/SWIG/vx_resp_account_send_subscription_reply_t.cs
 0.2 kb	 0.0% Packages/com.unity.services.vivox/Runtime/SWIG/vx_resp_account_safe_voice_update_consent_t.cs
 0.2 kb	 0.0% Packages/com.unity.services.vivox/Runtime/SWIG/vx_resp_account_list_buddies_and_groups_t.cs
 0.2 kb	 0.0% Packages/com.unity.services.vivox/Runtime/SWIG/vx_resp_account_delete_auto_accept_rule_t.cs
 0.2 kb	 0.0% Packages/com.unity.services.vivox/Runtime/SWIG/vx_resp_account_create_auto_accept_rule_t.cs
 0.2 kb	 0.0% Packages/com.unity.services.vivox/Runtime/SWIG/vx_resp_account_chat_history_set_marker_t.cs
 0.2 kb	 0.0% Packages/com.unity.services.vivox/Runtime/SWIG/vx_resp_account_chat_history_get_last_read_t.cs
 0.2 kb	 0.0% Packages/com.unity.services.vivox/Runtime/SWIG/vx_req_sessiongroup_set_tx_all_sessions_t.cs
 0.2 kb	 0.0% Packages/com.unity.services.vivox/Runtime/SWIG/vx_req_session_set_participant_mute_for_me_t.cs
 0.2 kb	 0.0% Packages/com.unity.services.vivox/Runtime/SWIG/vx_req_session_set_local_speaker_volume_t.cs
 0.2 kb	 0.0% Packages/com.unity.services.vivox/Runtime/SWIG/vx_req_connector_set_local_speaker_volume_t.cs
 0.2 kb	 0.0% Packages/com.unity.services.vivox/Runtime/SWIG/vx_req_aux_notify_application_state_change_t.cs
 0.2 kb	 0.0% Packages/com.unity.services.vivox/Runtime/SWIG/vx_req_aux_global_monitor_keyboard_mouse_t.cs
 0.2 kb	 0.0% Packages/com.unity.services.vivox/Runtime/SWIG/vx_req_account_safe_voice_update_consent_t.cs
 0.2 kb	 0.0% Packages/com.unity.services.vivox/Runtime/SWIG/vx_req_account_chat_history_get_last_read_t.cs
 0.2 kb	 0.0% Packages/com.unity.services.vivox/Runtime/SWIG/vx_evt_sessiongroup_playback_frame_played_t.cs
 0.2 kb	 0.0% Packages/com.unity.services.vivox/Runtime/SWIG/SWIGTYPE_p_vx_participant_diagnostic_state_t.cs
 0.2 kb	 0.0% Packages/com.unity.services.vivox/Runtime/SWIG/SWIGTYPE_p_p_vx_req_sessiongroup_unset_focus.cs
 0.2 kb	 0.0% Packages/com.unity.services.vivox/Runtime/SWIG/SWIGTYPE_p_p_vx_req_sessiongroup_terminate.cs
 0.2 kb	 0.0% Packages/com.unity.services.vivox/Runtime/SWIG/SWIGTYPE_p_p_vx_req_sessiongroup_set_focus.cs
 0.2 kb	 0.0% Packages/com.unity.services.vivox/Runtime/SWIG/SWIGTYPE_p_p_vx_req_sessiongroup_reset_focus.cs
 0.2 kb	 0.0% Packages/com.unity.services.vivox/Runtime/SWIG/SWIGTYPE_p_p_vx_req_sessiongroup_get_stats.cs
 0.2 kb	 0.0% Packages/com.unity.services.vivox/Runtime/SWIG/SWIGTYPE_p_p_vx_req_sessiongroup_add_session.cs
 0.2 kb	 0.0% Packages/com.unity.services.vivox/Runtime/SWIG/SWIGTYPE_p_p_vx_req_session_text_disconnect.cs
 0.2 kb	 0.0% Packages/com.unity.services.vivox/Runtime/SWIG/SWIGTYPE_p_p_vx_req_session_set_voice_font.cs
 0.2 kb	 0.0% Packages/com.unity.services.vivox/Runtime/SWIG/SWIGTYPE_p_p_vx_req_session_set_3d_position.cs
 0.2 kb	 0.0% Packages/com.unity.services.vivox/Runtime/SWIG/SWIGTYPE_p_p_vx_req_session_media_disconnect.cs
 0.2 kb	 0.0% Packages/com.unity.services.vivox/Runtime/SWIG/SWIGTYPE_p_p_vx_req_session_media_connect.cs
 0.2 kb	 0.0% Packages/com.unity.services.vivox/Runtime/SWIG/SWIGTYPE_p_p_vx_req_session_delete_message.cs
 0.2 kb	 0.0% Packages/com.unity.services.vivox/Runtime/SWIG/SWIGTYPE_p_p_vx_req_session_archive_query.cs
 0.2 kb	 0.0% Packages/com.unity.services.vivox/Runtime/SWIG/SWIGTYPE_p_p_vx_req_connector_mute_local_mic.cs
 0.2 kb	 0.0% Packages/com.unity.services.vivox/Runtime/SWIG/SWIGTYPE_p_p_vx_req_channel_set_lock_mode.cs
 0.2 kb	 0.0% Packages/com.unity.services.vivox/Runtime/SWIG/SWIGTYPE_p_p_vx_req_channel_mute_all_users.cs
 0.2 kb	 0.0% Packages/com.unity.services.vivox/Runtime/SWIG/SWIGTYPE_p_p_vx_req_channel_get_banned_users.cs
 0.2 kb	 0.0% Packages/com.unity.services.vivox/Runtime/SWIG/SWIGTYPE_p_p_vx_req_aux_start_buffer_capture.cs
 0.2 kb	 0.0% Packages/com.unity.services.vivox/Runtime/SWIG/SWIGTYPE_p_p_vx_req_aux_set_vad_properties.cs
 0.2 kb	 0.0% Packages/com.unity.services.vivox/Runtime/SWIG/SWIGTYPE_p_p_vx_req_aux_set_speaker_level.cs
 0.2 kb	 0.0% Packages/com.unity.services.vivox/Runtime/SWIG/SWIGTYPE_p_p_vx_req_aux_set_render_device.cs
 0.2 kb	 0.0% Packages/com.unity.services.vivox/Runtime/SWIG/SWIGTYPE_p_p_vx_req_aux_set_capture_device.cs
 0.2 kb	 0.0% Packages/com.unity.services.vivox/Runtime/SWIG/SWIGTYPE_p_p_vx_req_aux_render_audio_stop.cs
 0.2 kb	 0.0% Packages/com.unity.services.vivox/Runtime/SWIG/SWIGTYPE_p_p_vx_req_aux_render_audio_start.cs
 0.2 kb	 0.0% Packages/com.unity.services.vivox/Runtime/SWIG/SWIGTYPE_p_p_vx_req_aux_render_audio_modify.cs
 0.2 kb	 0.0% Packages/com.unity.services.vivox/Runtime/SWIG/SWIGTYPE_p_p_vx_req_aux_reactivate_account.cs
 0.2 kb	 0.0% Packages/com.unity.services.vivox/Runtime/SWIG/SWIGTYPE_p_p_vx_req_aux_play_audio_buffer.cs
 0.2 kb	 0.0% Packages/com.unity.services.vivox/Runtime/SWIG/SWIGTYPE_p_p_vx_req_aux_get_vad_properties.cs
 0.2 kb	 0.0% Packages/com.unity.services.vivox/Runtime/SWIG/SWIGTYPE_p_p_vx_req_aux_get_speaker_level.cs
 0.2 kb	 0.0% Packages/com.unity.services.vivox/Runtime/SWIG/SWIGTYPE_p_p_vx_req_aux_get_render_devices.cs
 0.2 kb	 0.0% Packages/com.unity.services.vivox/Runtime/SWIG/SWIGTYPE_p_p_vx_req_aux_get_capture_devices.cs
 0.2 kb	 0.0% Packages/com.unity.services.vivox/Runtime/SWIG/SWIGTYPE_p_p_vx_req_aux_deactivate_account.cs
 0.2 kb	 0.0% Packages/com.unity.services.vivox/Runtime/SWIG/SWIGTYPE_p_p_vx_req_aux_connectivity_info.cs
 0.2 kb	 0.0% Packages/com.unity.services.vivox/Runtime/SWIG/SWIGTYPE_p_p_vx_req_aux_capture_audio_stop.cs
 0.2 kb	 0.0% Packages/com.unity.services.vivox/Runtime/SWIG/SWIGTYPE_p_p_vx_req_aux_capture_audio_start.cs
 0.2 kb	 0.0% Packages/com.unity.services.vivox/Runtime/SWIG/SWIGTYPE_p_p_vx_req_account_update_account.cs
 0.2 kb	 0.0% Packages/com.unity.services.vivox/Runtime/SWIG/SWIGTYPE_p_p_vx_req_account_post_crash_dump.cs
 0.2 kb	 0.0% Packages/com.unity.services.vivox/Runtime/SWIG/SWIGTYPE_p_p_vx_req_account_list_block_rules.cs
 0.2 kb	 0.0% Packages/com.unity.services.vivox/Runtime/SWIG/SWIGTYPE_p_p_vx_req_account_delete_message.cs
 0.2 kb	 0.0% Packages/com.unity.services.vivox/Runtime/SWIG/SWIGTYPE_p_p_vx_req_account_channel_get_acl.cs
 0.2 kb	 0.0% Packages/com.unity.services.vivox/Runtime/SWIG/SWIGTYPE_p_p_vx_req_account_channel_add_acl.cs
 0.2 kb	 0.0% Packages/com.unity.services.vivox/Runtime/SWIG/SWIGTYPE_p_p_vx_req_account_authtoken_login.cs
 0.2 kb	 0.0% Packages/com.unity.services.vivox/Runtime/SWIG/SWIGTYPE_p_p_vx_req_account_archive_query.cs
 0.2 kb	 0.0% Packages/com.unity.services.vivox/Runtime/SWIG/SWIGTYPE_p_p_vx_req_account_anonymous_login.cs
 0.2 kb	 0.0% Packages/com.unity.services.vivox/Runtime/SWIG/SWIGTYPE_p_p_p_vx_connectivity_test_result.cs
 0.2 kb	 0.0% Packages/com.unity.services.vivox/Runtime/SWIG/SWIGTYPE_p_f_p_void_p_q_const__char__void.cs
 0.2 kb	 0.0% Packages/com.unity.services.multiplayer/Runtime/DistributedAuthority/SDK/LobbyServiceExceptionExtensions.cs
 0.2 kb	 0.0% Packages/com.unity.services.multiplayer/Runtime/DistributedAuthority/SDK/DistributedAuthorityTransport.cs
 0.2 kb	 0.0% Packages/com.unity.services.multiplayer/Runtime/DistributedAuthority/ErrorMitigation/StatusCodePolicyConfig.cs
 0.2 kb	 0.0% Packages/com.unity.services.core/Runtime/Telemetry/Diagnotstics/DisabledDiagnosticsFactory.cs
 0.2 kb	 0.0% Packages/com.unity.services.core/Runtime/Scheduler/ScheduledInvocationComparer.cs
 0.2 kb	 0.0% Packages/com.unity.services.core/Runtime/Environments/EnvironmentsOptionsExtensions.cs
 0.2 kb	 0.0% Packages/com.unity.services.core/Runtime/Core.Internal/Registry/DependencyTreeInitializeOrderSorter.cs
 0.2 kb	 0.0% Packages/com.unity.services.core/Runtime/Configuration/MemoryConfigurationLoader.cs
 0.2 kb	 0.0% Packages/com.unity.services.authentication/Runtime/Network/AuthenticationWebRequestUtils.cs
 0.2 kb	 0.0% Packages/com.unity.services.authentication/Runtime/Models/Requests/SignInWithExternalTokenRequest.cs
 0.2 kb	 0.0% Packages/com.unity.services.authentication/Runtime/Models/Requests/GameCenter/SignInWithAppleGameCenterRequest.cs
 0.2 kb	 0.0% Packages/com.unity.services.authentication/Runtime/Models/Requests/GameCenter/LinkWithAppleGameCenterRequest.cs
 0.2 kb	 0.0% Packages/com.unity.services.authentication/Runtime/Exceptions/IAuthenticationExceptionHandler.cs
 0.2 kb	 0.0% Packages/com.unity.services.authentication/Runtime/Exceptions/AuthenticationExceptionHandler.cs
 0.2 kb	 0.0% Packages/com.unity.services.authentication/Runtime/Core/AuthenticationPackageInitializer.cs
 0.2 kb	 0.0% Packages/com.unity.services.authentication/Runtime/Components/PlayerAuthenticationEvents.cs
 0.2 kb	 0.0% Packages/com.unity.services.authentication/Runtime/AuthenticationServiceInternal.cs
 0.2 kb	 0.0% Packages/com.unity.services.authentication/Player Accounts/Runtime/Utilities/Network/WebRequestException.cs
 0.2 kb	 0.0% Packages/com.unity.services.authentication/Player Accounts/Runtime/Utilities/Network/NetworkConfiguration.cs
 0.2 kb	 0.0% Packages/com.unity.services.authentication/Player Accounts/Runtime/PlayerAccountService.cs
 0.2 kb	 0.0% Packages/com.unity.multiplayer.tools/NetworkSolutionInterface/Runtime/NullNetworkObjectProvider.cs
 0.2 kb	 0.0% Packages/com.unity.multiplayer.tools/NetworkSimulator/Runtime/NetworkSimulator.cs
 0.2 kb	 0.0% Packages/com.unity.multiplayer.tools/NetworkSimulator/Runtime/NetworkScenario.cs
 0.2 kb	 0.0% Packages/com.unity.multiplayer.tools/NetworkSimulator/Runtime/NetworkEventsApi.cs
 0.2 kb	 0.0% Packages/com.unity.multiplayer.tools/NetworkProfiler/Runtime/Counter/ProfilerCounters.cs
 0.2 kb	 0.0% Packages/com.unity.multiplayer.tools/NetworkProfiler/Runtime/Counter/MetricCounters.cs
 0.2 kb	 0.0% Packages/com.unity.multiplayer.tools/NetworkProfiler/Runtime/Counter/ICounterFactory.cs
 0.2 kb	 0.0% Packages/com.unity.multiplayer.tools/NetworkProfiler/Runtime/Counter/CounterWrapper.cs
 0.2 kb	 0.0% Packages/com.unity.multiplayer.tools/NetVis/Configuration/OwnershipSettings.cs
 0.2 kb	 0.0% Packages/com.unity.multiplayer.tools/NetVis/Configuration/NetVisConfiguration.cs
 0.2 kb	 0.0% Packages/com.unity.multiplayer.tools/NetVis/Configuration/NetVisCommonSettings.cs
 0.2 kb	 0.0% Packages/com.unity.multiplayer.tools/NetVis/Configuration/MeshShadingGradient.cs
 0.2 kb	 0.0% Packages/com.unity.multiplayer.tools/NetVis/Configuration/MatplotlibColorMaps.cs
 0.2 kb	 0.0% Packages/com.unity.multiplayer.tools/NetVis/Configuration/BandwidthSettings.cs
 0.2 kb	 0.0% Packages/com.unity.multiplayer.tools/NetStatsMonitor/Configuration/UssClassNames.cs
 0.2 kb	 0.0% Packages/com.unity.multiplayer.tools/NetStats/Runtime/Metrics/MetricId/MetricTypeSortPriorityAttribue.cs
 0.2 kb	 0.0% Packages/com.unity.multiplayer.tools/MetricTypes/Runtime/MetricTypes/DirectedMetricTypeExtensions.cs
 0.2 kb	 0.0% Packages/com.unity.multiplayer.tools/Adapters/Ngo1/Ngo1AdapterInitializer.cs
 0.2 kb	 0.0% Packages/com.unity.multiplayer.tools/Adapters/Components/Actions/ISimulateDisconnectAndReconnect.cs
 0.2 kb	 0.0% Packages/com.unity.collections/Unity.Collections/GenerateTestsForBurstCompatibilityAttribute.cs
 0.2 kb	 0.0% Packages/com.unity.services.multiplayer/Runtime/Matchmaker/Http/ResponseDeserializationException.cs
 0.2 kb	 0.0% Packages/com.unity.services.multiplayer/Runtime/Lobbies/SDK/LobbyMigrationData/LobbyUploadMigrationDataResults.cs
 0.2 kb	 0.0% Packages/com.unity.services.multiplayer/Runtime/Lobbies/SDK/LobbyMigrationData/LobbyUploadMigrationDataOptions.cs
 0.2 kb	 0.0% Packages/com.unity.multiplayer.tools/Common/Runtime/Visualization/CategoricalColorPalette.cs
 0.2 kb	 0.0% Packages/com.unity.inputsystem/InputSystem/Editor/UITKAssetEditor/Views/CompositePartBindingPropertiesView.cs
 0.2 kb	 0.0% Packages/com.unity.inputsystem/InputSystem/Editor/UITKAssetEditor/Views/CollectionViewSelectionChangeFilter.cs
 0.2 kb	 0.0% Packages/com.unity.inputsystem/InputSystem/Editor/UITKAssetEditor/InputActionsEditorSettingsProvider.cs
 0.2 kb	 0.0% Packages/com.unity.inputsystem/InputSystem/Editor/PropertyDrawers/InputActionReferenceSearchProviders.cs
 0.2 kb	 0.0% Packages/com.unity.inputsystem/InputSystem/Editor/PropertyDrawers/InputActionReferencePropertyDrawer.cs
 0.2 kb	 0.0% Packages/com.unity.inputsystem/InputSystem/Editor/Analytics/InputActionsEditorSessionAnalytic.cs
 0.2 kb	 0.0% Packages/com.unity.inputsystem/InputSystem/Devices/Commands/QueryEditorWindowCoordinatesCommand.cs
 0.2 kb	 0.0% Packages/com.unity.inputsystem/InputSystem/Devices/Commands/InitiateUserAccountPairingCommand.cs
 0.2 kb	 0.0% Packages/com.unity.transport/Runtime/Pipelines/UnreliableSequencedPipelineStage.cs
 0.2 kb	 0.0% Packages/com.unity.transport/Runtime/Pipelines/ReliableSequencedPipelineStage.cs
 0.2 kb	 0.0% Packages/com.unity.services.vivox/Runtime/SWIG/vx_resp_sessiongroup_set_tx_session_t.cs
 0.2 kb	 0.0% Packages/com.unity.services.vivox/Runtime/SWIG/vx_resp_sessiongroup_set_tx_no_session_t.cs
 0.2 kb	 0.0% Packages/com.unity.services.vivox/Runtime/SWIG/vx_resp_sessiongroup_remove_session_t.cs
 0.2 kb	 0.0% Packages/com.unity.services.vivox/Runtime/SWIG/vx_resp_session_transcription_control_t.cs
 0.2 kb	 0.0% Packages/com.unity.services.vivox/Runtime/SWIG/vx_resp_session_channel_invite_user_t.cs
 0.2 kb	 0.0% Packages/com.unity.services.vivox/Runtime/SWIG/vx_resp_connector_set_local_mic_volume_t.cs
 0.2 kb	 0.0% Packages/com.unity.services.vivox/Runtime/SWIG/vx_resp_connector_mute_local_speaker_t.cs
 0.2 kb	 0.0% Packages/com.unity.services.vivox/Runtime/SWIG/vx_resp_connector_initiate_shutdown_t.cs
 0.2 kb	 0.0% Packages/com.unity.services.vivox/Runtime/SWIG/vx_resp_connector_get_local_audio_info_t.cs
 0.2 kb	 0.0% Packages/com.unity.services.vivox/Runtime/SWIG/vx_resp_aux_set_derumbler_properties_t.cs
 0.2 kb	 0.0% Packages/com.unity.services.vivox/Runtime/SWIG/vx_resp_aux_get_derumbler_properties_t.cs
 0.2 kb	 0.0% Packages/com.unity.services.vivox/Runtime/SWIG/vx_resp_account_set_login_properties_t.cs
 0.2 kb	 0.0% Packages/com.unity.services.vivox/Runtime/SWIG/vx_resp_account_safe_voice_get_consent_t.cs
 0.2 kb	 0.0% Packages/com.unity.services.vivox/Runtime/SWIG/vx_resp_account_list_auto_accept_rules_t.cs
 0.2 kb	 0.0% Packages/com.unity.services.vivox/Runtime/SWIG/vx_resp_account_control_communications_t.cs
 0.2 kb	 0.0% Packages/com.unity.services.vivox/Runtime/SWIG/vx_resp_account_channel_change_owner_t.cs
 0.2 kb	 0.0% Packages/com.unity.services.vivox/Runtime/SWIG/vx_req_sessiongroup_set_tx_no_session_t.cs
 0.2 kb	 0.0% Packages/com.unity.services.vivox/Runtime/SWIG/vx_req_session_transcription_control_t.cs
 0.2 kb	 0.0% Packages/com.unity.services.vivox/Runtime/SWIG/vx_req_session_set_local_render_volume_t.cs
 0.2 kb	 0.0% Packages/com.unity.services.vivox/Runtime/SWIG/vx_req_connector_set_local_mic_volume_t.cs
 0.2 kb	 0.0% Packages/com.unity.services.vivox/Runtime/SWIG/vx_req_connector_mute_local_speaker_t.cs
 0.2 kb	 0.0% Packages/com.unity.services.vivox/Runtime/SWIG/vx_req_connector_get_local_audio_info_t.cs
 0.2 kb	 0.0% Packages/com.unity.services.vivox/Runtime/SWIG/vx_req_aux_set_derumbler_properties_t.cs
 0.2 kb	 0.0% Packages/com.unity.services.vivox/Runtime/SWIG/vx_req_aux_get_derumbler_properties_t.cs
 0.2 kb	 0.0% Packages/com.unity.services.vivox/Runtime/SWIG/vx_req_account_set_login_properties_t.cs
 0.2 kb	 0.0% Packages/com.unity.services.vivox/Runtime/SWIG/vx_req_account_send_subscription_reply_t.cs
 0.2 kb	 0.0% Packages/com.unity.services.vivox/Runtime/SWIG/vx_req_account_safe_voice_get_consent_t.cs
 0.2 kb	 0.0% Packages/com.unity.services.vivox/Runtime/SWIG/vx_req_account_list_buddies_and_groups_t.cs
 0.2 kb	 0.0% Packages/com.unity.services.vivox/Runtime/SWIG/vx_req_account_list_auto_accept_rules_t.cs
 0.2 kb	 0.0% Packages/com.unity.services.vivox/Runtime/SWIG/vx_req_account_delete_auto_accept_rule_t.cs
 0.2 kb	 0.0% Packages/com.unity.services.vivox/Runtime/SWIG/vx_req_account_create_auto_accept_rule_t.cs
 0.2 kb	 0.0% Packages/com.unity.services.vivox/Runtime/SWIG/vx_req_account_control_communications_t.cs
 0.2 kb	 0.0% Packages/com.unity.services.vivox/Runtime/SWIG/vx_req_account_chat_history_set_marker_t.cs
 0.2 kb	 0.0% Packages/com.unity.services.vivox/Runtime/SWIG/vx_req_account_channel_change_owner_t.cs
 0.2 kb	 0.0% Packages/com.unity.services.vivox/Runtime/SWIG/vx_evt_buddy_and_group_list_changed_t.cs
 0.2 kb	 0.0% Packages/com.unity.services.vivox/Runtime/SWIG/SWIGTYPE_p_vx_noise_suppression_level.cs
 0.2 kb	 0.0% Packages/com.unity.services.vivox/Runtime/SWIG/SWIGTYPE_p_p_vx_req_sessiongroup_create.cs
 0.2 kb	 0.0% Packages/com.unity.services.vivox/Runtime/SWIG/SWIGTYPE_p_p_vx_req_session_text_connect.cs
 0.2 kb	 0.0% Packages/com.unity.services.vivox/Runtime/SWIG/SWIGTYPE_p_p_vx_req_session_terminate.cs
 0.2 kb	 0.0% Packages/com.unity.services.vivox/Runtime/SWIG/SWIGTYPE_p_p_vx_req_session_send_message.cs
 0.2 kb	 0.0% Packages/com.unity.services.vivox/Runtime/SWIG/SWIGTYPE_p_p_vx_req_session_send_dtmf.cs
 0.2 kb	 0.0% Packages/com.unity.services.vivox/Runtime/SWIG/SWIGTYPE_p_p_vx_req_session_edit_message.cs
 0.2 kb	 0.0% Packages/com.unity.services.vivox/Runtime/SWIG/SWIGTYPE_p_p_vx_req_channel_mute_user.cs
 0.2 kb	 0.0% Packages/com.unity.services.vivox/Runtime/SWIG/SWIGTYPE_p_p_vx_req_channel_kick_user.cs
 0.2 kb	 0.0% Packages/com.unity.services.vivox/Runtime/SWIG/SWIGTYPE_p_p_vx_req_aux_set_mic_level.cs
 0.2 kb	 0.0% Packages/com.unity.services.vivox/Runtime/SWIG/SWIGTYPE_p_p_vx_req_aux_set_idle_timeout.cs
 0.2 kb	 0.0% Packages/com.unity.services.vivox/Runtime/SWIG/SWIGTYPE_p_p_vx_req_aux_reset_password.cs
 0.2 kb	 0.0% Packages/com.unity.services.vivox/Runtime/SWIG/SWIGTYPE_p_p_vx_req_aux_get_mic_level.cs
 0.2 kb	 0.0% Packages/com.unity.services.vivox/Runtime/SWIG/SWIGTYPE_p_p_vx_req_aux_create_account.cs
 0.2 kb	 0.0% Packages/com.unity.services.vivox/Runtime/SWIG/SWIGTYPE_p_p_vx_req_account_set_presence.cs
 0.2 kb	 0.0% Packages/com.unity.services.vivox/Runtime/SWIG/SWIGTYPE_p_p_vx_req_account_send_message.cs
 0.2 kb	 0.0% Packages/com.unity.services.vivox/Runtime/SWIG/SWIGTYPE_p_p_vx_req_account_get_account.cs
 0.2 kb	 0.0% Packages/com.unity.services.vivox/Runtime/SWIG/SWIGTYPE_p_p_vx_req_account_edit_message.cs
 0.2 kb	 0.0% Packages/com.unity.services.vivox/Runtime/SWIG/SWIGTYPE_p_p_vx_req_account_buddy_set.cs
 0.2 kb	 0.0% Packages/com.unity.services.vivox/Runtime/SWIG/SWIGTYPE_p_p_vx_req_account_buddy_delete.cs
 0.2 kb	 0.0% Packages/com.unity.services.vivox/Runtime/SWIG/SWIGTYPE_p_p_vx_connectivity_test_result.cs
 0.2 kb	 0.0% Packages/com.unity.services.vivox/Runtime/SWIG/SWIGTYPE_p_p_p_vx_state_buddy_contact.cs
 0.2 kb	 0.0% Packages/com.unity.services.vivox/Runtime/SWIG/SWIGTYPE_p_f_p_void_p_void_size_t__int.cs
 0.2 kb	 0.0% Packages/com.unity.services.multiplayer/Runtime/Relay/Http/ResponseDeserializationException.cs
 0.2 kb	 0.0% Packages/com.unity.services.multiplayer/Runtime/Relay/Apis/RelayAllocationsApi.cs
 0.2 kb	 0.0% Packages/com.unity.services.multiplayer/Runtime/Multiplayer/Modules/Network/Handlers/NetworkHandler/GameObjectsNetcodeNetworkHandler.cs
 0.2 kb	 0.0% Packages/com.unity.services.multiplayer/Runtime/Multiplayer/Modules/Matchmaker/MatchmakerInitializationOption.cs
 0.2 kb	 0.0% Packages/com.unity.services.multiplayer/Runtime/Matchmaker/ErrorMitigation/StatusCodePolicyConfig.cs
 0.2 kb	 0.0% Packages/com.unity.services.multiplayer/Runtime/Lobbies/Http/ResponseDeserializationException.cs
 0.2 kb	 0.0% Packages/com.unity.services.multiplayer/Runtime/DistributedAuthority/SDK/DistributedAuthorityService.cs
 0.2 kb	 0.0% Packages/com.unity.services.multiplayer/Runtime/DistributedAuthority/ErrorMitigation/RetryPolicyConfig.cs
 0.2 kb	 0.0% Packages/com.unity.services.core/Runtime/Threading/UnityThreadUtilsInternal.cs
 0.2 kb	 0.0% Packages/com.unity.services.core/Runtime/Telemetry/Metrics/DisabledMetricsFactory.cs
 0.2 kb	 0.0% Packages/com.unity.services.core/Runtime/Core.Internal/Components/Configuration/IProjectConfiguration.cs
 0.2 kb	 0.0% Packages/com.unity.services.core/Runtime/Components/ServicesInitializationEvents.cs
 0.2 kb	 0.0% Packages/com.unity.services.core/Runtime/Analytics/AnalyticsOptionsExtensions.cs
 0.2 kb	 0.0% Packages/com.unity.services.authentication/Runtime/Network/IAuthenticationNetworkClient.cs
 0.2 kb	 0.0% Packages/com.unity.services.authentication/Runtime/Network/AuthenticationNetworkClient.cs
 0.2 kb	 0.0% Packages/com.unity.services.authentication/Runtime/Models/Responses/AuthenticationErrorResponse.cs
 0.2 kb	 0.0% Packages/com.unity.services.authentication/Runtime/Models/Requests/LinkWithExternalTokenRequest.cs
 0.2 kb	 0.0% Packages/com.unity.services.authentication/Runtime/Models/Requests/Code Linking/GenerateSignInCodeRequest.cs
 0.2 kb	 0.0% Packages/com.unity.services.authentication/Player Accounts/Runtime/Utilities/Network/NetworkHandler.cs
 0.2 kb	 0.0% Packages/com.unity.services.authentication/Player Accounts/Runtime/Utilities/Network/INetworkHandler.cs
 0.2 kb	 0.0% Packages/com.unity.services.authentication/Player Accounts/Runtime/Utilities/Network/HttpUtilities.cs
 0.2 kb	 0.0% Packages/com.unity.services.authentication/Player Accounts/Runtime/Utilities/DateTimeWrapper.cs
 0.2 kb	 0.0% Packages/com.unity.services.authentication/Player Accounts/Runtime/Utilities/Browser/IBrowserUtils.cs
 0.2 kb	 0.0% Packages/com.unity.services.authentication/Player Accounts/Runtime/Models/SignInResponse.cs
 0.2 kb	 0.0% Packages/com.unity.netcode.gameobjects/Runtime/Messaging/GenerateSerializationForTypeAttribute.cs
 0.2 kb	 0.0% Packages/com.unity.multiplayer.widgets/Runtime/Session/Widgets/JoinSessionWithMatchmaker.cs
 0.2 kb	 0.0% Packages/com.unity.multiplayer.tools/NetworkSolutionInterface/Runtime/NetworkSolutionInterface.cs
 0.2 kb	 0.0% Packages/com.unity.multiplayer.tools/NetworkSolutionInterface/Runtime/INetworkObjectProvider.cs
 0.2 kb	 0.0% Packages/com.unity.multiplayer.tools/NetworkProfiler/Runtime/Frame/FrameInfo.cs
 0.2 kb	 0.0% Packages/com.unity.multiplayer.tools/NetVis/Configuration/NetVisSettings.cs
 0.2 kb	 0.0% Packages/com.unity.multiplayer.tools/NetVis/Configuration/BandwidthStats.cs
 0.2 kb	 0.0% Packages/com.unity.multiplayer.tools/NetStatsMonitor/Configuration/SampleRate.cs
 0.2 kb	 0.0% Packages/com.unity.multiplayer.tools/NetStats/Runtime/Metrics/MetricsCollectionExtensions.cs
 0.2 kb	 0.0% Packages/com.unity.multiplayer.tools/MetricTypes/Runtime/MetricTypes/StringConversionUtility.cs
 0.2 kb	 0.0% Packages/com.unity.multiplayer.tools/MetricTypes/Runtime/MetricTypes/NetworkObjectIdentifier.cs
 0.2 kb	 0.0% Packages/com.unity.multiplayer.tools/MetricTypes/Runtime/MetricTypes/DirectionalMetricInfo.cs
 0.2 kb	 0.0% Packages/com.unity.multiplayer.tools/MetricTestData/Runtime/TestDataGenerator.cs
 0.2 kb	 0.0% Packages/com.unity.multiplayer.tools/MetricTestData/Runtime/TestDataDispatcher.cs
 0.2 kb	 0.0% Packages/com.unity.multiplayer.tools/MetricTestData/Runtime/TestDataDefinition.cs
 0.2 kb	 0.0% Packages/com.unity.multiplayer.tools/Adapters/Ngo1/ObjectRpcCountCache.cs
 0.2 kb	 0.0% Packages/com.unity.multiplayer.tools/Adapters/Ngo1/ObjectBandwidthCache.cs
 0.2 kb	 0.0% Packages/com.unity.inputsystem/InputSystem/Plugins/UI/StandaloneInputModuleEditor.cs
 0.2 kb	 0.0% Packages/com.unity.inputsystem/InputSystem/Plugins/UI/InputSystemUIInputModuleEditor.cs
 0.1 kb	 0.0% Packages/com.unity.transport/Runtime/Relay/NetworkDriverRelayExtensions.cs
 0.1 kb	 0.0% Packages/com.unity.transport/Runtime/Relay/Messages/RelayMessageConnectRequest.cs
 0.1 kb	 0.0% Packages/com.unity.transport/Runtime/AtomicFreeList.cs
 0.1 kb	 0.0% Packages/com.unity.services.multiplayer/Runtime/Relay/Apis/RelayAllocationsApiRequests.cs
 0.1 kb	 0.0% Packages/com.unity.services.multiplayer/Runtime/MultiplayerInitializer.Matchmaker.cs
 0.1 kb	 0.0% Packages/com.unity.services.multiplayer/Runtime/Matchmaker/SDK/PayloadProxyApiClient.cs
 0.1 kb	 0.0% Packages/com.unity.services.multiplayer/Runtime/Matchmaker/Models/TicketStatusResponseOneOf.cs
 0.1 kb	 0.0% Packages/com.unity.services.multiplayer/Runtime/Matchmaker/Models/CreateBackfillTicketResponse.cs
 0.1 kb	 0.0% Packages/com.unity.services.multiplayer/Runtime/Matchmaker/Models/CreateBackfillTicketRequest.cs
 0.1 kb	 0.0% Packages/com.unity.services.multiplayer/Runtime/Lobbies/SDK/ILobbyServiceSDKConfiguration.cs
 0.1 kb	 0.0% Packages/com.unity.services.multiplayer/Runtime/Lobbies/ErrorMitigation/StatusCodePolicyConfig.cs
 0.1 kb	 0.0% Packages/com.unity.services.multiplayer/Runtime/DistributedAuthority/Scheduler/EngineStateHelper.cs
 0.1 kb	 0.0% Packages/com.unity.services.multiplayer/Runtime/DistributedAuthority/Http/UnityWebRequestHelpers.cs
 0.1 kb	 0.0% Packages/com.unity.services.multiplayer/Runtime/DistributedAuthority/Http/DeserializationSettings.cs
 0.1 kb	 0.0% Packages/com.unity.services.multiplayer/Runtime/DistributedAuthority/Http/DeserializationException.cs
 0.1 kb	 0.0% Packages/com.unity.services.core/Runtime/Core.Internal/Registry/DependencyTreeExceptions.cs
 0.1 kb	 0.0% Packages/com.unity.services.core/Runtime/Core.Internal/Components/Vivox/IVivoxTokenProviderInternal.cs
 0.1 kb	 0.0% Packages/com.unity.services.core/Runtime/Core.Internal/Components/Networking/HttpRequestExtensions.cs
 0.1 kb	 0.0% Packages/com.unity.services.core/Runtime/Core.Internal/Components/Authentication/IServerEnvironmentId.cs
 0.1 kb	 0.0% Packages/com.unity.services.core/Runtime/Core.Internal/Components/Authentication/IServerAccessToken.cs
 0.1 kb	 0.0% Packages/com.unity.services.authentication/Runtime/Generated/Shared/ApiRequestPathBuilder.cs
 0.1 kb	 0.0% Packages/com.unity.services.authentication/Runtime/Generated/Shared/AbstractOpenAPISchema.cs
 0.1 kb	 0.0% Packages/com.unity.netcode.gameobjects/Runtime/Transports/UTP/INetworkStreamDriverConstructor.cs
 0.1 kb	 0.0% Packages/com.unity.multiplayer.widgets/Runtime/Core/Settings/MultiplayerWidgetsSettings.cs
 0.1 kb	 0.0% Packages/com.unity.multiplayer.widgets/Runtime/Core/Base/WidgetServiceInitialization.cs
 0.1 kb	 0.0% Packages/com.unity.multiplayer.widgets/Runtime/Core/Base/Session/CustomWidgetsNetworkHandler.cs
 0.1 kb	 0.0% Packages/com.unity.multiplayer.tools/NetStatsReporting/Runtime/MetricObserverFactory.cs
 0.1 kb	 0.0% Packages/com.unity.multiplayer.tools/MetricTestData/Runtime/Definitions/Adjectives.cs
 0.1 kb	 0.0% Packages/com.unity.multiplayer.tools/Common/Runtime/Visualization/CustomColorSettings.cs
 0.1 kb	 0.0% Packages/com.unity.multiplayer.tools/Adapters/Components/Queries/IGetTransformPredicted.cs
 0.1 kb	 0.0% Packages/com.unity.multiplayer.tools/Adapters/Components/Queries/IGetTransformLastKnown.cs
 0.1 kb	 0.0% Packages/com.unity.inputsystem/InputSystem/Plugins/InputForUI/InputActionAssetVerifier.cs
 0.1 kb	 0.0% Packages/com.unity.inputsystem/InputSystem/Editor/UITKAssetEditor/Views/CompositeBindingPropertiesView.cs
 0.1 kb	 0.0% Packages/com.unity.inputsystem/InputSystem/Editor/UITKAssetEditor/InputActionsEditorWindowUtils.cs
 0.1 kb	 0.0% Packages/com.unity.inputsystem/InputSystem/Editor/PropertyDrawers/InputActionAssetSearchProvider.cs
 0.1 kb	 0.0% Packages/com.unity.inputsystem/InputSystem/Editor/ProjectWideActions/ProjectWideActionsBuildProvider.cs
 0.1 kb	 0.0% Packages/com.unity.inputsystem/InputSystem/Editor/Internal/SerializedPropertyLinqExtensions.cs
 0.1 kb	 0.0% Packages/com.unity.inputsystem/InputSystem/Editor/Internal/InputActionSerializationHelpers.cs
 0.1 kb	 0.0% Packages/com.unity.inputsystem/InputSystem/Editor/EditorInputControlLayoutCache.cs
 0.1 kb	 0.0% Packages/com.unity.inputsystem/InputSystem/Editor/ControlPicker/Layouts/TouchscreenControlPickerLayout.cs
 0.1 kb	 0.0% Packages/com.unity.inputsystem/InputSystem/Editor/ControlPicker/Layouts/DefaultInputControlPickerLayout.cs
 0.1 kb	 0.0% Packages/com.unity.inputsystem/InputSystem/Editor/Analytics/VirtualMouseInputEditorAnalytic.cs
 0.1 kb	 0.0% Packages/com.unity.inputsystem/InputSystem/Editor/Analytics/PlayerInputManagerEditorAnalytic.cs
 0.1 kb	 0.0% Packages/com.unity.inputsystem/InputSystem/Devices/Commands/QuerySamplingFrequencyCommand.cs
 0.1 kb	 0.0% Packages/com.unity.inputsystem/InputSystem/Devices/Commands/QueryPairedUserAccountCommand.cs
 0.1 kb	 0.0% Packages/com.unity.cloud.gltfast/Runtime/Scripts/Animations/AnimationModuleDataInstanceApplierFactory.cs
 0.1 kb	 0.0% Packages/com.unity.transport/Runtime/WebSocketNetworkInterface.cs
 0.1 kb	 0.0% Packages/com.unity.transport/Runtime/StreamSegmentationParameters.cs
 0.1 kb	 0.0% Packages/com.unity.transport/Runtime/Pipelines/FragmentationPipelineStage.cs
 0.1 kb	 0.0% Packages/com.unity.services.vivox/Runtime/SWIG/vx_resp_sessiongroup_unset_focus_t.cs
 0.1 kb	 0.0% Packages/com.unity.services.vivox/Runtime/SWIG/vx_resp_sessiongroup_reset_focus_t.cs
 0.1 kb	 0.0% Packages/com.unity.services.vivox/Runtime/SWIG/vx_resp_sessiongroup_add_session_t.cs
 0.1 kb	 0.0% Packages/com.unity.services.vivox/Runtime/SWIG/vx_resp_session_text_disconnect_t.cs
 0.1 kb	 0.0% Packages/com.unity.services.vivox/Runtime/SWIG/vx_resp_session_set_3d_position_t.cs
 0.1 kb	 0.0% Packages/com.unity.services.vivox/Runtime/SWIG/vx_resp_session_send_notification_t.cs
 0.1 kb	 0.0% Packages/com.unity.services.vivox/Runtime/SWIG/vx_resp_session_mute_local_speaker_t.cs
 0.1 kb	 0.0% Packages/com.unity.services.vivox/Runtime/SWIG/vx_resp_session_media_disconnect_t.cs
 0.1 kb	 0.0% Packages/com.unity.services.vivox/Runtime/SWIG/vx_resp_session_chat_history_query_t.cs
 0.1 kb	 0.0% Packages/com.unity.services.vivox/Runtime/SWIG/vx_resp_connector_mute_local_mic_t.cs
 0.1 kb	 0.0% Packages/com.unity.services.vivox/Runtime/SWIG/vx_resp_channel_get_banned_users_t.cs
 0.1 kb	 0.0% Packages/com.unity.services.vivox/Runtime/SWIG/vx_resp_aux_start_buffer_capture_t.cs
 0.1 kb	 0.0% Packages/com.unity.services.vivox/Runtime/SWIG/vx_resp_aux_render_audio_modify_t.cs
 0.1 kb	 0.0% Packages/com.unity.services.vivox/Runtime/SWIG/vx_resp_aux_get_capture_devices_t.cs
 0.1 kb	 0.0% Packages/com.unity.services.vivox/Runtime/SWIG/vx_resp_aux_diagnostic_state_dump_t.cs
 0.1 kb	 0.0% Packages/com.unity.services.vivox/Runtime/SWIG/vx_resp_aux_capture_audio_start_t.cs
 0.1 kb	 0.0% Packages/com.unity.services.vivox/Runtime/SWIG/vx_resp_account_send_user_app_data_t.cs
 0.1 kb	 0.0% Packages/com.unity.services.vivox/Runtime/SWIG/vx_resp_account_post_crash_dump_t.cs
 0.1 kb	 0.0% Packages/com.unity.services.vivox/Runtime/SWIG/vx_resp_account_list_block_rules_t.cs
 0.1 kb	 0.0% Packages/com.unity.services.vivox/Runtime/SWIG/vx_resp_account_get_template_fonts_t.cs
 0.1 kb	 0.0% Packages/com.unity.services.vivox/Runtime/SWIG/vx_resp_account_get_session_fonts_t.cs
 0.1 kb	 0.0% Packages/com.unity.services.vivox/Runtime/SWIG/vx_resp_account_get_conversations_t.cs
 0.1 kb	 0.0% Packages/com.unity.services.vivox/Runtime/SWIG/vx_resp_account_delete_block_rule_t.cs
 0.1 kb	 0.0% Packages/com.unity.services.vivox/Runtime/SWIG/vx_resp_account_create_block_rule_t.cs
 0.1 kb	 0.0% Packages/com.unity.services.vivox/Runtime/SWIG/vx_resp_account_chat_history_query_t.cs
 0.1 kb	 0.0% Packages/com.unity.services.vivox/Runtime/SWIG/vx_resp_account_channel_remove_acl_t.cs
 0.1 kb	 0.0% Packages/com.unity.services.vivox/Runtime/SWIG/vx_resp_account_channel_get_acl_t.cs
 0.1 kb	 0.0% Packages/com.unity.services.vivox/Runtime/SWIG/vx_resp_account_channel_add_acl_t.cs
 0.1 kb	 0.0% Packages/com.unity.services.vivox/Runtime/SWIG/vx_resp_account_authtoken_login_t.cs
 0.1 kb	 0.0% Packages/com.unity.services.vivox/Runtime/SWIG/vx_resp_account_anonymous_login_t.cs
 0.1 kb	 0.0% Packages/com.unity.services.vivox/Runtime/SWIG/vx_req_sessiongroup_unset_focus_t.cs
 0.1 kb	 0.0% Packages/com.unity.services.vivox/Runtime/SWIG/vx_req_sessiongroup_set_tx_session_t.cs
 0.1 kb	 0.0% Packages/com.unity.services.vivox/Runtime/SWIG/vx_req_sessiongroup_reset_focus_t.cs
 0.1 kb	 0.0% Packages/com.unity.services.vivox/Runtime/SWIG/vx_req_sessiongroup_remove_session_t.cs
 0.1 kb	 0.0% Packages/com.unity.services.vivox/Runtime/SWIG/vx_req_sessiongroup_add_session_t.cs
 0.1 kb	 0.0% Packages/com.unity.services.vivox/Runtime/SWIG/vx_req_session_send_notification_t.cs
 0.1 kb	 0.0% Packages/com.unity.services.vivox/Runtime/SWIG/vx_req_session_mute_local_speaker_t.cs
 0.1 kb	 0.0% Packages/com.unity.services.vivox/Runtime/SWIG/vx_req_session_media_disconnect_t.cs
 0.1 kb	 0.0% Packages/com.unity.services.vivox/Runtime/SWIG/vx_req_session_chat_history_query_t.cs
 0.1 kb	 0.0% Packages/com.unity.services.vivox/Runtime/SWIG/vx_req_session_channel_invite_user_t.cs
 0.1 kb	 0.0% Packages/com.unity.services.vivox/Runtime/SWIG/vx_req_connector_mute_local_mic_t.cs
 0.1 kb	 0.0% Packages/com.unity.services.vivox/Runtime/SWIG/vx_req_connector_initiate_shutdown_t.cs
 0.1 kb	 0.0% Packages/com.unity.services.vivox/Runtime/SWIG/vx_req_channel_get_banned_users_t.cs
 0.1 kb	 0.0% Packages/com.unity.services.vivox/Runtime/SWIG/vx_req_aux_start_buffer_capture_t.cs
 0.1 kb	 0.0% Packages/com.unity.services.vivox/Runtime/SWIG/vx_req_aux_diagnostic_state_dump_t.cs
 0.1 kb	 0.0% Packages/com.unity.services.vivox/Runtime/SWIG/vx_req_account_send_user_app_data_t.cs
 0.1 kb	 0.0% Packages/com.unity.services.vivox/Runtime/SWIG/vx_req_account_list_block_rules_t.cs
 0.1 kb	 0.0% Packages/com.unity.services.vivox/Runtime/SWIG/vx_req_account_get_template_fonts_t.cs
 0.1 kb	 0.0% Packages/com.unity.services.vivox/Runtime/SWIG/vx_req_account_get_session_fonts_t.cs
 0.1 kb	 0.0% Packages/com.unity.services.vivox/Runtime/SWIG/vx_req_account_get_conversations_t.cs
 0.1 kb	 0.0% Packages/com.unity.services.vivox/Runtime/SWIG/vx_req_account_delete_block_rule_t.cs
 0.1 kb	 0.0% Packages/com.unity.services.vivox/Runtime/SWIG/vx_req_account_create_block_rule_t.cs
 0.1 kb	 0.0% Packages/com.unity.services.vivox/Runtime/SWIG/vx_req_account_chat_history_query_t.cs
 0.1 kb	 0.0% Packages/com.unity.services.vivox/Runtime/SWIG/vx_req_account_channel_remove_acl_t.cs
 0.1 kb	 0.0% Packages/com.unity.services.vivox/Runtime/SWIG/vx_evt_session_archive_query_end_t.cs
 0.1 kb	 0.0% Packages/com.unity.services.vivox/Runtime/SWIG/vx_evt_publication_state_changed_t.cs
 0.1 kb	 0.0% Packages/com.unity.services.vivox/Runtime/SWIG/vx_evt_connection_state_changed_t.cs
 0.1 kb	 0.0% Packages/com.unity.services.vivox/Runtime/SWIG/vx_evt_account_send_message_failed_t.cs
 0.1 kb	 0.0% Packages/com.unity.services.vivox/Runtime/SWIG/vx_evt_account_login_state_change_t.cs
 0.1 kb	 0.0% Packages/com.unity.services.vivox/Runtime/SWIG/vx_evt_account_archive_query_end_t.cs
 0.1 kb	 0.0% Packages/com.unity.services.vivox/Runtime/SWIG/SWIGTYPE_p_p_vx_state_sessiongroup.cs
 0.1 kb	 0.0% Packages/com.unity.services.vivox/Runtime/SWIG/SWIGTYPE_p_p_vx_state_participant.cs
 0.1 kb	 0.0% Packages/com.unity.services.vivox/Runtime/SWIG/SWIGTYPE_p_p_vx_state_buddy_group.cs
 0.1 kb	 0.0% Packages/com.unity.services.vivox/Runtime/SWIG/SWIGTYPE_p_p_vx_state_buddy_contact.cs
 0.1 kb	 0.0% Packages/com.unity.services.vivox/Runtime/SWIG/SWIGTYPE_p_p_vx_req_session_create.cs
 0.1 kb	 0.0% Packages/com.unity.services.vivox/Runtime/SWIG/SWIGTYPE_p_p_vx_req_connector_create.cs
 0.1 kb	 0.0% Packages/com.unity.services.vivox/Runtime/SWIG/SWIGTYPE_p_p_vx_req_channel_ban_user.cs
 0.1 kb	 0.0% Packages/com.unity.services.vivox/Runtime/SWIG/SWIGTYPE_p_p_vx_req_account_web_call.cs
 0.1 kb	 0.0% Packages/com.unity.services.vivox/Runtime/SWIG/SWIGTYPE_p_p_vx_req_account_send_sms.cs
 0.1 kb	 0.0% Packages/com.unity.services.vivox/Runtime/SWIG/SWIGTYPE_p_p_vx_req_account_logout.cs
 0.1 kb	 0.0% Packages/com.unity.services.vivox/Runtime/SWIG/SWIGTYPE_p_p_vx_req_account_login.cs
 0.1 kb	 0.0% Packages/com.unity.services.vivox/Runtime/SWIG/SWIGTYPE_p_p_p_vx_state_sessiongroup.cs
 0.1 kb	 0.0% Packages/com.unity.services.vivox/Runtime/SWIG/SWIGTYPE_p_p_p_vx_state_participant.cs
 0.1 kb	 0.0% Packages/com.unity.services.vivox/Runtime/SWIG/SWIGTYPE_p_p_p_vx_state_connector.cs
 0.1 kb	 0.0% Packages/com.unity.services.vivox/Runtime/SWIG/SWIGTYPE_p_p_p_vx_state_buddy_group.cs
 0.1 kb	 0.0% Packages/com.unity.services.vivox/Runtime/SWIG/SWIGTYPE_p_p_p_vx_name_value_pair.cs
 0.1 kb	 0.0% Packages/com.unity.services.vivox/Runtime/SWIG/SWIGTYPE_p_p_p_vx_auto_accept_rule.cs
 0.1 kb	 0.0% Packages/com.unity.services.vivox/Runtime/SWIG/SWIGTYPE_p_f_size_t_size_t__p_void.cs
 0.1 kb	 0.0% Packages/com.unity.services.vivox/Runtime/SWIG/SWIGTYPE_p_f_p_void_size_t__p_void.cs
 0.1 kb	 0.0% Packages/com.unity.services.qos/Runtime/v2/Http/ResponseDeserializationException.cs
 0.1 kb	 0.0% Packages/com.unity.services.qos/Runtime/Models/QosServiceServersResponseBody.cs
 0.1 kb	 0.0% Packages/com.unity.services.multiplayer/Runtime/Relay/SDK/IRelayServiceSDKConfiguration.cs
 0.1 kb	 0.0% Packages/com.unity.services.multiplayer/Runtime/Relay/ErrorMitigation/StatusCodePolicyConfig.cs
 0.1 kb	 0.0% Packages/com.unity.services.multiplayer/Runtime/Multiplayer/WrappedMultiplayerService.cs
 0.1 kb	 0.0% Packages/com.unity.services.multiplayer/Runtime/Matchmaker/SDK/IMatchmakerSdkConfiguration.cs
 0.1 kb	 0.0% Packages/com.unity.services.multiplayer/Runtime/Matchmaker/SDK/Exceptions/MatchmakerServiceException.cs
 0.1 kb	 0.0% Packages/com.unity.services.multiplayer/Runtime/Matchmaker/SDK/CreateBackfillTicketOptions.cs
 0.1 kb	 0.0% Packages/com.unity.services.multiplayer/Runtime/Matchmaker/InternalMatchmakerServiceSdk.cs
 0.1 kb	 0.0% Packages/com.unity.services.multiplayer/Runtime/Matchmaker/ErrorMitigation/RetryPolicyConfig.cs
 0.1 kb	 0.0% Packages/com.unity.services.multiplayer/Runtime/DistributedAuthority/SDK/InternalDaLobbyService.cs
 0.1 kb	 0.0% Packages/com.unity.services.multiplayer/Runtime/DistributedAuthority/Models/ErrorResponseBody.cs
 0.1 kb	 0.0% Packages/com.unity.services.multiplayer/Runtime/DistributedAuthority/ErrorMitigation/RetryPolicy.cs
 0.1 kb	 0.0% Packages/com.unity.services.multiplayer/Runtime/DistributedAuthority/ErrorMitigation/IRetryPolicy.cs
 0.1 kb	 0.0% Packages/com.unity.services.core/Runtime/Telemetry/Diagnotstics/DisabledDiagnostics.cs
 0.1 kb	 0.0% Packages/com.unity.services.core/Runtime/Telemetry/Diagnotstics/DiagnosticsFactory.cs
 0.1 kb	 0.0% Packages/com.unity.services.core/Runtime/Scheduler/ScheduledInvocation.cs
 0.1 kb	 0.0% Packages/com.unity.services.core/Runtime/Scheduler/MinimumBinaryHeap.cs
 0.1 kb	 0.0% Packages/com.unity.services.core/Runtime/Registration/CorePackageInitializer.cs
 0.1 kb	 0.0% Packages/com.unity.services.core/Runtime/Networking/UnityWebRequestClient.cs
 0.1 kb	 0.0% Packages/com.unity.services.core/Runtime/Environments/Internal/Environments.cs
 0.1 kb	 0.0% Packages/com.unity.services.core/Runtime/Core.Internal/Serialization/NewtonsoftSerializer.cs
 0.1 kb	 0.0% Packages/com.unity.services.core/Runtime/Core.Internal/Registry/PackageInitializationInfo.cs
 0.1 kb	 0.0% Packages/com.unity.services.core/Runtime/Core.Internal/Registry/CircularDependencyException.cs
 0.1 kb	 0.0% Packages/com.unity.services.core/Runtime/Configuration/Utils/StreamingAssetsUtils.cs
 0.1 kb	 0.0% Packages/com.unity.services.core/Runtime/Configuration/ProjectConfiguration.cs
 0.1 kb	 0.0% Packages/com.unity.services.core/Runtime/Configuration/IConfigurationLoader.cs
 0.1 kb	 0.0% Packages/com.unity.services.core/Runtime/Configuration/ConfigurationUtils.cs
 0.1 kb	 0.0% Packages/com.unity.services.core/Runtime/Configuration/ConfigurationEntry.cs
 0.1 kb	 0.0% Packages/com.unity.services.core/Runtime/Components/ServicesInitialization.cs
 0.1 kb	 0.0% Packages/com.unity.services.authentication/Runtime/Utilities/CodeChallengeGenerator.cs
 0.1 kb	 0.0% Packages/com.unity.services.authentication/Runtime/Network/AuthenticationApiClient.cs
 0.1 kb	 0.0% Packages/com.unity.services.authentication/Runtime/Models/Settings/INetworkConfiguration.cs
 0.1 kb	 0.0% Packages/com.unity.services.authentication/Runtime/Models/Settings/IAuthenticationSettings.cs
 0.1 kb	 0.0% Packages/com.unity.services.authentication/Runtime/Models/Settings/AuthenticationSettings.cs
 0.1 kb	 0.0% Packages/com.unity.services.authentication/Runtime/Models/Security/AccessTokenExtraClaims.cs
 0.1 kb	 0.0% Packages/com.unity.services.authentication/Runtime/Models/Responses/GetNotificationsResponse.cs
 0.1 kb	 0.0% Packages/com.unity.services.authentication/Runtime/Models/Responses/CodeLinkConfirmResponse.cs
 0.1 kb	 0.0% Packages/com.unity.services.authentication/Runtime/Models/Requests/UsernamePasswordRequest.cs
 0.1 kb	 0.0% Packages/com.unity.services.authentication/Runtime/Models/Requests/UpdatePasswordRequest.cs
 0.1 kb	 0.0% Packages/com.unity.services.authentication/Runtime/Models/Requests/SignInWithSteamRequest.cs
 0.1 kb	 0.0% Packages/com.unity.services.authentication/Runtime/Models/Requests/Oculus/SignInWithOculusRequest.cs
 0.1 kb	 0.0% Packages/com.unity.services.authentication/Runtime/Models/Requests/Oculus/LinkWithOculusRequest.cs
 0.1 kb	 0.0% Packages/com.unity.services.authentication/Runtime/Models/Requests/Code Linking/SignInWithCodeRequest.cs
 0.1 kb	 0.0% Packages/com.unity.services.authentication/Runtime/Models/Requests/Code Linking/ConfirmSignInCodeRequest.cs
 0.1 kb	 0.0% Packages/com.unity.services.authentication/Runtime/Models/Requests/AppleGameCenterConfig.cs
 0.1 kb	 0.0% Packages/com.unity.services.authentication/Runtime/Models/Components/SessionTokenComponent.cs
 0.1 kb	 0.0% Packages/com.unity.services.authentication/Runtime/Models/Components/EnvironmentIdComponent.cs
 0.1 kb	 0.0% Packages/com.unity.services.authentication/Runtime/Metrics/IAuthenticationMetrics.cs
 0.1 kb	 0.0% Packages/com.unity.services.authentication/Runtime/Metrics/AuthenticationMetrics.cs
 0.1 kb	 0.0% Packages/com.unity.services.authentication/Runtime/IAuthenticationService.cs
 0.1 kb	 0.0% Packages/com.unity.services.authentication/Runtime/Generated/PlayerNames/Model/UpdateNameRequest.cs
 0.1 kb	 0.0% Packages/com.unity.services.authentication/Runtime/Exceptions/AuthenticationException.cs
 0.1 kb	 0.0% Packages/com.unity.services.authentication/Runtime/Exceptions/AuthenticationErrorCodes.cs
 0.1 kb	 0.0% Packages/com.unity.services.authentication/Runtime/Core/AuthenticationExtensions.cs
 0.1 kb	 0.0% Packages/com.unity.services.authentication/Runtime/Components/PlayerAuthentication.cs
 0.1 kb	 0.0% Packages/com.unity.services.authentication/Runtime/AuthenticationService.cs
 0.1 kb	 0.0% Packages/com.unity.services.authentication/Player Accounts/Runtime/Utilities/UriHelper.cs
 0.1 kb	 0.0% Packages/com.unity.services.authentication/Player Accounts/Runtime/Utilities/Network/WebRequest.cs
 0.1 kb	 0.0% Packages/com.unity.services.authentication/Player Accounts/Runtime/Utilities/JwtDecoder.cs
 0.1 kb	 0.0% Packages/com.unity.services.authentication/Player Accounts/Runtime/Utilities/Browser/BrowserUtils.cs
 0.1 kb	 0.0% Packages/com.unity.services.authentication/Player Accounts/Runtime/Extensions/UnityServicesExtensions.cs
 0.1 kb	 0.0% Packages/com.unity.netcode.gameobjects/Runtime/Transports/SinglePlayer/SinglePlayerTransport.cs
 0.1 kb	 0.0% Packages/com.unity.netcode.gameobjects/Runtime/NetworkVariable/Serialization/TypedILPPInitializers.cs
 0.1 kb	 0.0% Packages/com.unity.netcode.gameobjects/Runtime/Messaging/Messages/AnticipationCounterSyncPingMessage.cs
 0.1 kb	 0.0% Packages/com.unity.netcode.gameobjects/Runtime/Components/Interpolator/BufferedLinearInterpolatorVector3.cs
 0.1 kb	 0.0% Packages/com.unity.netcode.gameobjects/Runtime/Components/Interpolator/BufferedLinearInterpolatorQuaternion.cs
 0.1 kb	 0.0% Packages/com.unity.multiplayer.widgets/Runtime/Session/Widgets/SessionPlayerList/SessionPlayerListItem.cs
 0.1 kb	 0.0% Packages/com.unity.multiplayer.tools/NetworkProfiler/Runtime/Counter/ICounter.cs
 0.1 kb	 0.0% Packages/com.unity.multiplayer.tools/NetStats/Runtime/Serialization/Cloned/BufferSerializerWriter.cs
 0.1 kb	 0.0% Packages/com.unity.multiplayer.tools/NetStats/Runtime/Serialization/Cloned/BufferSerializerReader.cs
 0.1 kb	 0.0% Packages/com.unity.multiplayer.tools/NetStats/Runtime/Metrics/MetricId/MetricTypeEnumAttribute.cs
 0.1 kb	 0.0% Packages/com.unity.multiplayer.tools/NetStats/Runtime/Metrics/MetricId/MetricMetadataAttribute.cs
 0.1 kb	 0.0% Packages/com.unity.multiplayer.tools/NetStats/Runtime/Dispatch/MetricDispatcherBuilder.cs
 0.1 kb	 0.0% Packages/com.unity.multiplayer.tools/NetStats/Runtime/Dispatch/MetricCollectionBuilder.cs
 0.1 kb	 0.0% Packages/com.unity.multiplayer.tools/MetricTypes/Runtime/MetricTypes/UnnamedMessageEvent.cs
 0.1 kb	 0.0% Packages/com.unity.multiplayer.tools/MetricTypes/Runtime/MetricTypes/OwnershipChangeEvent.cs
 0.1 kb	 0.0% Packages/com.unity.multiplayer.tools/MetricTypes/Runtime/MetricTypes/ObjectSpawnedEvent.cs
 0.1 kb	 0.0% Packages/com.unity.multiplayer.tools/MetricTypes/Runtime/MetricTypes/ObjectDestroyedEvent.cs
 0.1 kb	 0.0% Packages/com.unity.multiplayer.tools/MetricTypes/Runtime/MetricTypes/NetworkVariableEvent.cs
 0.1 kb	 0.0% Packages/com.unity.multiplayer.tools/MetricTypes/Runtime/MetricTypes/NetworkMetricTypes.cs
 0.1 kb	 0.0% Packages/com.unity.multiplayer.tools/MetricTypes/Runtime/MetricTypes/NetworkMessageEvent.cs
 0.1 kb	 0.0% Packages/com.unity.multiplayer.tools/MetricTypes/Runtime/MetricTypes/NamedMessageEvent.cs
 0.1 kb	 0.0% Packages/com.unity.multiplayer.tools/MetricTypes/Runtime/MetricTypes/INetworkObjectEvent.cs
 0.1 kb	 0.0% Packages/com.unity.multiplayer.tools/MetricTypes/Runtime/MetricTypes/INetworkMetricEvent.cs
 0.1 kb	 0.0% Packages/com.unity.multiplayer.tools/MetricTestData/Runtime/TestDataTrends.cs
 0.1 kb	 0.0% Packages/com.unity.multiplayer.tools/MetricTestData/Runtime/Dispatch/TestDataTracker.cs
 0.1 kb	 0.0% Packages/com.unity.multiplayer.tools/MetricTestData/Runtime/Dispatch/ITestDataTracker.cs
 0.1 kb	 0.0% Packages/com.unity.multiplayer.tools/Initialization/ContextsInitializer.cs
 0.1 kb	 0.0% Packages/com.unity.multiplayer.tools/Initialization/ContextsDefinition.cs
 0.1 kb	 0.0% Packages/com.unity.multiplayer.tools/Common/Runtime/Helpers/RuntimeUpdaterBehaviour.cs
 0.1 kb	 0.0% Packages/com.unity.multiplayer.tools/Common/Runtime/Extensions/VisualElementExtensions.cs
 0.1 kb	 0.0% Packages/com.unity.multiplayer.tools/Common/Runtime/Extensions/ReadOnlyListExtensions.cs
 0.1 kb	 0.0% Packages/com.unity.multiplayer.tools/Common/Runtime/Data/ExponentialMovingAverage.cs
 0.1 kb	 0.0% Packages/com.unity.multiplayer.tools/Adapters/Exceptions/NoSubscribersException.cs
 0.1 kb	 0.0% Packages/com.unity.multiplayer.tools/Adapters/Components/Events/IMetricCollectionEvent.cs
 0.1 kb	 0.0% Packages/com.unity.multiplayer.tools/Adapters/Components/Actions/IHandleNetworkParameters.cs
 0.1 kb	 0.0% Packages/com.unity.multiplayer.center/Common/SelectedSolutionsData.cs
 0.1 kb	 0.0% Packages/com.unity.inputsystem/InputSystem/Utilities/DisplayStringFormatAttribute.cs
 0.1 kb	 0.0% Packages/com.unity.inputsystem/InputSystem/Plugins/XR/Haptics/SendBufferedHapticsCommand.cs
 0.1 kb	 0.0% Packages/com.unity.inputsystem/InputSystem/Plugins/XR/Haptics/GetHapticCapabilitiesCommand.cs
 0.1 kb	 0.0% Packages/com.unity.inputsystem/InputSystem/Plugins/XR/Haptics/GetCurrentHapticStateCommand.cs
 0.1 kb	 0.0% Packages/com.unity.inputsystem/InputSystem/Plugins/UI/ExtendedSubmitCancelEventData.cs
 0.1 kb	 0.0% Packages/com.unity.inputsystem/InputSystem/Plugins/Android/AndroidGameController.cs
 0.1 kb	 0.0% Packages/com.unity.inputsystem/InputSystem/Controls/Processors/NormalizeVector3Processor.cs
 0.1 kb	 0.0% Packages/com.unity.inputsystem/InputSystem/Controls/Processors/NormalizeVector2Processor.cs
 0.1 kb	 0.0% Packages/com.unity.inputsystem/InputSystem/Controls/Processors/EditorWindowSpaceProcessor.cs
 0.1 kb	 0.0% Packages/com.unity.inputsystem/InputSystem/Controls/Processors/CompensateRotationProcessor.cs
 0.1 kb	 0.0% Packages/com.unity.inputsystem/InputSystem/Controls/Processors/CompensateDirectionProcessor.cs
 0.1 kb	 0.0% Packages/com.unity.collections/Unity.Collections/UnsafeParallelHashSetExtensions.gen.cs
 0.1 kb	 0.0% Packages/com.unity.collections/Unity.Collections/UnsafeParallelHashMap.cs
 0.1 kb	 0.0% Packages/com.unity.transport/Runtime/TLS/UnityTLSConfiguration.cs
 0.1 kb	 0.0% Packages/com.unity.transport/Runtime/TLS/SecureParameters.cs
 0.1 kb	 0.0% Packages/com.unity.transport/Runtime/Relay/RelayNetworkParameter.cs
 0.1 kb	 0.0% Packages/com.unity.transport/Runtime/Relay/Messages/RelayMessageDisconnect.cs
 0.1 kb	 0.0% Packages/com.unity.services.wire/Runtime/Centrifuge/ProtocolSchema/UnsubscribeResult.cs
 0.1 kb	 0.0% Packages/com.unity.services.wire/Runtime/Centrifuge/ProtocolSchema/UnsubscribeRequest.cs
 0.1 kb	 0.0% Packages/com.unity.services.qos/Runtime/v2/ErrorMitigation/StatusCodePolicyConfig.cs
 0.1 kb	 0.0% Packages/com.unity.services.qos/Runtime/Http/ResponseDeserializationException.cs
 0.1 kb	 0.0% Packages/com.unity.services.multiplayer/Runtime/MultiplayerInitializer.Relay.cs
 0.1 kb	 0.0% Packages/com.unity.services.multiplayer/Runtime/MultiplayerInitializer.Lobby.cs
 0.1 kb	 0.0% Packages/com.unity.services.multiplayer/Runtime/MultiplayerInitializer.Da.cs
 0.1 kb	 0.0% Packages/com.unity.services.multiplayer/Runtime/Matchmaker/Models/StoredMatchmakingResults.cs
 0.1 kb	 0.0% Packages/com.unity.services.multiplayer/Runtime/Matchmaker/Models/StoredMatchProperties.cs
 0.1 kb	 0.0% Packages/com.unity.services.multiplayer/Runtime/Matchmaker/Models/BackfillTicketProperties.cs
 0.1 kb	 0.0% Packages/com.unity.services.multiplayer/Runtime/Matchmaker/Http/UnityWebRequestHelpers.cs
 0.1 kb	 0.0% Packages/com.unity.services.multiplayer/Runtime/Matchmaker/Http/DeserializationSettings.cs
 0.1 kb	 0.0% Packages/com.unity.services.multiplayer/Runtime/Matchmaker/Http/DeserializationException.cs
 0.1 kb	 0.0% Packages/com.unity.services.multiplayer/Runtime/Lobbies/SDK/LobbyUpdates/Internal/LobbyWireTokenProvider.cs
 0.1 kb	 0.0% Packages/com.unity.services.multiplayer/Runtime/Lobbies/SDK/ILobbyServiceInternal.cs
 0.1 kb	 0.0% Packages/com.unity.services.multiplayer/Runtime/Lobbies/ErrorMitigation/RetryPolicyConfig.cs
 0.1 kb	 0.0% Packages/com.unity.services.multiplayer/Runtime/DistributedAuthority/Models/DistributedAuthorityIOneOf.cs
 0.1 kb	 0.0% Packages/com.unity.services.multiplayer/Runtime/DistributedAuthority/Http/JsonObjectConverter.cs
 0.1 kb	 0.0% Packages/com.unity.services.multiplayer/Runtime/DistributedAuthority/Http/IsolatedJsonConvert.cs
 0.1 kb	 0.0% Packages/com.unity.services.multiplayer/Runtime/DistributedAuthority/Http/HttpClientResponse.cs
 0.1 kb	 0.0% Packages/com.unity.services.core/Runtime/Core/DynamicDependency/PreserveDependencyAttribute.cs
 0.1 kb	 0.0% Packages/com.unity.services.core/Runtime/Core.Internal/Components/Threading/IUnityThreadUtils.cs
 0.1 kb	 0.0% Packages/com.unity.services.core/Runtime/Core.Internal/Components/Telemetry/IDiagnosticsFactory.cs
 0.1 kb	 0.0% Packages/com.unity.services.core/Runtime/Core.Internal/Components/Networking/ReadOnlyHttpResponse.cs
 0.1 kb	 0.0% Packages/com.unity.services.core/Runtime/Core.Internal/Components/Networking/ReadOnlyHttpRequest.cs
 0.1 kb	 0.0% Packages/com.unity.services.core/Runtime/Core.Internal/Components/Authentication/IPlayerNameComponent.cs
 0.1 kb	 0.0% Packages/com.unity.services.core/Runtime/Core.Internal/Components/Authentication/IAccessTokenObserver.cs
 0.1 kb	 0.0% Packages/com.unity.services.authentication/Runtime/Generated/Shared/OpenAPIDateConverter.cs
 0.1 kb	 0.0% Packages/com.unity.services.authentication/Runtime/Generated/Shared/IApiConfiguration.cs
 0.1 kb	 0.0% Packages/com.unity.services.authentication/Runtime/Generated/Shared/ApiRequestOptions.cs
 0.1 kb	 0.0% Packages/com.unity.netcode.gameobjects/Runtime/Transports/UTP/NetworkMetricsPipelineStage.cs
 0.1 kb	 0.0% Packages/com.unity.multiplayer.widgets/Runtime/Vivox/Widgets/SelectOutputAudioDevice.cs
 0.1 kb	 0.0% Packages/com.unity.multiplayer.widgets/Runtime/Vivox/Widgets/SelectInputAudioDevice.cs
 0.1 kb	 0.0% Packages/com.unity.multiplayer.widgets/Runtime/Core/Base/Widget/WidgetEventDispatcher.cs
 0.1 kb	 0.0% Packages/com.unity.multiplayer.tools/MetricTypes/Runtime/MetricTypes/MetricTypeExtensions.cs
 0.1 kb	 0.0% Packages/com.unity.multiplayer.tools/MetricTestData/Runtime/Definitions/Verbs.cs
 0.1 kb	 0.0% Packages/com.unity.multiplayer.tools/MetricTestData/Runtime/Definitions/Nouns.cs
 0.1 kb	 0.0% Packages/com.unity.multiplayer.tools/Common/Runtime/NetworkTypes/NetworkDirection.cs
 0.1 kb	 0.0% Packages/com.unity.inputsystem/InputSystem/State/IInputStateCallbackReceiver.cs
 0.1 kb	 0.0% Packages/com.unity.inputsystem/InputSystem/Plugins/InputForUI/InputSystemProvider.cs
 0.1 kb	 0.0% Packages/com.unity.inputsystem/InputSystem/Plugins/DualShock/DualShockGamepadHID.cs
 0.1 kb	 0.0% Packages/com.unity.inputsystem/InputSystem/Editor/UITKAssetEditor/Views/NameAndParametersListView.cs
 0.1 kb	 0.0% Packages/com.unity.inputsystem/InputSystem/Editor/UITKAssetEditor/Views/InputActionMapsTreeViewItem.cs
 0.1 kb	 0.0% Packages/com.unity.inputsystem/InputSystem/Editor/UITKAssetEditor/InputActionsEditorConstants.cs
 0.1 kb	 0.0% Packages/com.unity.inputsystem/InputSystem/Editor/Settings/InputSettingsBuildProvider.cs
 0.1 kb	 0.0% Packages/com.unity.inputsystem/InputSystem/Editor/Settings/EditorPlayerSettingHelpers.cs
 0.1 kb	 0.0% Packages/com.unity.inputsystem/InputSystem/Editor/PropertyDrawers/InputActionPropertyDrawer.cs
 0.1 kb	 0.0% Packages/com.unity.inputsystem/InputSystem/Editor/PropertyDrawers/GamepadButtonPropertyDrawer.cs
 0.1 kb	 0.0% Packages/com.unity.inputsystem/InputSystem/Editor/Internal/SerializedPropertyHelpers.cs
 0.1 kb	 0.0% Packages/com.unity.inputsystem/InputSystem/Editor/Internal/AdvancedDropdown/AdvancedDropdownDataSource.cs
 0.1 kb	 0.0% Packages/com.unity.inputsystem/InputSystem/Editor/InputSystemPackageControl.cs
 0.1 kb	 0.0% Packages/com.unity.inputsystem/InputSystem/Editor/Debugger/SampleFrequencyCalculator.cs
 0.1 kb	 0.0% Packages/com.unity.inputsystem/InputSystem/Editor/Debugger/InputDeviceDebuggerWindow.cs
 0.1 kb	 0.0% Packages/com.unity.inputsystem/InputSystem/Editor/Debugger/InputActionDebuggerWindow.cs
 0.1 kb	 0.0% Packages/com.unity.inputsystem/InputSystem/Editor/ControlPicker/InputControlPickerDropdown.cs
 0.1 kb	 0.0% Packages/com.unity.inputsystem/InputSystem/Editor/ControlPicker/IInputControlPickerLayout.cs
 0.1 kb	 0.0% Packages/com.unity.inputsystem/InputSystem/Editor/AssetImporter/InputActionImporterEditor.cs
 0.1 kb	 0.0% Packages/com.unity.inputsystem/InputSystem/Editor/AssetImporter/InputActionAssetIconLoader.cs
 0.1 kb	 0.0% Packages/com.unity.inputsystem/InputSystem/Editor/AssetEditor/InputBindingPropertiesView.cs
 0.1 kb	 0.0% Packages/com.unity.inputsystem/InputSystem/Editor/AssetEditor/InputActionPropertiesView.cs
 0.1 kb	 0.0% Packages/com.unity.inputsystem/InputSystem/Editor/Analytics/PlayerInputEditorAnalytic.cs
 0.1 kb	 0.0% Packages/com.unity.inputsystem/InputSystem/Editor/Analytics/OnScreenStickEditorAnalytic.cs
 0.1 kb	 0.0% Packages/com.unity.inputsystem/InputSystem/Editor/Analytics/InputExitPlayModeAnalytic.cs
 0.1 kb	 0.0% Packages/com.unity.inputsystem/InputSystem/Editor/Analytics/InputComponentEditorAnalytic.cs
 0.1 kb	 0.0% Packages/com.unity.inputsystem/InputSystem/Devices/IInputUpdateCallbackReceiver.cs
 0.1 kb	 0.0% Packages/com.unity.inputsystem/InputSystem/Devices/Commands/SetSamplingFrequencyCommand.cs
 0.1 kb	 0.0% Packages/com.unity.inputsystem/InputSystem/Devices/Commands/SetIMECursorPositionCommand.cs
 0.1 kb	 0.0% Packages/com.unity.inputsystem/InputSystem/Devices/Commands/QueryKeyboardLayoutCommand.cs
 0.1 kb	 0.0% Packages/com.unity.inputsystem/InputSystem/Devices/Commands/EnableIMECompositionCommand.cs
 0.1 kb	 0.0% Packages/com.unity.inputsystem/InputSystem/Controls/InputControlLayoutAttribute.cs
 0.1 kb	 0.0% Packages/com.unity.inputsystem/InputSystem/Actions/InputActionRebindingExtensions.cs
 0.1 kb	 0.0% Packages/com.unity.dedicated-server/MultiplayerRoles/Runtime/MultiplayerRolesManager.cs
 0.1 kb	 0.0% Packages/com.unity.collections/Unity.Collections/UnsafeNotBurstCompatible.cs
 0.1 kb	 0.0% Packages/com.unity.transport/Runtime/WebSocket/WebSocketParameters.cs
 0.1 kb	 0.0% Packages/com.unity.transport/Runtime/UnderlyingConnectionList.cs
 0.1 kb	 0.0% Packages/com.unity.transport/Runtime/Pipelines/SimulatorPipelineStage.cs
 0.1 kb	 0.0% Packages/com.unity.transport/Runtime/Pipelines/FragmentationUtility.cs
 0.1 kb	 0.0% Packages/com.unity.transport/Runtime/NetworkDriverReceiver.cs
 0.1 kb	 0.0% Packages/com.unity.transport/Runtime/Layers/StreamToDatagramLayer.cs
 0.1 kb	 0.0% Packages/com.unity.transport/Runtime/Layers/StreamSegmentationLayer.cs
 0.1 kb	 0.0% Packages/com.unity.transport/Runtime/Layers/SimpleConnectionLayer.cs
 0.1 kb	 0.0% Packages/com.unity.transport/Runtime/BaselibNetworkArray.cs
 0.1 kb	 0.0% Packages/com.unity.services.wire/Runtime/Exceptions/WireExceptions.cs
 0.1 kb	 0.0% Packages/com.unity.services.vivox/Runtime/SWIG/vx_resp_sessiongroup_terminate_t.cs
 0.1 kb	 0.0% Packages/com.unity.services.vivox/Runtime/SWIG/vx_resp_sessiongroup_set_focus_t.cs
 0.1 kb	 0.0% Packages/com.unity.services.vivox/Runtime/SWIG/vx_resp_sessiongroup_get_stats_t.cs
 0.1 kb	 0.0% Packages/com.unity.services.vivox/Runtime/SWIG/vx_resp_sessiongroup_create_t.cs
 0.1 kb	 0.0% Packages/com.unity.services.vivox/Runtime/SWIG/vx_resp_session_text_connect_t.cs
 0.1 kb	 0.0% Packages/com.unity.services.vivox/Runtime/SWIG/vx_resp_session_set_voice_font_t.cs
 0.1 kb	 0.0% Packages/com.unity.services.vivox/Runtime/SWIG/vx_resp_session_send_message_t.cs
 0.1 kb	 0.0% Packages/com.unity.services.vivox/Runtime/SWIG/vx_resp_session_media_connect_t.cs
 0.1 kb	 0.0% Packages/com.unity.services.vivox/Runtime/SWIG/vx_resp_session_edit_message_t.cs
 0.1 kb	 0.0% Packages/com.unity.services.vivox/Runtime/SWIG/vx_resp_session_delete_message_t.cs
 0.1 kb	 0.0% Packages/com.unity.services.vivox/Runtime/SWIG/vx_resp_session_archive_query_t.cs
 0.1 kb	 0.0% Packages/com.unity.services.vivox/Runtime/SWIG/vx_resp_channel_set_lock_mode_t.cs
 0.1 kb	 0.0% Packages/com.unity.services.vivox/Runtime/SWIG/vx_resp_channel_mute_all_users_t.cs
 0.1 kb	 0.0% Packages/com.unity.services.vivox/Runtime/SWIG/vx_resp_aux_set_vad_properties_t.cs
 0.1 kb	 0.0% Packages/com.unity.services.vivox/Runtime/SWIG/vx_resp_aux_set_speaker_level_t.cs
 0.1 kb	 0.0% Packages/com.unity.services.vivox/Runtime/SWIG/vx_resp_aux_set_render_device_t.cs
 0.1 kb	 0.0% Packages/com.unity.services.vivox/Runtime/SWIG/vx_resp_aux_set_idle_timeout_t.cs
 0.1 kb	 0.0% Packages/com.unity.services.vivox/Runtime/SWIG/vx_resp_aux_set_capture_device_t.cs
 0.1 kb	 0.0% Packages/com.unity.services.vivox/Runtime/SWIG/vx_resp_aux_render_audio_stop_t.cs
 0.1 kb	 0.0% Packages/com.unity.services.vivox/Runtime/SWIG/vx_resp_aux_render_audio_start_t.cs
 0.1 kb	 0.0% Packages/com.unity.services.vivox/Runtime/SWIG/vx_resp_aux_reactivate_account_t.cs
 0.1 kb	 0.0% Packages/com.unity.services.vivox/Runtime/SWIG/vx_resp_aux_play_audio_buffer_t.cs
 0.1 kb	 0.0% Packages/com.unity.services.vivox/Runtime/SWIG/vx_resp_aux_get_vad_properties_t.cs
 0.1 kb	 0.0% Packages/com.unity.services.vivox/Runtime/SWIG/vx_resp_aux_get_speaker_level_t.cs
 0.1 kb	 0.0% Packages/com.unity.services.vivox/Runtime/SWIG/vx_resp_aux_get_render_devices_t.cs
 0.1 kb	 0.0% Packages/com.unity.services.vivox/Runtime/SWIG/vx_resp_aux_deactivate_account_t.cs
 0.1 kb	 0.0% Packages/com.unity.services.vivox/Runtime/SWIG/vx_resp_aux_connectivity_info_t.cs
 0.1 kb	 0.0% Packages/com.unity.services.vivox/Runtime/SWIG/vx_resp_aux_capture_audio_stop_t.cs
 0.1 kb	 0.0% Packages/com.unity.services.vivox/Runtime/SWIG/vx_resp_account_update_account_t.cs
 0.1 kb	 0.0% Packages/com.unity.services.vivox/Runtime/SWIG/vx_resp_account_set_presence_t.cs
 0.1 kb	 0.0% Packages/com.unity.services.vivox/Runtime/SWIG/vx_resp_account_send_message_t.cs
 0.1 kb	 0.0% Packages/com.unity.services.vivox/Runtime/SWIG/vx_resp_account_get_account_t.cs
 0.1 kb	 0.0% Packages/com.unity.services.vivox/Runtime/SWIG/vx_resp_account_edit_message_t.cs
 0.1 kb	 0.0% Packages/com.unity.services.vivox/Runtime/SWIG/vx_resp_account_delete_message_t.cs
 0.1 kb	 0.0% Packages/com.unity.services.vivox/Runtime/SWIG/vx_resp_account_buddy_delete_t.cs
 0.1 kb	 0.0% Packages/com.unity.services.vivox/Runtime/SWIG/vx_resp_account_archive_query_t.cs
 0.1 kb	 0.0% Packages/com.unity.services.vivox/Runtime/SWIG/vx_req_sessiongroup_terminate_t.cs
 0.1 kb	 0.0% Packages/com.unity.services.vivox/Runtime/SWIG/vx_req_sessiongroup_set_focus_t.cs
 0.1 kb	 0.0% Packages/com.unity.services.vivox/Runtime/SWIG/vx_req_sessiongroup_get_stats_t.cs
 0.1 kb	 0.0% Packages/com.unity.services.vivox/Runtime/SWIG/vx_req_session_text_disconnect_t.cs
 0.1 kb	 0.0% Packages/com.unity.services.vivox/Runtime/SWIG/vx_req_session_text_connect_t.cs
 0.1 kb	 0.0% Packages/com.unity.services.vivox/Runtime/SWIG/vx_req_session_set_voice_font_t.cs
 0.1 kb	 0.0% Packages/com.unity.services.vivox/Runtime/SWIG/vx_req_session_set_3d_position_t.cs
 0.1 kb	 0.0% Packages/com.unity.services.vivox/Runtime/SWIG/vx_req_session_send_message_t.cs
 0.1 kb	 0.0% Packages/com.unity.services.vivox/Runtime/SWIG/vx_req_session_media_connect_t.cs
 0.1 kb	 0.0% Packages/com.unity.services.vivox/Runtime/SWIG/vx_req_session_edit_message_t.cs
 0.1 kb	 0.0% Packages/com.unity.services.vivox/Runtime/SWIG/vx_req_session_delete_message_t.cs
 0.1 kb	 0.0% Packages/com.unity.services.vivox/Runtime/SWIG/vx_req_session_archive_query_t.cs
 0.1 kb	 0.0% Packages/com.unity.services.vivox/Runtime/SWIG/vx_req_channel_set_lock_mode_t.cs
 0.1 kb	 0.0% Packages/com.unity.services.vivox/Runtime/SWIG/vx_req_channel_mute_all_users_t.cs
 0.1 kb	 0.0% Packages/com.unity.services.vivox/Runtime/SWIG/vx_req_aux_set_vad_properties_t.cs
 0.1 kb	 0.0% Packages/com.unity.services.vivox/Runtime/SWIG/vx_req_aux_set_speaker_level_t.cs
 0.1 kb	 0.0% Packages/com.unity.services.vivox/Runtime/SWIG/vx_req_aux_set_render_device_t.cs
 0.1 kb	 0.0% Packages/com.unity.services.vivox/Runtime/SWIG/vx_req_aux_set_idle_timeout_t.cs
 0.1 kb	 0.0% Packages/com.unity.services.vivox/Runtime/SWIG/vx_req_aux_set_capture_device_t.cs
 0.1 kb	 0.0% Packages/com.unity.services.vivox/Runtime/SWIG/vx_req_aux_render_audio_stop_t.cs
 0.1 kb	 0.0% Packages/com.unity.services.vivox/Runtime/SWIG/vx_req_aux_render_audio_start_t.cs
 0.1 kb	 0.0% Packages/com.unity.services.vivox/Runtime/SWIG/vx_req_aux_render_audio_modify_t.cs
 0.1 kb	 0.0% Packages/com.unity.services.vivox/Runtime/SWIG/vx_req_aux_reactivate_account_t.cs
 0.1 kb	 0.0% Packages/com.unity.services.vivox/Runtime/SWIG/vx_req_aux_play_audio_buffer_t.cs
 0.1 kb	 0.0% Packages/com.unity.services.vivox/Runtime/SWIG/vx_req_aux_get_vad_properties_t.cs
 0.1 kb	 0.0% Packages/com.unity.services.vivox/Runtime/SWIG/vx_req_aux_get_speaker_level_t.cs
 0.1 kb	 0.0% Packages/com.unity.services.vivox/Runtime/SWIG/vx_req_aux_get_render_devices_t.cs
 0.1 kb	 0.0% Packages/com.unity.services.vivox/Runtime/SWIG/vx_req_aux_get_capture_devices_t.cs
 0.1 kb	 0.0% Packages/com.unity.services.vivox/Runtime/SWIG/vx_req_aux_deactivate_account_t.cs
 0.1 kb	 0.0% Packages/com.unity.services.vivox/Runtime/SWIG/vx_req_aux_connectivity_info_t.cs
 0.1 kb	 0.0% Packages/com.unity.services.vivox/Runtime/SWIG/vx_req_aux_capture_audio_stop_t.cs
 0.1 kb	 0.0% Packages/com.unity.services.vivox/Runtime/SWIG/vx_req_aux_capture_audio_start_t.cs
 0.1 kb	 0.0% Packages/com.unity.services.vivox/Runtime/SWIG/vx_req_account_update_account_t.cs
 0.1 kb	 0.0% Packages/com.unity.services.vivox/Runtime/SWIG/vx_req_account_set_presence_t.cs
 0.1 kb	 0.0% Packages/com.unity.services.vivox/Runtime/SWIG/vx_req_account_send_message_t.cs
 0.1 kb	 0.0% Packages/com.unity.services.vivox/Runtime/SWIG/vx_req_account_post_crash_dump_t.cs
 0.1 kb	 0.0% Packages/com.unity.services.vivox/Runtime/SWIG/vx_req_account_edit_message_t.cs
 0.1 kb	 0.0% Packages/com.unity.services.vivox/Runtime/SWIG/vx_req_account_delete_message_t.cs
 0.1 kb	 0.0% Packages/com.unity.services.vivox/Runtime/SWIG/vx_req_account_channel_get_acl_t.cs
 0.1 kb	 0.0% Packages/com.unity.services.vivox/Runtime/SWIG/vx_req_account_channel_add_acl_t.cs
 0.1 kb	 0.0% Packages/com.unity.services.vivox/Runtime/SWIG/vx_req_account_buddy_delete_t.cs
 0.1 kb	 0.0% Packages/com.unity.services.vivox/Runtime/SWIG/vx_req_account_authtoken_login_t.cs
 0.1 kb	 0.0% Packages/com.unity.services.vivox/Runtime/SWIG/vx_req_account_archive_query_t.cs
 0.1 kb	 0.0% Packages/com.unity.services.vivox/Runtime/SWIG/vx_req_account_anonymous_login_t.cs
 0.1 kb	 0.0% Packages/com.unity.services.vivox/Runtime/SWIG/vx_evt_user_to_user_message_t.cs
 0.1 kb	 0.0% Packages/com.unity.services.vivox/Runtime/SWIG/vx_evt_tts_injection_started_t.cs
 0.1 kb	 0.0% Packages/com.unity.services.vivox/Runtime/SWIG/vx_evt_tts_injection_failed_t.cs
 0.1 kb	 0.0% Packages/com.unity.services.vivox/Runtime/SWIG/vx_evt_sessiongroup_updated_t.cs
 0.1 kb	 0.0% Packages/com.unity.services.vivox/Runtime/SWIG/vx_evt_sessiongroup_removed_t.cs
 0.1 kb	 0.0% Packages/com.unity.services.vivox/Runtime/SWIG/vx_evt_session_notification_t.cs
 0.1 kb	 0.0% Packages/com.unity.services.vivox/Runtime/SWIG/vx_evt_session_edit_message_t.cs
 0.1 kb	 0.0% Packages/com.unity.services.vivox/Runtime/SWIG/vx_evt_session_delete_message_t.cs
 0.1 kb	 0.0% Packages/com.unity.services.vivox/Runtime/SWIG/vx_evt_session_archive_message_t.cs
 0.1 kb	 0.0% Packages/com.unity.services.vivox/Runtime/SWIG/vx_evt_media_stream_updated_t.cs
 0.1 kb	 0.0% Packages/com.unity.services.vivox/Runtime/SWIG/vx_evt_aux_audio_properties_t.cs
 0.1 kb	 0.0% Packages/com.unity.services.vivox/Runtime/SWIG/vx_evt_audio_device_hot_swap_t.cs
 0.1 kb	 0.0% Packages/com.unity.services.vivox/Runtime/SWIG/vx_evt_account_edit_message_t.cs
 0.1 kb	 0.0% Packages/com.unity.services.vivox/Runtime/SWIG/vx_evt_account_delete_message_t.cs
 0.1 kb	 0.0% Packages/com.unity.services.vivox/Runtime/SWIG/vx_evt_account_archive_message_t.cs
 0.1 kb	 0.0% Packages/com.unity.services.vivox/Runtime/SWIG/vx_connectivity_test_result_t.cs
 0.1 kb	 0.0% Packages/com.unity.services.vivox/Runtime/SWIG/SWIGTYPE_p_vx_tts_utterance_impl.cs
 0.1 kb	 0.0% Packages/com.unity.services.vivox/Runtime/SWIG/SWIGTYPE_p_p_vx_tts_utterance.cs
 0.1 kb	 0.0% Packages/com.unity.services.vivox/Runtime/SWIG/SWIGTYPE_p_p_vx_state_session.cs
 0.1 kb	 0.0% Packages/com.unity.services.vivox/Runtime/SWIG/SWIGTYPE_p_p_vx_state_connector.cs
 0.1 kb	 0.0% Packages/com.unity.services.vivox/Runtime/SWIG/SWIGTYPE_p_p_vx_state_account.cs
 0.1 kb	 0.0% Packages/com.unity.services.vivox/Runtime/SWIG/SWIGTYPE_p_p_vx_name_value_pair.cs
 0.1 kb	 0.0% Packages/com.unity.services.vivox/Runtime/SWIG/SWIGTYPE_p_p_vx_auto_accept_rule.cs
 0.1 kb	 0.0% Packages/com.unity.services.vivox/Runtime/SWIG/SWIGTYPE_p_p_p_vx_user_channel.cs
 0.1 kb	 0.0% Packages/com.unity.services.vivox/Runtime/SWIG/SWIGTYPE_p_p_p_vx_state_session.cs
 0.1 kb	 0.0% Packages/com.unity.services.vivox/Runtime/SWIG/SWIGTYPE_p_p_p_vx_state_buddy.cs
 0.1 kb	 0.0% Packages/com.unity.services.vivox/Runtime/SWIG/SWIGTYPE_p_p_p_vx_state_account.cs
 0.1 kb	 0.0% Packages/com.unity.services.vivox/Runtime/SWIG/SWIGTYPE_p_p_p_vx_participant.cs
 0.1 kb	 0.0% Packages/com.unity.services.vivox/Runtime/SWIG/SWIGTYPE_p_p_p_vx_conversation.cs
 0.1 kb	 0.0% Packages/com.unity.services.vivox/Runtime/SDK/Utils/InitializationOptionsExtensions.cs
 0.1 kb	 0.0% Packages/com.unity.services.vivox/Runtime/SDK/Models/AudioClippingProtectorParameters.cs
 0.1 kb	 0.0% Packages/com.unity.services.qos/Runtime/ErrorMitigation/StatusCodePolicyConfig.cs
 0.1 kb	 0.0% Packages/com.unity.services.multiplayer/Runtime/Relay/Http/UnityWebRequestHelpers.cs
 0.1 kb	 0.0% Packages/com.unity.services.multiplayer/Runtime/Relay/Http/DeserializationSettings.cs
 0.1 kb	 0.0% Packages/com.unity.services.multiplayer/Runtime/Relay/Http/DeserializationException.cs
 0.1 kb	 0.0% Packages/com.unity.services.multiplayer/Runtime/Relay/ErrorMitigation/RetryPolicyConfig.cs
 0.1 kb	 0.0% Packages/com.unity.services.multiplayer/Runtime/MultiplayerInitializer.cs
 0.1 kb	 0.0% Packages/com.unity.services.multiplayer/Runtime/Multiplayer/Session/Options/ReconnectSessionOptions.cs
 0.1 kb	 0.0% Packages/com.unity.services.multiplayer/Runtime/Multiplayer/Session/Models/Migration/IMigrationDataHandler.cs
 0.1 kb	 0.0% Packages/com.unity.services.multiplayer/Runtime/Multiplayer/Modules/PlayerName/SessionOptionsExtensions.cs
 0.1 kb	 0.0% Packages/com.unity.services.multiplayer/Runtime/Multiplayer/Modules/PlayerName/PlayerNameSessionOption.cs
 0.1 kb	 0.0% Packages/com.unity.services.multiplayer/Runtime/Multiplayer/Modules/PlayerName/PlayerNameModuleProvider.cs
 0.1 kb	 0.0% Packages/com.unity.services.multiplayer/Runtime/Multiplayer/Modules/Network/SessionOptionsExtensions.cs
 0.1 kb	 0.0% Packages/com.unity.services.multiplayer/Runtime/Multiplayer/Modules/Network/IClientSessionNetwork.cs
 0.1 kb	 0.0% Packages/com.unity.services.multiplayer/Runtime/Multiplayer/Modules/Network/Handlers/NetworkHandler/NetworkManagerSession.cs
 0.1 kb	 0.0% Packages/com.unity.services.multiplayer/Runtime/Multiplayer/Modules/Matchmaker/MatchmakerModuleOption.cs
 0.1 kb	 0.0% Packages/com.unity.services.multiplayer/Runtime/Multiplayer/Modules/Matchmaker/BackfillingConfiguration.cs
 0.1 kb	 0.0% Packages/com.unity.services.multiplayer/Runtime/Matchmaker/Scheduler/EngineStateHelper.cs
 0.1 kb	 0.0% Packages/com.unity.services.multiplayer/Runtime/Matchmaker/SDK/WrappedMatchmakerService.cs
 0.1 kb	 0.0% Packages/com.unity.services.multiplayer/Runtime/Matchmaker/ErrorMitigation/RetryPolicy.cs
 0.1 kb	 0.0% Packages/com.unity.services.multiplayer/Runtime/Matchmaker/ErrorMitigation/IRetryPolicy.cs
 0.1 kb	 0.0% Packages/com.unity.services.multiplayer/Runtime/Matchmaker/Apis/TicketsApiRequests.cs
 0.1 kb	 0.0% Packages/com.unity.services.multiplayer/Runtime/Matchmaker/Apis/MatchesApiRequests.cs
 0.1 kb	 0.0% Packages/com.unity.services.multiplayer/Runtime/Matchmaker/Apis/BackfillApiRequests.cs
 0.1 kb	 0.0% Packages/com.unity.services.multiplayer/Runtime/Lobbies/Http/UnityWebRequestHelpers.cs
 0.1 kb	 0.0% Packages/com.unity.services.multiplayer/Runtime/Lobbies/Http/DeserializationSettings.cs
 0.1 kb	 0.0% Packages/com.unity.services.multiplayer/Runtime/Lobbies/Http/DeserializationException.cs
 0.1 kb	 0.0% Packages/com.unity.services.core/Runtime/Telemetry/Metrics/MetricsFactory.cs
 0.1 kb	 0.0% Packages/com.unity.services.core/Runtime/Telemetry/Metrics/DisabledMetrics.cs
 0.1 kb	 0.0% Packages/com.unity.services.core/Runtime/Scheduler/TimeProvider/UtcTimeProvider.cs
 0.1 kb	 0.0% Packages/com.unity.services.core/Runtime/Scheduler/TimeProvider/ITimeProvider.cs
 0.1 kb	 0.0% Packages/com.unity.services.core/Runtime/Scheduler/ActionScheduler.cs
 0.1 kb	 0.0% Packages/com.unity.services.core/Runtime/Networking/HttpServiceConfig.cs
 0.1 kb	 0.0% Packages/com.unity.services.core/Runtime/Device/UserIdProviders/UnityAnalyticsIdentifier.cs
 0.1 kb	 0.0% Packages/com.unity.services.core/Runtime/Device/UserIdProviders/IUserIdentifierProvider.cs
 0.1 kb	 0.0% Packages/com.unity.services.core/Runtime/Core/Initialization/UnityProjectNotLinkedException.cs
 0.1 kb	 0.0% Packages/com.unity.services.core/Runtime/Core/Initialization/ServicesInitializationException.cs
 0.1 kb	 0.0% Packages/com.unity.services.core/Runtime/Core.Internal/UnityServicesInternal.cs
 0.1 kb	 0.0% Packages/com.unity.services.core/Runtime/Core.Internal/UnityServicesInitializer.cs
 0.1 kb	 0.0% Packages/com.unity.services.core/Runtime/Core.Internal/Serialization/IJsonSerializer.cs
 0.1 kb	 0.0% Packages/com.unity.services.core/Runtime/Core.Internal/Registry/ServiceRegistry/LockedServiceRegistry.cs
 0.1 kb	 0.0% Packages/com.unity.services.core/Runtime/Core.Internal/Registry/PackageRegistry/LockedPackageRegistry.cs
 0.1 kb	 0.0% Packages/com.unity.services.core/Runtime/Core.Internal/Registry/IInitializablePackageV2.cs
 0.1 kb	 0.0% Packages/com.unity.services.core/Runtime/Core.Internal/Registry/IInitializablePackage.cs
 0.1 kb	 0.0% Packages/com.unity.services.core/Runtime/Core.Internal/Registry/DependencyTreeExtensions.cs
 0.1 kb	 0.0% Packages/com.unity.services.core/Runtime/Core.Internal/Registry/CoreRegistryInitializer.cs
 0.1 kb	 0.0% Packages/com.unity.services.core/Runtime/Core.Internal/Registry/ComponentRegistry/LockedComponentRegistry.cs
 0.1 kb	 0.0% Packages/com.unity.services.core/Runtime/Core.Internal/Components/Wire/IChannelTokenProvider.cs
 0.1 kb	 0.0% Packages/com.unity.services.core/Runtime/Core.Internal/Components/Environments/IEnvironments.cs
 0.1 kb	 0.0% Packages/com.unity.services.core/Runtime/Core.Internal/Components/Configuration/IExternalUserId.cs
 0.1 kb	 0.0% Packages/com.unity.services.core/Runtime/Core.Internal/Components/Configuration/ICloudProjectId.cs
 0.1 kb	 0.0% Packages/com.unity.services.core/Runtime/Core.Internal/AsyncOperation/IAsyncOperationAwaiter.cs
 0.1 kb	 0.0% Packages/com.unity.services.core/Runtime/Core.Internal/AsyncOperation/AsyncOperationExtensions.cs
 0.1 kb	 0.0% Packages/com.unity.services.core/Runtime/Core.Internal/AsyncOperation/AsyncOperationAwaiter.cs
 0.1 kb	 0.0% Packages/com.unity.services.core/Runtime/Configuration/ExternalUserId.cs
 0.1 kb	 0.0% Packages/com.unity.services.core/Runtime/Configuration/CloudProjectId.cs
 0.1 kb	 0.0% Packages/com.unity.services.core/Runtime/Components/ServicesBehaviour.cs
 0.1 kb	 0.0% Packages/com.unity.services.authentication/Runtime/Utilities/SerializerSettings.cs
 0.1 kb	 0.0% Packages/com.unity.services.authentication/Runtime/Utilities/IsolatedJsonConvert.cs
 0.1 kb	 0.0% Packages/com.unity.services.authentication/Runtime/Utilities/Cache/IAuthenticationCache.cs
 0.1 kb	 0.0% Packages/com.unity.services.authentication/Runtime/Utilities/Cache/AuthenticationCache.cs
 0.1 kb	 0.0% Packages/com.unity.services.authentication/Runtime/Network/WebRequestException.cs
 0.1 kb	 0.0% Packages/com.unity.services.authentication/Runtime/Models/Settings/NetworkConfiguration.cs
 0.1 kb	 0.0% Packages/com.unity.services.authentication/Runtime/Models/Responses/PlayerInfoResponse.cs
 0.1 kb	 0.0% Packages/com.unity.services.authentication/Runtime/Models/Responses/GenerateCodeResponse.cs
 0.1 kb	 0.0% Packages/com.unity.services.authentication/Runtime/Models/Responses/CodeLinkInfoResponse.cs
 0.1 kb	 0.0% Packages/com.unity.services.authentication/Runtime/Models/Requests/SessionTokenRequest.cs
 0.1 kb	 0.0% Packages/com.unity.services.authentication/Runtime/Models/Requests/LinkWithSteamRequest.cs
 0.1 kb	 0.0% Packages/com.unity.services.authentication/Runtime/Models/Requests/Code Linking/CodeLinkInfoRequest.cs
 0.1 kb	 0.0% Packages/com.unity.services.authentication/Runtime/Models/Components/PlayerNameComponent.cs
 0.1 kb	 0.0% Packages/com.unity.services.authentication/Runtime/Models/Components/PlayerIdComponent.cs
 0.1 kb	 0.0% Packages/com.unity.services.authentication/Runtime/Models/Components/AccessTokenComponent.cs
 0.1 kb	 0.0% Packages/com.unity.services.authentication/Runtime/Generated/PlayerNames/Api/PlayerNamesApi.cs
 0.1 kb	 0.0% Packages/com.unity.services.authentication/Player Accounts/Runtime/Utilities/Logger.cs
 0.1 kb	 0.0% Packages/com.unity.services.authentication/Player Accounts/Runtime/Models/IdToken.cs
 0.1 kb	 0.0% Packages/com.unity.services.authentication/Player Accounts/Runtime/Models/BaseJwt.cs
 0.1 kb	 0.0% Packages/com.unity.netcode.gameobjects/Runtime/Spawning/INetworkPrefabInstanceHandler.cs
 0.1 kb	 0.0% Packages/com.unity.netcode.gameobjects/Runtime/NetworkVariable/Serialization/CollectionSerializationUtility.cs
 0.1 kb	 0.0% Packages/com.unity.netcode.gameobjects/Runtime/Messaging/IDeferredNetworkMessageManager.cs
 0.1 kb	 0.0% Packages/com.unity.netcode.gameobjects/Runtime/Exceptions/NetworkConfigurationException.cs
 0.1 kb	 0.0% Packages/com.unity.netcode.gameobjects/Runtime/Components/RigidbodyContactEventManager.cs
 0.1 kb	 0.0% Packages/com.unity.netcode.gameobjects/Runtime/Components/Interpolator/BufferedLinearInterpolatorFloat.cs
 0.1 kb	 0.0% Packages/com.unity.netcode.gameobjects/Runtime/Components/AnticipatedNetworkTransform.cs
 0.1 kb	 0.0% Packages/com.unity.multiplayer.widgets/Runtime/Session/Widgets/SessionPlayerList/SessionPlayerList.cs
 0.1 kb	 0.0% Packages/com.unity.multiplayer.widgets/Runtime/Session/Widgets/JoinSessionByCode.cs
 0.1 kb	 0.0% Packages/com.unity.multiplayer.tools/NetStats/Runtime/Serialization/NetStatSerializer.cs
 0.1 kb	 0.0% Packages/com.unity.multiplayer.tools/NetStats/Runtime/Serialization/INetStatSerializer.cs
 0.1 kb	 0.0% Packages/com.unity.multiplayer.tools/NetStats/Runtime/Serialization/Cloned/INetworkSerializable.cs
 0.1 kb	 0.0% Packages/com.unity.multiplayer.tools/NetStats/Runtime/Metrics/MetricIdTypeLibrary.cs
 0.1 kb	 0.0% Packages/com.unity.multiplayer.tools/NetStats/Runtime/Metrics/EventMetricFactory.cs
 0.1 kb	 0.0% Packages/com.unity.multiplayer.tools/NetStats/Runtime/Dispatch/IMetricDispatcher.cs
 0.1 kb	 0.0% Packages/com.unity.multiplayer.tools/MetricTypes/Runtime/MetricTypes/ServerLogEvent.cs
 0.1 kb	 0.0% Packages/com.unity.multiplayer.tools/MetricTypes/Runtime/MetricTypes/SceneEventMetric.cs
 0.1 kb	 0.0% Packages/com.unity.multiplayer.tools/MetricTypes/Runtime/MetricTypes/ConnectionInfo.cs
 0.1 kb	 0.0% Packages/com.unity.multiplayer.tools/MetricEvents/Runtime/MetricEvents.cs
 0.1 kb	 0.0% Packages/com.unity.multiplayer.tools/Common/Runtime/NetworkTypes/BytesSentAndReceived.cs
 0.1 kb	 0.0% Packages/com.unity.multiplayer.tools/Common/Runtime/NetworkTypes/BandwidthTypes.cs
 0.1 kb	 0.0% Packages/com.unity.multiplayer.tools/Common/Runtime/Extensions/DictionaryExtensions.cs
 0.1 kb	 0.0% Packages/com.unity.multiplayer.tools/Common/Runtime/Data/RingBufferExtensions.cs
 0.1 kb	 0.0% Packages/com.unity.multiplayer.tools/Common/Runtime/Data/LogNormalRandomWalk.cs
 0.1 kb	 0.0% Packages/com.unity.multiplayer.tools/Adapters/Utp2/Utp2Adapter.cs
 0.1 kb	 0.0% Packages/com.unity.multiplayer.tools/Adapters/Ngo1/Ngo1Adapter.cs
 0.1 kb	 0.0% Packages/com.unity.multiplayer.tools/Adapters/IAdapterComponent.cs
 0.1 kb	 0.0% Packages/com.unity.multiplayer.tools/Adapters/Components/Queries/INetworkAvailability.cs
 0.1 kb	 0.0% Packages/com.unity.multiplayer.tools/Adapters/Components/Events/IGetConnectionStatus.cs
 0.1 kb	 0.0% Packages/com.unity.multiplayer.tools/Adapters/Components/Events/IGetConnectedClients.cs
 0.1 kb	 0.0% Packages/com.unity.multiplayer.tools/Adapters/Components/Actions/ISimulateReconnect.cs
 0.1 kb	 0.0% Packages/com.unity.multiplayer.tools/Adapters/Components/Actions/ISimulateDisconnect.cs
 0.1 kb	 0.0% Packages/com.unity.multiplayer.playmode/Common/Runtime/Log/MppmLog.cs
 0.1 kb	 0.0% Packages/com.unity.multiplayer.center/Common/IOnboardingSection.cs
 0.1 kb	 0.0% Packages/com.unity.inputsystem/InputSystem/Utilities/Observables/ForDeviceEventObservable.cs
 0.1 kb	 0.0% Packages/com.unity.inputsystem/InputSystem/Plugins/XR/Haptics/SendHapticImpulseCommand.cs
 0.1 kb	 0.0% Packages/com.unity.inputsystem/InputSystem/Plugins/Android/AndroidSensors.cs
 0.1 kb	 0.0% Packages/com.unity.inputsystem/InputSystem/Editor/AssetEditor/NameAndParameterListView.cs
 0.1 kb	 0.0% Packages/com.unity.inputsystem/InputSystem/Controls/Processors/StickDeadzoneProcessor.cs
 0.1 kb	 0.0% Packages/com.unity.inputsystem/InputSystem/Controls/Processors/ScaleVector3Processor.cs
 0.1 kb	 0.0% Packages/com.unity.inputsystem/InputSystem/Controls/Processors/ScaleVector2Processor.cs
 0.1 kb	 0.0% Packages/com.unity.inputsystem/InputSystem/Controls/Processors/InvertVector3Processor.cs
 0.1 kb	 0.0% Packages/com.unity.inputsystem/InputSystem/Controls/Processors/InvertVector2Processor.cs
 0.1 kb	 0.0% Packages/com.unity.inputsystem/InputSystem/Controls/Processors/AxisDeadzoneProcessor.cs
 0.1 kb	 0.0% Packages/com.unity.inputsystem/InputSystem/Actions/Composites/TwoModifiersComposite.cs
 0.1 kb	 0.0% Packages/com.unity.inputsystem/InputSystem/Actions/Composites/ButtonWithTwoModifiers.cs
 0.1 kb	 0.0% Packages/com.unity.inputsystem/InputSystem/Actions/Composites/ButtonWithOneModifier.cs
 0.1 kb	 0.0% Packages/com.unity.collections/Unity.Collections/UnsafeScratchAllocator.cs
 0.1 kb	 0.0% Packages/com.unity.collections/Unity.Collections/NativeParallelHashMapExtensions.cs
 0.1 kb	 0.0% Packages/com.unity.cloud.gltfast/Runtime/Scripts/Export/GltfBuiltInShaderMaterialExporter.cs
 0.1 kb	 0.0% Packages/com.unity.cloud.gltfast/Runtime/DocExamples/TextureAddOnExample.cs
 0.1 kb	 0.0% Packages/com.unity.cloud.gltfast/Runtime/DocExamples/MultipleInstances.cs
 0.1 kb	 0.0% Packages/com.unity.cloud.gltfast/Runtime/DocExamples/LoadGltfFromMemory.cs
 0.1 kb	 0.0% Packages/com.unity.ugui/Runtime/TMP/TMP_SpriteAssetImportFormats.cs
 0.1 kb	 0.0% Packages/com.unity.transport/Runtime/TLS/UnityTLSCallbacks.cs
 0.1 kb	 0.0% Packages/com.unity.transport/Runtime/Relay/RelayConnectionData.cs
 0.1 kb	 0.0% Packages/com.unity.transport/Runtime/Relay/RelayAllocationId.cs
 0.1 kb	 0.0% Packages/com.unity.transport/Runtime/Relay/Messages/RelayMessageRelay.cs
 0.1 kb	 0.0% Packages/com.unity.transport/Runtime/Relay/Messages/RelayMessageHeader.cs
 0.1 kb	 0.0% Packages/com.unity.transport/Runtime/Relay/Messages/RelayMessageError.cs
 0.1 kb	 0.0% Packages/com.unity.transport/Runtime/Relay/Messages/RelayMessageAccepted.cs
 0.1 kb	 0.0% Packages/com.unity.transport/Runtime/LoggingParameters.cs
 0.1 kb	 0.0% Packages/com.unity.services.wire/Runtime/Centrifuge/ProtocolSchema/SubscribeResult.cs
 0.1 kb	 0.0% Packages/com.unity.services.wire/Runtime/Centrifuge/ProtocolSchema/SubscribeRequest.cs
 0.1 kb	 0.0% Packages/com.unity.services.wire/Runtime/Centrifuge/ProtocolSchema/ConnectResult.cs
 0.1 kb	 0.0% Packages/com.unity.services.wire/Runtime/Centrifuge/ProtocolSchema/ConnectRequest.cs
 0.1 kb	 0.0% Packages/com.unity.services.vivox/Runtime/AudioTaps/VivoxCaptureSourceTap.cs
 0.1 kb	 0.0% Packages/com.unity.services.qos/Runtime/v2/ErrorMitigation/RetryPolicyConfig.cs
 0.1 kb	 0.0% Packages/com.unity.services.qos/Runtime/v2/Apis/QosDiscoveryApiRequests.cs
 0.1 kb	 0.0% Packages/com.unity.services.qos/Runtime/v2/Apis/QosDiscoveryApi.cs
 0.1 kb	 0.0% Packages/com.unity.services.multiplayer/Runtime/Relay/Scheduler/EngineStateHelper.cs
 0.1 kb	 0.0% Packages/com.unity.services.multiplayer/Runtime/Matchmaker/Models/TicketStatusResponse.cs
 0.1 kb	 0.0% Packages/com.unity.services.multiplayer/Runtime/Matchmaker/Models/MultiplayAssignment.cs
 0.1 kb	 0.0% Packages/com.unity.services.multiplayer/Runtime/Matchmaker/Models/MatchmakingResults.cs
 0.1 kb	 0.0% Packages/com.unity.services.multiplayer/Runtime/Matchmaker/Models/MatchIdAssignment.cs
 0.1 kb	 0.0% Packages/com.unity.services.multiplayer/Runtime/Matchmaker/Models/LegacyBackfillTicket.cs
 0.1 kb	 0.0% Packages/com.unity.services.multiplayer/Runtime/Matchmaker/Models/CreateTicketResponse.cs
 0.1 kb	 0.0% Packages/com.unity.services.multiplayer/Runtime/Matchmaker/Models/CreateTicketRequest.cs
 0.1 kb	 0.0% Packages/com.unity.services.multiplayer/Runtime/Matchmaker/Models/ConversionExtensions.cs
 0.1 kb	 0.0% Packages/com.unity.services.multiplayer/Runtime/Matchmaker/Http/JsonObjectConverter.cs
 0.1 kb	 0.0% Packages/com.unity.services.multiplayer/Runtime/Matchmaker/Http/IsolatedJsonConvert.cs
 0.1 kb	 0.0% Packages/com.unity.services.multiplayer/Runtime/Matchmaker/Http/HttpClientResponse.cs
 0.1 kb	 0.0% Packages/com.unity.services.multiplayer/Runtime/Matchmaker/Apis/TicketsApi.cs
 0.1 kb	 0.0% Packages/com.unity.services.multiplayer/Runtime/Matchmaker/Apis/MatchesApi.cs
 0.1 kb	 0.0% Packages/com.unity.services.multiplayer/Runtime/Matchmaker/Apis/BackfillApi.cs
 0.1 kb	 0.0% Packages/com.unity.services.multiplayer/Runtime/Lobbies/Scheduler/EngineStateHelper.cs
 0.1 kb	 0.0% Packages/com.unity.services.multiplayer/Runtime/Lobbies/SDK/WrappedLobbyService.cs
 0.1 kb	 0.0% Packages/com.unity.services.multiplayer/Runtime/Lobbies/SDK/QuickJoinLobbyOptions.cs
 0.1 kb	 0.0% Packages/com.unity.services.multiplayer/Runtime/Lobbies/SDK/LobbyMigrationData/LobbyMigrationData.cs
 0.1 kb	 0.0% Packages/com.unity.services.multiplayer/Runtime/Lobbies/SDK/JoinLobbyByCodeOptions.cs
 0.1 kb	 0.0% Packages/com.unity.services.multiplayer/Runtime/Lobbies/SDK/Exceptions/LobbyServiceException.cs
 0.1 kb	 0.0% Packages/com.unity.services.multiplayer/Runtime/Lobbies/Models/PlayerUpdateRequest.cs
 0.1 kb	 0.0% Packages/com.unity.services.multiplayer/Runtime/Lobbies/Models/MigrationDataInfo.cs
 0.1 kb	 0.0% Packages/com.unity.services.multiplayer/Runtime/Lobbies/Models/JoinByCodeRequest.cs
 0.1 kb	 0.0% Packages/com.unity.services.multiplayer/Runtime/Lobbies/Models/BulkUpdateRequest.cs
 0.1 kb	 0.0% Packages/com.unity.services.multiplayer/Runtime/Lobbies/ErrorMitigation/RetryPolicy.cs
 0.1 kb	 0.0% Packages/com.unity.services.multiplayer/Runtime/Lobbies/ErrorMitigation/IRetryPolicy.cs
 0.1 kb	 0.0% Packages/com.unity.services.multiplayer/Runtime/DistributedAuthority/Scheduler/ThreadHelper.cs
 0.1 kb	 0.0% Packages/com.unity.services.multiplayer/Runtime/DistributedAuthority/SDK/Exceptions/ApiErrorsExtenders.cs
 0.1 kb	 0.0% Packages/com.unity.services.multiplayer/Runtime/DistributedAuthority/Http/ResponseHandler.cs
 0.1 kb	 0.0% Packages/com.unity.services.multiplayer/Runtime/DistributedAuthority/Http/IDeserializable.cs
 0.1 kb	 0.0% Packages/com.unity.services.multiplayer/Runtime/DistributedAuthority/Http/HttpException.cs
 0.1 kb	 0.0% Packages/com.unity.services.multiplayer/Runtime/DistributedAuthority/Http/BaseApiClient.cs
 0.1 kb	 0.0% Packages/com.unity.services.core/Runtime/Core.Internal/Components/Telemetry/IMetricsFactory.cs
 0.1 kb	 0.0% Packages/com.unity.services.core/Runtime/Core.Internal/Components/Scheduler/IActionScheduler.cs
 0.1 kb	 0.0% Packages/com.unity.services.core/Runtime/Core.Internal/Components/Authentication/IEnvironmentId.cs
 0.1 kb	 0.0% Packages/com.unity.services.core/Runtime/Core.Internal/Components/Analytics/IAnalyticsUserId.cs
 0.1 kb	 0.0% Packages/com.unity.services.authentication/Runtime/Generated/Shared/ApiConfiguration.cs
 0.1 kb	 0.0% Packages/com.unity.services.authentication/Runtime/Core/UnityServicesExtensions.cs
 0.1 kb	 0.0% Packages/com.unity.services.authentication/Runtime/Compatibility/Utilities.cs
 0.1 kb	 0.0% Packages/com.unity.netcode.gameobjects/Runtime/Transports/UTP/NetworkMetricsContext.cs
 0.1 kb	 0.0% Packages/com.unity.multiplayer.widgets/Runtime/Vivox/Widgets/Base/SelectAudioDevice.cs
 0.1 kb	 0.0% Packages/com.unity.multiplayer.widgets/Runtime/Core/Configuration/WidgetConfiguration.cs
 0.1 kb	 0.0% Packages/com.unity.multiplayer.widgets/Runtime/Core/Base/WidgetDependencies.cs
 0.1 kb	 0.0% Packages/com.unity.multiplayer.widgets/Runtime/Core/Base/Session/SessionExtensions.cs
 0.1 kb	 0.0% Packages/com.unity.multiplayer.widgets/Runtime/Core/Base/ChatService/Vivox/VivoxChatParticipant.cs
 0.1 kb	 0.0% Packages/com.unity.multiplayer.tools/Common/Runtime/Extensions/ProfilerUtilities.cs
 0.1 kb	 0.0% Packages/com.unity.multiplayer.center/Common/StyleConstants.cs
 0.1 kb	 0.0% Packages/com.unity.inputsystem/InputSystem/State/IInputStateChangeMonitor.cs
 0.1 kb	 0.0% Packages/com.unity.inputsystem/InputSystem/Plugins/iOS/IOSGameController.cs
 0.1 kb	 0.0% Packages/com.unity.inputsystem/InputSystem/Plugins/XInput/XInputControllerWindows.cs
 0.1 kb	 0.0% Packages/com.unity.inputsystem/InputSystem/Plugins/Users/InputUserAccountHandle.cs
 0.1 kb	 0.0% Packages/com.unity.inputsystem/InputSystem/Plugins/Switch/SwitchProControllerHID.cs
 0.1 kb	 0.0% Packages/com.unity.inputsystem/InputSystem/Plugins/PlayerInput/PlayerInputManagerEditor.cs
 0.1 kb	 0.0% Packages/com.unity.inputsystem/InputSystem/Plugins/OSX/OSXGameController.cs
 0.1 kb	 0.0% Packages/com.unity.inputsystem/InputSystem/Plugins/EnhancedTouch/EnhancedTouchSupport.cs
 0.1 kb	 0.0% Packages/com.unity.inputsystem/InputSystem/Events/DeviceConfigurationEvent.cs
 0.1 kb	 0.0% Packages/com.unity.inputsystem/InputSystem/Editor/UITKAssetEditor/Views/VisualElementExtensions.cs
 0.1 kb	 0.0% Packages/com.unity.inputsystem/InputSystem/Editor/UITKAssetEditor/Views/InputActionsTreeViewItem.cs
 0.1 kb	 0.0% Packages/com.unity.inputsystem/InputSystem/Editor/UITKAssetEditor/Views/InputActionsEditorView.cs
 0.1 kb	 0.0% Packages/com.unity.inputsystem/InputSystem/Editor/UITKAssetEditor/Views/BindingPropertiesView.cs
 0.1 kb	 0.0% Packages/com.unity.inputsystem/InputSystem/Editor/UITKAssetEditor/SerializedInputBinding.cs
 0.1 kb	 0.0% Packages/com.unity.inputsystem/InputSystem/Editor/UITKAssetEditor/SerializedInputActionMap.cs
 0.1 kb	 0.0% Packages/com.unity.inputsystem/InputSystem/Editor/UITKAssetEditor/SerializedInputAction.cs
 0.1 kb	 0.0% Packages/com.unity.inputsystem/InputSystem/Editor/UITKAssetEditor/InputActionsEditorWindow.cs
 0.1 kb	 0.0% Packages/com.unity.inputsystem/InputSystem/Editor/UITKAssetEditor/InputActionsEditorState.cs
 0.1 kb	 0.0% Packages/com.unity.inputsystem/InputSystem/Editor/UITKAssetEditor/Commands/ControlSchemeCommands.cs
 0.1 kb	 0.0% Packages/com.unity.inputsystem/InputSystem/Editor/Settings/InputSettingsProvider.cs
 0.1 kb	 0.0% Packages/com.unity.inputsystem/InputSystem/Editor/Settings/InputEditorUserSettings.cs
 0.1 kb	 0.0% Packages/com.unity.inputsystem/InputSystem/Editor/PropertyDrawers/InputControlPathDrawer.cs
 0.1 kb	 0.0% Packages/com.unity.inputsystem/InputSystem/Editor/PropertyDrawers/InputActionDrawerBase.cs
 0.1 kb	 0.0% Packages/com.unity.inputsystem/InputSystem/Editor/PropertyDrawers/InputActionAssetDrawer.cs
 0.1 kb	 0.0% Packages/com.unity.inputsystem/InputSystem/Editor/ProjectWideActions/ProjectWideActionsAsset.cs
 0.1 kb	 0.0% Packages/com.unity.inputsystem/InputSystem/Editor/Internal/AdvancedDropdown/AdvancedDropdownWindow.cs
 0.1 kb	 0.0% Packages/com.unity.inputsystem/InputSystem/Editor/Internal/AdvancedDropdown/AdvancedDropdownState.cs
 0.1 kb	 0.0% Packages/com.unity.inputsystem/InputSystem/Editor/InputSystemPluginControl.cs
 0.1 kb	 0.0% Packages/com.unity.inputsystem/InputSystem/Editor/InputLayoutCodeGenerator.cs
 0.1 kb	 0.0% Packages/com.unity.inputsystem/InputSystem/Editor/InputAssetEditorUtils.cs
 0.1 kb	 0.0% Packages/com.unity.inputsystem/InputSystem/Editor/Debugger/InputLatencyCalculator.cs
 0.1 kb	 0.0% Packages/com.unity.inputsystem/InputSystem/Editor/ControlPicker/InputControlPickerState.cs
 0.1 kb	 0.0% Packages/com.unity.inputsystem/InputSystem/Editor/ControlPicker/InputControlPathEditor.cs
 0.1 kb	 0.0% Packages/com.unity.inputsystem/InputSystem/Editor/ControlPicker/InputControlDropdownItem.cs
 0.1 kb	 0.0% Packages/com.unity.inputsystem/InputSystem/Editor/AssetImporter/InputActionCodeGenerator.cs
 0.1 kb	 0.0% Packages/com.unity.inputsystem/InputSystem/Editor/AssetImporter/InputActionAssetEditor.cs
 0.1 kb	 0.0% Packages/com.unity.inputsystem/InputSystem/Editor/AssetImporter/IInputActionAssetEditor.cs
 0.1 kb	 0.0% Packages/com.unity.inputsystem/InputSystem/Editor/AssetEditor/InputActionEditorWindow.cs
 0.1 kb	 0.0% Packages/com.unity.inputsystem/InputSystem/Editor/AssetEditor/InputActionEditorToolbar.cs
 0.1 kb	 0.0% Packages/com.unity.inputsystem/InputSystem/Editor/AssetEditor/InputActionAssetManager.cs
 0.1 kb	 0.0% Packages/com.unity.inputsystem/InputSystem/Devices/Remote/RemoteInputPlayerConnection.cs
 0.1 kb	 0.0% Packages/com.unity.inputsystem/InputSystem/Devices/InputDeviceDescription.cs
 0.1 kb	 0.0% Packages/com.unity.inputsystem/InputSystem/Devices/Haptics/DualMotorRumbleCommand.cs
 0.1 kb	 0.0% Packages/com.unity.inputsystem/InputSystem/Devices/Commands/WarpMousePositionCommand.cs
 0.1 kb	 0.0% Packages/com.unity.inputsystem/InputSystem/Devices/Commands/QueryEnabledStateCommand.cs
 0.1 kb	 0.0% Packages/com.unity.inputsystem/InputSystem/Devices/Commands/QueryDimensionsCommand.cs
 0.1 kb	 0.0% Packages/com.unity.inputsystem/InputSystem/Devices/Commands/QueryCanRunInBackground.cs
 0.1 kb	 0.0% Packages/com.unity.inputsystem/InputSystem/Devices/Commands/IInputDeviceCommandInfo.cs
 0.1 kb	 0.0% Packages/com.unity.inputsystem/InputSystem/Controls/InputControlAttribute.cs
 0.1 kb	 0.0% Packages/com.unity.inputsystem/InputSystem/Controls/DiscreteButtonControl.cs
 0.1 kb	 0.0% Packages/com.unity.inputsystem/InputSystem/Actions/InputBindingCompositeContext.cs
 0.1 kb	 0.0% Packages/com.unity.inputsystem/InputSystem/Actions/InputActionSetupExtensions.cs
 0.1 kb	 0.0% Packages/com.unity.inputsystem/InputSystem/Actions/InputActionParameters.cs
 0.1 kb	 0.0% Packages/com.unity.collections/Unity.Collections/UnsafeAtomicCounter.cs
 0.1 kb	 0.0% Assets/TextMesh Pro/Resources/LineBreaking Leading Characters.txt
 0.1 kb	 0.0% Assets/Scripts/Presentation/UnitRenderer/RevolutionMeshGenerator.cs
 0.1 kb	 0.0% Assets/Scripts/Presentation/UnitRenderer/ImportedMeshGenerator.cs
 0.1 kb	 0.0% Packages/com.unity.ugui/Runtime/UGUI/UI/Core/Layout/HorizontalOrVerticalLayoutGroup.cs
 0.1 kb	 0.0% Packages/com.unity.transport/Runtime/Utilities/ManagedCallWrapper.cs
 0.1 kb	 0.0% Packages/com.unity.transport/Runtime/UDPNetworkInterface.cs
 0.1 kb	 0.0% Packages/com.unity.transport/Runtime/TCPNetworkInterface.cs
 0.1 kb	 0.0% Packages/com.unity.transport/Runtime/Pipelines/SimulatorUtility.cs
 0.1 kb	 0.0% Packages/com.unity.transport/Runtime/Pipelines/ReliableUtility.cs
 0.1 kb	 0.0% Packages/com.unity.transport/Runtime/Pipelines/ReliableAckMask.cs
 0.1 kb	 0.0% Packages/com.unity.transport/Runtime/Pipelines/NullPipelineStage.cs
 0.1 kb	 0.0% Packages/com.unity.transport/Runtime/NetworkLayerWrapper.cs
 0.1 kb	 0.0% Packages/com.unity.transport/Runtime/NetworkEventQueue.cs
 0.1 kb	 0.0% Packages/com.unity.transport/Runtime/NetworkDriverSender.cs
 0.1 kb	 0.0% Packages/com.unity.transport/Runtime/NetworkConnection.cs
 0.1 kb	 0.0% Packages/com.unity.transport/Runtime/MultiNetworkDriver.cs
 0.1 kb	 0.0% Packages/com.unity.transport/Runtime/IPCNetworkInterface.cs
 0.1 kb	 0.0% Packages/com.unity.transport/Runtime/INetworkInterface.cs
 0.1 kb	 0.0% Packages/com.unity.services.wire/Runtime/WireServiceProvider.cs
 0.1 kb	 0.0% Packages/com.unity.services.wire/Runtime/IWebsocketFactory.cs
 0.1 kb	 0.0% Packages/com.unity.services.wire/Runtime/Centrifuge/BatchMessagesUtil.cs
 0.1 kb	 0.0% Packages/com.unity.services.vivox/Runtime/Shared/Serialization/IsolatedJsonConvert.cs
 0.1 kb	 0.0% Packages/com.unity.services.vivox/Runtime/SWIG/vxa_render_device_stats_t.cs
 0.1 kb	 0.0% Packages/com.unity.services.vivox/Runtime/SWIG/vxa_capture_device_stats_t.cs
 0.1 kb	 0.0% Packages/com.unity.services.vivox/Runtime/SWIG/vx_resp_session_terminate_t.cs
 0.1 kb	 0.0% Packages/com.unity.services.vivox/Runtime/SWIG/vx_resp_session_send_dtmf_t.cs
 0.1 kb	 0.0% Packages/com.unity.services.vivox/Runtime/SWIG/vx_resp_connector_create_t.cs
 0.1 kb	 0.0% Packages/com.unity.services.vivox/Runtime/SWIG/vx_resp_channel_mute_user_t.cs
 0.1 kb	 0.0% Packages/com.unity.services.vivox/Runtime/SWIG/vx_resp_channel_kick_user_t.cs
 0.1 kb	 0.0% Packages/com.unity.services.vivox/Runtime/SWIG/vx_resp_channel_ban_user_t.cs
 0.1 kb	 0.0% Packages/com.unity.services.vivox/Runtime/SWIG/vx_resp_aux_set_mic_level_t.cs
 0.1 kb	 0.0% Packages/com.unity.services.vivox/Runtime/SWIG/vx_resp_aux_reset_password_t.cs
 0.1 kb	 0.0% Packages/com.unity.services.vivox/Runtime/SWIG/vx_resp_aux_get_mic_level_t.cs
 0.1 kb	 0.0% Packages/com.unity.services.vivox/Runtime/SWIG/vx_resp_aux_create_account_t.cs
 0.1 kb	 0.0% Packages/com.unity.services.vivox/Runtime/SWIG/vx_resp_account_web_call_t.cs
 0.1 kb	 0.0% Packages/com.unity.services.vivox/Runtime/SWIG/vx_resp_account_send_sms_t.cs
 0.1 kb	 0.0% Packages/com.unity.services.vivox/Runtime/SWIG/vx_resp_account_buddy_set_t.cs
 0.1 kb	 0.0% Packages/com.unity.services.vivox/Runtime/SWIG/vx_req_sessiongroup_create_t.cs
 0.1 kb	 0.0% Packages/com.unity.services.vivox/Runtime/SWIG/vx_req_session_terminate_t.cs
 0.1 kb	 0.0% Packages/com.unity.services.vivox/Runtime/SWIG/vx_req_session_send_dtmf_t.cs
 0.1 kb	 0.0% Packages/com.unity.services.vivox/Runtime/SWIG/vx_req_connector_create_t.cs
 0.1 kb	 0.0% Packages/com.unity.services.vivox/Runtime/SWIG/vx_req_channel_mute_user_t.cs
 0.1 kb	 0.0% Packages/com.unity.services.vivox/Runtime/SWIG/vx_req_channel_kick_user_t.cs
 0.1 kb	 0.0% Packages/com.unity.services.vivox/Runtime/SWIG/vx_req_channel_ban_user_t.cs
 0.1 kb	 0.0% Packages/com.unity.services.vivox/Runtime/SWIG/vx_req_aux_set_mic_level_t.cs
 0.1 kb	 0.0% Packages/com.unity.services.vivox/Runtime/SWIG/vx_req_aux_reset_password_t.cs
 0.1 kb	 0.0% Packages/com.unity.services.vivox/Runtime/SWIG/vx_req_aux_get_mic_level_t.cs
 0.1 kb	 0.0% Packages/com.unity.services.vivox/Runtime/SWIG/vx_req_aux_create_account_t.cs
 0.1 kb	 0.0% Packages/com.unity.services.vivox/Runtime/SWIG/vx_req_account_web_call_t.cs
 0.1 kb	 0.0% Packages/com.unity.services.vivox/Runtime/SWIG/vx_req_account_send_sms_t.cs
 0.1 kb	 0.0% Packages/com.unity.services.vivox/Runtime/SWIG/vx_req_account_get_account_t.cs
 0.1 kb	 0.0% Packages/com.unity.services.vivox/Runtime/SWIG/vx_req_account_buddy_set_t.cs
 0.1 kb	 0.0% Packages/com.unity.services.vivox/Runtime/SWIG/vx_evt_tts_injection_ended_t.cs
 0.1 kb	 0.0% Packages/com.unity.services.vivox/Runtime/SWIG/vx_evt_transcribed_message_t.cs
 0.1 kb	 0.0% Packages/com.unity.services.vivox/Runtime/SWIG/vx_evt_text_stream_updated_t.cs
 0.1 kb	 0.0% Packages/com.unity.services.vivox/Runtime/SWIG/vx_evt_sessiongroup_added_t.cs
 0.1 kb	 0.0% Packages/com.unity.services.vivox/Runtime/SWIG/vx_evt_presence_updated_t.cs
 0.1 kb	 0.0% Packages/com.unity.services.vivox/Runtime/SWIG/vx_evt_participant_updated_t.cs
 0.1 kb	 0.0% Packages/com.unity.services.vivox/Runtime/SWIG/vx_evt_participant_removed_t.cs
 0.1 kb	 0.0% Packages/com.unity.services.vivox/Runtime/SWIG/vx_evt_participant_added_t.cs
 0.1 kb	 0.0% Packages/com.unity.services.vivox/Runtime/SWIG/vx_evt_media_completion_t.cs
 0.1 kb	 0.0% Packages/com.unity.services.vivox/Runtime/SWIG/vx_evt_idle_state_changed_t.cs
 0.1 kb	 0.0% Packages/com.unity.services.vivox/Runtime/SWIG/vx_evt_buddy_group_changed_t.cs
 0.1 kb	 0.0% Packages/com.unity.services.vivox/Runtime/SWIG/SWIGTYPE_p_p_vx_voice_font.cs
 0.1 kb	 0.0% Packages/com.unity.services.vivox/Runtime/SWIG/SWIGTYPE_p_p_vx_user_channel.cs
 0.1 kb	 0.0% Packages/com.unity.services.vivox/Runtime/SWIG/SWIGTYPE_p_p_vx_state_buddy.cs
 0.1 kb	 0.0% Packages/com.unity.services.vivox/Runtime/SWIG/SWIGTYPE_p_p_vx_participant.cs
 0.1 kb	 0.0% Packages/com.unity.services.vivox/Runtime/SWIG/SWIGTYPE_p_p_vx_message_base.cs
 0.1 kb	 0.0% Packages/com.unity.services.vivox/Runtime/SWIG/SWIGTYPE_p_p_vx_conversation.cs
 0.1 kb	 0.0% Packages/com.unity.services.vivox/Runtime/SWIG/SWIGTYPE_p_p_vx_block_rule.cs
 0.1 kb	 0.0% Packages/com.unity.services.vivox/Runtime/SWIG/SWIGTYPE_p_p_p_vx_voice_font.cs
 0.1 kb	 0.0% Packages/com.unity.services.vivox/Runtime/SWIG/SWIGTYPE_p_p_p_vx_channel.cs
 0.1 kb	 0.0% Packages/com.unity.services.vivox/Runtime/SWIG/SWIGTYPE_p_p_p_vx_block_rule.cs
 0.1 kb	 0.0% Packages/com.unity.services.vivox/Runtime/SWIG/SWIGTYPE_p_f_size_t__p_void.cs
 0.1 kb	 0.0% Packages/com.unity.services.vivox/Runtime/SWIG/SWIGTYPE_p_f_p_void__void.cs
 0.1 kb	 0.0% Packages/com.unity.services.vivox/Runtime/SDK/Options/VivoxConfigurationOptions.cs
 0.1 kb	 0.0% Packages/com.unity.services.vivox/Runtime/SDK/Models/WebGL/VivoxGlobalAudioSettingsWeb.cs
 0.1 kb	 0.0% Packages/com.unity.services.vivox/Runtime/SDK/Models/IVivoxGlobalAudioSettings.cs
 0.1 kb	 0.0% Packages/com.unity.services.qos/Runtime/v2/Models/QosServersResponseBody.cs
 0.1 kb	 0.0% Packages/com.unity.services.qos/Runtime/v2/Http/UnityWebRequestHelpers.cs
 0.1 kb	 0.0% Packages/com.unity.services.qos/Runtime/v2/Http/DeserializationSettings.cs
 0.1 kb	 0.0% Packages/com.unity.services.qos/Runtime/v2/Http/DeserializationException.cs
 0.1 kb	 0.0% Packages/com.unity.services.qos/Runtime/Models/QosServiceServersList.cs
 0.1 kb	 0.0% Packages/com.unity.services.qos/Runtime/Models/QosServersResponseBody.cs
 0.1 kb	 0.0% Packages/com.unity.services.qos/Runtime/ErrorMitigation/RetryPolicyConfig.cs
 0.1 kb	 0.0% Packages/com.unity.services.qos/Runtime/Apis/QosDiscoveryApiRequests.cs
 0.1 kb	 0.0% Packages/com.unity.services.qos/Runtime/Apis/QosDiscoveryApi.cs
 0.1 kb	 0.0% Packages/com.unity.services.multiplayer/Runtime/UnityServicesExtensions.cs
 0.1 kb	 0.0% Packages/com.unity.services.multiplayer/Runtime/Relay/SDK/Exceptions/RelayServiceException.cs
 0.1 kb	 0.0% Packages/com.unity.services.multiplayer/Runtime/Relay/Models/RelayServerEndpoint.cs
 0.1 kb	 0.0% Packages/com.unity.services.multiplayer/Runtime/Relay/Models/RegionsResponseBody.cs
 0.1 kb	 0.0% Packages/com.unity.services.multiplayer/Runtime/Relay/Models/JoinCodeResponseBody.cs
 0.1 kb	 0.0% Packages/com.unity.services.multiplayer/Runtime/Relay/Models/JoinAllocationAllOf.cs
 0.1 kb	 0.0% Packages/com.unity.services.multiplayer/Runtime/Relay/Models/ErrorResponseBody.cs
 0.1 kb	 0.0% Packages/com.unity.services.multiplayer/Runtime/Relay/Models/AllocationRequest.cs
 0.1 kb	 0.0% Packages/com.unity.services.multiplayer/Runtime/Relay/Models/AllocateResponseBody.cs
 0.1 kb	 0.0% Packages/com.unity.services.multiplayer/Runtime/Relay/Http/JsonObjectConverter.cs
 0.1 kb	 0.0% Packages/com.unity.services.multiplayer/Runtime/Relay/Http/HttpClientResponse.cs
 0.1 kb	 0.0% Packages/com.unity.services.multiplayer/Runtime/Relay/ErrorMitigation/RetryPolicy.cs
 0.1 kb	 0.0% Packages/com.unity.services.multiplayer/Runtime/Relay/ErrorMitigation/IRetryPolicy.cs
 0.1 kb	 0.0% Packages/com.unity.services.multiplayer/Runtime/Multiplayer/Utils/JWT/ServerAccessToken.cs
 0.1 kb	 0.0% Packages/com.unity.services.multiplayer/Runtime/Multiplayer/SessionBrowser/QuerySessionsResults.cs
 0.1 kb	 0.0% Packages/com.unity.services.multiplayer/Runtime/Multiplayer/SessionBrowser/QuerySessionsOptions.cs
 0.1 kb	 0.0% Packages/com.unity.services.multiplayer/Runtime/Multiplayer/Session/Options/JoinSessionOptions.cs
 0.1 kb	 0.0% Packages/com.unity.services.multiplayer/Runtime/Multiplayer/Session/Options/BaseSessionOptions.cs
 0.1 kb	 0.0% Packages/com.unity.services.multiplayer/Runtime/Multiplayer/Session/Options/AddingSessionOptions.cs
 0.1 kb	 0.0% Packages/com.unity.services.multiplayer/Runtime/Multiplayer/Session/Models/Migration/SessionMigrationData.cs
 0.1 kb	 0.0% Packages/com.unity.services.multiplayer/Runtime/Multiplayer/Session/Models/IVisibilityProperty.cs
 0.1 kb	 0.0% Packages/com.unity.services.multiplayer/Runtime/Multiplayer/Session/Migration/HostMigrationOption.cs
 0.1 kb	 0.0% Packages/com.unity.services.multiplayer/Runtime/Multiplayer/Session/Migration/HostMigrationHandler.cs
 0.1 kb	 0.0% Packages/com.unity.services.multiplayer/Runtime/Multiplayer/MultiplayerService.cs
 0.1 kb	 0.0% Packages/com.unity.services.multiplayer/Runtime/Multiplayer/Modules/Network/Models/RelayNetworkOptions.cs
 0.1 kb	 0.0% Packages/com.unity.services.multiplayer/Runtime/Multiplayer/Modules/Network/Models/NetworkInfoOption.cs
 0.1 kb	 0.0% Packages/com.unity.services.multiplayer/Runtime/Multiplayer/Modules/Network/Models/NetworkHandlerOption.cs
 0.1 kb	 0.0% Packages/com.unity.services.multiplayer/Runtime/Multiplayer/Modules/Network/Models/NetworkConfiguration.cs
 0.1 kb	 0.0% Packages/com.unity.services.multiplayer/Runtime/Multiplayer/Modules/Network/Models/DirectNetworkOptions.cs
 0.1 kb	 0.0% Packages/com.unity.services.multiplayer/Runtime/Multiplayer/Modules/Network/IHostSessionNetwork.cs
 0.1 kb	 0.0% Packages/com.unity.services.multiplayer/Runtime/Multiplayer/Modules/Matchmaker/MatchmakerProvider.cs
 0.1 kb	 0.0% Packages/com.unity.services.multiplayer/Runtime/Multiplayer/Modules/Matchmaker/MatchmakerExtensions.cs
 0.1 kb	 0.0% Packages/com.unity.services.multiplayer/Runtime/Multiplayer/Matchmaking/MatchmakerQueueAsset.cs
 0.1 kb	 0.0% Packages/com.unity.services.multiplayer/Runtime/Multiplayer/Matchmaking/MatchmakerOptions.cs
 0.1 kb	 0.0% Packages/com.unity.services.multiplayer/Runtime/Multiplayer/Matchmaking/MatchmakerManager.cs
 0.1 kb	 0.0% Packages/com.unity.services.multiplayer/Runtime/Matchmaker/SDK/MatchmakerService.cs
 0.1 kb	 0.0% Packages/com.unity.services.multiplayer/Runtime/Matchmaker/SDK/IMatchmakerService.cs
 0.1 kb	 0.0% Packages/com.unity.services.multiplayer/Runtime/Matchmaker/SDK/CreateTicketOptions.cs
 0.1 kb	 0.0% Packages/com.unity.services.multiplayer/Runtime/Matchmaker/Overrides/IABRemoteConfig.cs
 0.1 kb	 0.0% Packages/com.unity.services.multiplayer/Runtime/Matchmaker/Overrides/ABRemoteConfig.cs
 0.1 kb	 0.0% Packages/com.unity.services.multiplayer/Runtime/Matchmaker/MatchmakerServiceSdk.cs
 0.1 kb	 0.0% Packages/com.unity.services.multiplayer/Runtime/Lobbies/SDK/ApiTelemetryScope.cs
 0.1 kb	 0.0% Packages/com.unity.services.multiplayer/Runtime/Lobbies/Http/JsonObjectConverter.cs
 0.1 kb	 0.0% Packages/com.unity.services.multiplayer/Runtime/Lobbies/Http/IsolatedJsonConvert.cs
 0.1 kb	 0.0% Packages/com.unity.services.multiplayer/Runtime/Lobbies/Http/HttpClientResponse.cs
 0.1 kb	 0.0% Packages/com.unity.services.multiplayer/Runtime/Lobbies/Apis/LobbyApiNames.cs
 0.1 kb	 0.0% Packages/com.unity.services.multiplayer/Runtime/DistributedAuthority/SDK/DefaultClock.cs
 0.1 kb	 0.0% Packages/com.unity.services.multiplayer/Runtime/DistributedAuthority/SDK/ConnectPayload.cs
 0.1 kb	 0.0% Packages/com.unity.services.multiplayer/Runtime/DistributedAuthority/Models/ErrorDetail.cs
 0.1 kb	 0.0% Packages/com.unity.services.multiplayer/Runtime/DistributedAuthority/Http/AsyncOpRetry.cs
 0.1 kb	 0.0% Packages/com.unity.services.multiplayer/Runtime/DistributedAuthority/Configuration/Configuration.cs
 0.1 kb	 0.0% Packages/com.unity.services.core/Runtime/Telemetry/Diagnotstics/Diagnostics.cs
 0.1 kb	 0.0% Packages/com.unity.services.core/Runtime/Device/UserIdProviders/UnityAdsIdentifier.cs
 0.1 kb	 0.0% Packages/com.unity.services.core/Runtime/Core/Initialization/ServicesCreationException.cs
 0.1 kb	 0.0% Packages/com.unity.services.core/Runtime/Core.Internal/Utils/UnityWebRequestUtils.cs
 0.1 kb	 0.0% Packages/com.unity.services.core/Runtime/Core.Internal/Utils/DictionaryExtensions.cs
 0.1 kb	 0.0% Packages/com.unity.services.core/Runtime/Core.Internal/Registry/IServiceComponent.cs
 0.1 kb	 0.0% Packages/com.unity.services.core/Runtime/Core.Internal/Registry/CorePackageRegistry.cs
 0.1 kb	 0.0% Packages/com.unity.services.core/Runtime/Core.Internal/Registry/ComponentRegistry/IComponentRegistry.cs
 0.1 kb	 0.0% Packages/com.unity.services.core/Runtime/Core.Internal/Registry/ComponentRegistry/ComponentRegistry.cs
 0.1 kb	 0.0% Packages/com.unity.services.core/Runtime/Core.Internal/Components/Device/IInstallationId.cs
 0.1 kb	 0.0% Packages/com.unity.services.core/Runtime/Core.Internal/Attributes/VisibilityAttribute.cs
 0.1 kb	 0.0% Packages/com.unity.services.core/Runtime/Core.Internal/AsyncOperation/TaskAsyncOperation.cs
 0.1 kb	 0.0% Packages/com.unity.services.core/Runtime/Core.Internal/AsyncOperation/AsyncOperationBase.cs
 0.1 kb	 0.0% Packages/com.unity.services.authentication/Runtime/Utilities/IdProviderKeys.cs
 0.1 kb	 0.0% Packages/com.unity.services.authentication/Runtime/Network/NetworkHandler.cs
 0.1 kb	 0.0% Packages/com.unity.services.authentication/Runtime/Network/INetworkHandler.cs
 0.1 kb	 0.0% Packages/com.unity.services.authentication/Runtime/Network/HttpUtilities.cs
 0.1 kb	 0.0% Packages/com.unity.services.authentication/Runtime/Models/SignInOptions.cs
 0.1 kb	 0.0% Packages/com.unity.services.authentication/Runtime/Models/SignInCodeInfo.cs
 0.1 kb	 0.0% Packages/com.unity.services.authentication/Runtime/Models/Responses/UnlinkResponse.cs
 0.1 kb	 0.0% Packages/com.unity.services.authentication/Runtime/Models/Responses/SignInResponse.cs
 0.1 kb	 0.0% Packages/com.unity.services.authentication/Runtime/Models/Responses/ExternalIdentity.cs
 0.1 kb	 0.0% Packages/com.unity.services.authentication/Runtime/Models/Requests/UnlinkRequest.cs
 0.1 kb	 0.0% Packages/com.unity.services.authentication/Runtime/Models/Components/Profile/ProfileEventArgs.cs
 0.1 kb	 0.0% Packages/com.unity.services.authentication/Runtime/Models/Components/Profile/ProfileComponent.cs
 0.1 kb	 0.0% Packages/com.unity.services.authentication/Runtime/Models/Components/IPlayerName.cs
 0.1 kb	 0.0% Packages/com.unity.services.authentication/Runtime/Generated/PlayerNames/Model/ErrorStatus.cs
 0.1 kb	 0.0% Packages/com.unity.netcode.gameobjects/Runtime/Serialization/NetworkBehaviourReference.cs
 0.1 kb	 0.0% Packages/com.unity.netcode.gameobjects/Runtime/Serialization/INetworkSerializeByMemcpy.cs
 0.1 kb	 0.0% Packages/com.unity.netcode.gameobjects/Runtime/SceneManagement/DefaultSceneManagerHandler.cs
 0.1 kb	 0.0% Packages/com.unity.netcode.gameobjects/Runtime/Messaging/Messages/NetworkVariableDeltaMessage.cs
 0.1 kb	 0.0% Packages/com.unity.netcode.gameobjects/Runtime/Messaging/Messages/ConnectionApprovedMessage.cs
 0.1 kb	 0.0% Packages/com.unity.netcode.gameobjects/Runtime/Messaging/Messages/ClientDisconnectedMessage.cs
 0.1 kb	 0.0% Packages/com.unity.netcode.gameobjects/Runtime/Exceptions/VisibilityChangeException.cs
 0.1 kb	 0.0% Packages/com.unity.multiplayer.widgets/Runtime/Session/Widgets/QuickJoinSession.cs
 0.1 kb	 0.0% Packages/com.unity.multiplayer.widgets/Runtime/Session/Widgets/CreateSession.cs
 0.1 kb	 0.0% Packages/com.unity.multiplayer.widgets/Runtime/Session/Widgets/Base/EnterSessionBase.cs
 0.1 kb	 0.0% Packages/com.unity.multiplayer.widgets/Runtime/Session/Session/SessionManager.cs
 0.1 kb	 0.0% Packages/com.unity.multiplayer.widgets/Runtime/Core/Base/ChatService/Vivox/AudioDevice.cs
 0.1 kb	 0.0% Packages/com.unity.multiplayer.tools/NetStats/Runtime/Units/UnitExtensions.cs
 0.1 kb	 0.0% Packages/com.unity.multiplayer.tools/NetStats/Runtime/Units/MetricPrefix.cs
 0.1 kb	 0.0% Packages/com.unity.multiplayer.tools/NetStats/Runtime/Serialization/Cloned/IReaderWriter.cs
 0.1 kb	 0.0% Packages/com.unity.multiplayer.tools/NetStats/Runtime/Serialization/Cloned/FastBufferWriter.cs
 0.1 kb	 0.0% Packages/com.unity.multiplayer.tools/NetStats/Runtime/Serialization/Cloned/FastBufferReader.cs
 0.1 kb	 0.0% Packages/com.unity.multiplayer.tools/NetStats/Runtime/Metrics/TypeRegistration.cs
 0.1 kb	 0.0% Packages/com.unity.multiplayer.tools/NetStats/Runtime/Metrics/MetricFactory.cs
 0.1 kb	 0.0% Packages/com.unity.multiplayer.tools/NetStats/Runtime/Metrics/IMetricFactory.cs
 0.1 kb	 0.0% Packages/com.unity.multiplayer.tools/NetStats/Runtime/Metrics/CounterFactory.cs
 0.1 kb	 0.0% Packages/com.unity.multiplayer.tools/NetStats/Runtime/Dispatch/MetricDispatcher.cs
 0.1 kb	 0.0% Packages/com.unity.multiplayer.tools/NetStats/Runtime/Dispatch/MetricCollection.cs
 0.1 kb	 0.0% Packages/com.unity.multiplayer.tools/NetStats/Runtime/Dispatch/IMetricObserver.cs
 0.1 kb	 0.0% Packages/com.unity.multiplayer.tools/Common/Runtime/Extensions/TaskExtensions.cs
 0.1 kb	 0.0% Packages/com.unity.multiplayer.tools/Common/Runtime/Constants/StringConstants.cs
 0.1 kb	 0.0% Packages/com.unity.multiplayer.tools/Common/Runtime/Compiler/IsExternalInit.cs
 0.1 kb	 0.0% Packages/com.unity.multiplayer.tools/Adapters/NetworkAdapters.cs
 0.1 kb	 0.0% Packages/com.unity.multiplayer.tools/Adapters/Metadata/PackageVersion.cs
 0.1 kb	 0.0% Packages/com.unity.multiplayer.tools/Adapters/Metadata/AdapterMetadata.cs
 0.1 kb	 0.0% Packages/com.unity.multiplayer.tools/Adapters/INetworkAdapter.cs
 0.1 kb	 0.0% Packages/com.unity.multiplayer.tools/Adapters/Components/Queries/IGetOwnership.cs
 0.1 kb	 0.0% Packages/com.unity.multiplayer.tools/Adapters/Components/Queries/IGetObjectIds.cs
 0.1 kb	 0.0% Packages/com.unity.multiplayer.tools/Adapters/Components/Queries/IGetGameObject.cs
 0.1 kb	 0.0% Packages/com.unity.multiplayer.tools/Adapters/Components/Queries/IGetBandwidth.cs
 0.1 kb	 0.0% Packages/com.unity.inputsystem/InputSystem/Utilities/NameAndParameters.cs
 0.1 kb	 0.0% Packages/com.unity.inputsystem/InputSystem/Utilities/CSharpCodeHelpers.cs
 0.1 kb	 0.0% Packages/com.unity.inputsystem/InputSystem/Plugins/UI/TrackedDeviceRaycaster.cs
 0.1 kb	 0.0% Packages/com.unity.inputsystem/InputSystem/Plugins/UI/MultiplayerEventSystem.cs
 0.1 kb	 0.0% Packages/com.unity.inputsystem/InputSystem/Plugins/UI/InputSystemUIInputModule.cs
 0.1 kb	 0.0% Packages/com.unity.inputsystem/InputSystem/Plugins/UI/ExtendedPointerEventData.cs
 0.1 kb	 0.0% Packages/com.unity.inputsystem/InputSystem/Plugins/UI/ExtendedAxisEventData.cs
 0.1 kb	 0.0% Packages/com.unity.inputsystem/InputSystem/Plugins/HID/HIDDescriptorWindow.cs
 0.1 kb	 0.0% Packages/com.unity.inputsystem/InputSystem/Plugins/DualShock/IDualShockHaptics.cs
 0.1 kb	 0.0% Packages/com.unity.inputsystem/InputSystem/Editor/AssetEditor/ParameterListView.cs
 0.1 kb	 0.0% Packages/com.unity.inputsystem/InputSystem/Editor/AssetEditor/InputActionTreeViewItems.cs
 0.1 kb	 0.0% Packages/com.unity.inputsystem/InputSystem/Controls/Processors/NormalizeProcessor.cs
 0.1 kb	 0.0% Packages/com.unity.inputsystem/InputSystem/Actions/Interactions/SlowTapInteraction.cs
 0.1 kb	 0.0% Packages/com.unity.inputsystem/InputSystem/Actions/Interactions/MultiTapInteraction.cs
 0.1 kb	 0.0% Packages/com.unity.inputsystem/InputSystem/Actions/Composites/OneModifierComposite.cs
 0.1 kb	 0.0% Packages/com.unity.collections/Unity.Collections/UnsafeUtilityEx.cs
 0.1 kb	 0.0% Packages/com.unity.collections/Unity.Collections/UnsafeAppendBuffer.cs
 0.1 kb	 0.0% Packages/com.unity.collections/Unity.Collections/NativeParallelHashSetExtensions.gen.cs
 0.1 kb	 0.0% Packages/com.unity.collections/Unity.Collections/Jobs/RegisterGenericJobTypeAttribute.cs
 0.1 kb	 0.0% Packages/com.unity.collections/Unity.Collections/DoubleRewindableAllocators.cs
 0.1 kb	 0.0% Packages/com.unity.collections/Unity.Collections/DataStreamExtensions.cs
 0.1 kb	 0.0% Packages/com.unity.cloud.gltfast/Runtime/Scripts/Newtonsoft/Schema/TextureInfoExtensions.cs
 0.1 kb	 0.0% Packages/com.unity.cloud.gltfast/Runtime/Scripts/Newtonsoft/Schema/MeshPrimitiveExtensions.cs
 0.1 kb	 0.0% Packages/com.unity.cloud.gltfast/Runtime/Scripts/Newtonsoft/Schema/AnimationChannelTarget.cs
 0.1 kb	 0.0% Packages/com.unity.cloud.gltfast/Runtime/Scripts/Newtonsoft/Schema/AccessorSparseIndices.cs
 0.1 kb	 0.0% Packages/com.unity.cloud.gltfast/Runtime/Scripts/Export/BuiltInStandardMaterialExport.cs
 0.1 kb	 0.0% Packages/com.unity.cloud.gltfast/Runtime/DocExamples/WebpTextureAddon.cs
 0.1 kb	 0.0% Packages/com.unity.cloud.gltfast/Runtime/DocExamples/PngTextureAddon.cs
 0.1 kb	 0.0% Packages/com.unity.cloud.gltfast/Runtime/DocExamples/ExportSamples.cs
 0.1 kb	 0.0% Packages/com.unity.cloud.gltfast/Runtime/DocExamples/CustomGltfImport.cs
 0.1 kb	 0.0% Packages/com.unity.ugui/Runtime/TMP/TMP_DynamicFontAssetUtilities.cs
 0.1 kb	 0.0% Packages/com.unity.transport/Runtime/TLS/FixedPEMString.cs
 0.1 kb	 0.0% Packages/com.unity.transport/Runtime/TLS/DTLSUtilities.cs
 0.1 kb	 0.0% Packages/com.unity.transport/Runtime/Relay/RelayServerData.cs
 0.1 kb	 0.0% Packages/com.unity.transport/Runtime/Relay/Messages/RelayMessagePing.cs
 0.1 kb	 0.0% Packages/com.unity.transport/Runtime/Relay/Messages/RelayMessageBind.cs
 0.1 kb	 0.0% Packages/com.unity.transport/Runtime/NetworkParams.cs
 0.1 kb	 0.0% Packages/com.unity.services.wire/Runtime/Centrifuge/ProtocolSchema/Unsubscribe.cs
 0.1 kb	 0.0% Packages/com.unity.services.wire/Runtime/Centrifuge/ProtocolSchema/Publication.cs
 0.1 kb	 0.0% Packages/com.unity.services.wire/Runtime/Centrifuge/ProtocolSchema/PingResult.cs
 0.1 kb	 0.0% Packages/com.unity.services.wire/Runtime/Centrifuge/ProtocolSchema/PingRequest.cs
 0.1 kb	 0.0% Packages/com.unity.services.wire/Runtime/Centrifuge/ProtocolSchema/CommandID.cs
 0.1 kb	 0.0% Packages/com.unity.services.wire/Runtime/Centrifuge/ProtocolSchema/ClientInfo.cs
 0.1 kb	 0.0% Packages/com.unity.services.vivox/Runtime/AudioTaps/VivoxParticipantTap.cs
 0.1 kb	 0.0% Packages/com.unity.services.vivox/Runtime/AudioTaps/VivoxChannelAudioTap.cs
 0.1 kb	 0.0% Packages/com.unity.services.vivox/Runtime/AudioTaps/VivoxAudioProcessor.cs
 0.1 kb	 0.0% Packages/com.unity.services.qos/Runtime/v2/Scheduler/EngineStateHelper.cs
 0.1 kb	 0.0% Packages/com.unity.services.qos/Runtime/v2/ErrorMitigation/RetryPolicy.cs
 0.1 kb	 0.0% Packages/com.unity.services.qos/Runtime/v2/ErrorMitigation/IRetryPolicy.cs
 0.1 kb	 0.0% Packages/com.unity.services.qos/Runtime/Http/UnityWebRequestHelpers.cs
 0.1 kb	 0.0% Packages/com.unity.services.qos/Runtime/Http/DeserializationSettings.cs
 0.1 kb	 0.0% Packages/com.unity.services.qos/Runtime/Http/DeserializationException.cs
 0.1 kb	 0.0% Packages/com.unity.services.multiplayer/Runtime/Matchmaker/SDK/BackfillTicket.cs
 0.1 kb	 0.0% Packages/com.unity.services.multiplayer/Runtime/Matchmaker/Models/ProblemDetails.cs
 0.1 kb	 0.0% Packages/com.unity.services.multiplayer/Runtime/Matchmaker/Models/MatchProperties.cs
 0.1 kb	 0.0% Packages/com.unity.services.multiplayer/Runtime/Matchmaker/Models/AbTestingResult.cs
 0.1 kb	 0.0% Packages/com.unity.services.multiplayer/Runtime/Matchmaker/Http/ResponseHandler.cs
 0.1 kb	 0.0% Packages/com.unity.services.multiplayer/Runtime/Matchmaker/Http/IDeserializable.cs
 0.1 kb	 0.0% Packages/com.unity.services.multiplayer/Runtime/Matchmaker/Http/HttpException.cs
 0.1 kb	 0.0% Packages/com.unity.services.multiplayer/Runtime/Matchmaker/Http/BaseApiClient.cs
 0.1 kb	 0.0% Packages/com.unity.services.multiplayer/Runtime/Lobbies/SDK/UpdatePlayerOptions.cs
 0.1 kb	 0.0% Packages/com.unity.services.multiplayer/Runtime/Lobbies/SDK/UpdateLobbyOptions.cs
 0.1 kb	 0.0% Packages/com.unity.services.multiplayer/Runtime/Lobbies/SDK/QueryLobbiesOptions.cs
 0.1 kb	 0.0% Packages/com.unity.services.multiplayer/Runtime/Lobbies/SDK/LobbyUpdates/LobbyPlayerJoined.cs
 0.1 kb	 0.0% Packages/com.unity.services.multiplayer/Runtime/Lobbies/SDK/LobbyUpdates/LobbyPlayerChanges.cs
 0.1 kb	 0.0% Packages/com.unity.services.multiplayer/Runtime/Lobbies/SDK/LobbyUpdates/Internal/LobbyPatcherChanges.cs
 0.1 kb	 0.0% Packages/com.unity.services.multiplayer/Runtime/Lobbies/SDK/JoinLobbyByIdOptions.cs
 0.1 kb	 0.0% Packages/com.unity.services.multiplayer/Runtime/Lobbies/SDK/InternalLobbyService.cs
 0.1 kb	 0.0% Packages/com.unity.services.multiplayer/Runtime/Lobbies/SDK/CreateLobbyOptions.cs
 0.1 kb	 0.0% Packages/com.unity.services.multiplayer/Runtime/Lobbies/Models/UpdateRequest.cs
 0.1 kb	 0.0% Packages/com.unity.services.multiplayer/Runtime/Lobbies/Models/QuickJoinRequest.cs
 0.1 kb	 0.0% Packages/com.unity.services.multiplayer/Runtime/Lobbies/Models/QueryResponse.cs
 0.1 kb	 0.0% Packages/com.unity.services.multiplayer/Runtime/Lobbies/Models/PlayerProfile.cs
 0.1 kb	 0.0% Packages/com.unity.services.multiplayer/Runtime/Lobbies/Models/PlayerDataObject.cs
 0.1 kb	 0.0% Packages/com.unity.services.multiplayer/Runtime/Lobbies/Models/JoinByIdRequest.cs
 0.1 kb	 0.0% Packages/com.unity.services.multiplayer/Runtime/Lobbies/Models/CreateRequest.cs
 0.1 kb	 0.0% Packages/com.unity.services.multiplayer/Runtime/Lobbies/Apis/LobbyApiRequests.cs
 0.1 kb	 0.0% Packages/com.unity.services.multiplayer/Runtime/DistributedAuthority/Http/JsonObject.cs
 0.1 kb	 0.0% Packages/com.unity.services.multiplayer/Runtime/DistributedAuthority/Http/JsonHelpers.cs
 0.1 kb	 0.0% Packages/com.unity.services.multiplayer/Runtime/DistributedAuthority/Http/IHttpClient.cs
 0.1 kb	 0.0% Packages/com.unity.services.multiplayer/Runtime/DistributedAuthority/Http/HttpClient.cs
 0.1 kb	 0.0% Packages/com.unity.services.core/Runtime/Core.Internal/Components/Telemetry/IDiagnostics.cs
 0.1 kb	 0.0% Packages/com.unity.services.core/Runtime/Core.Internal/Components/Networking/IHttpClient.cs
 0.1 kb	 0.0% Packages/com.unity.services.core/Runtime/Core.Internal/Components/Networking/HttpResponse.cs
 0.1 kb	 0.0% Packages/com.unity.services.core/Runtime/Core.Internal/Components/Networking/HttpRequest.cs
 0.1 kb	 0.0% Packages/com.unity.services.core/Runtime/Core.Internal/Components/Networking/HttpOptions.cs
 0.1 kb	 0.0% Packages/com.unity.services.core/Runtime/Core.Internal/Components/Authentication/IPlayerId.cs
 0.1 kb	 0.0% Packages/com.unity.services.core/Runtime/Core.Internal/Components/Authentication/IAccessToken.cs
 0.1 kb	 0.0% Packages/com.unity.services.authentication/Runtime/Generated/Shared/IApiClient.cs
 0.1 kb	 0.0% Packages/com.unity.services.authentication/Runtime/Generated/Shared/IApiAccessor.cs
 0.1 kb	 0.0% Packages/com.unity.services.authentication/Runtime/Generated/Shared/ApiResponse.cs
 0.1 kb	 0.0% Packages/com.unity.services.authentication/Runtime/Generated/Shared/ApiException.cs
 0.1 kb	 0.0% Packages/com.unity.services.authentication/Runtime/Compatibility/Models.cs
 0.1 kb	 0.0% Packages/com.unity.netcode.gameobjects/Runtime/Transports/UTP/SecretsLoaderHelper.cs
 0.1 kb	 0.0% Packages/com.unity.netcode.gameobjects/Runtime/Transports/UTP/BatchedReceiveQueue.cs
 0.1 kb	 0.0% Packages/com.unity.multiplayer.widgets/Runtime/Core/Base/Widget/WidgetBehaviour.cs
 0.1 kb	 0.0% Packages/com.unity.multiplayer.widgets/Runtime/Core/Base/Widget/Interfaces/WidgetInterfaces.cs
 0.1 kb	 0.0% Packages/com.unity.multiplayer.widgets/Runtime/Core/Base/Session/SessionConstants.cs
 0.1 kb	 0.0% Packages/com.unity.multiplayer.widgets/Runtime/Core/Base/ManagerInitialization/ManagerFactory.cs
 0.1 kb	 0.0% Packages/com.unity.multiplayer.widgets/Runtime/Core/Base/ChatService/Vivox/VivoxChatService.cs
 0.1 kb	 0.0% Packages/com.unity.multiplayer.widgets/Runtime/Core/Base/ChatService/Vivox/VivoxChatMessage.cs
 0.1 kb	 0.0% Packages/com.unity.multiplayer.widgets/Runtime/Core/Base/ChatService/Interfaces/IChatParticipant.cs
 0.1 kb	 0.0% Packages/com.unity.multiplayer.tools/NetStats/Runtime/Units/BaseUnit.cs
 0.1 kb	 0.0% Packages/com.unity.multiplayer.tools/MetricEvents/Runtime/MetricObserver.cs
 0.1 kb	 0.0% Packages/com.unity.inputsystem/InputSystem/Utilities/Comparers.cs
 0.1 kb	 0.0% Packages/com.unity.inputsystem/InputSystem/State/InputStateHistory.cs
 0.1 kb	 0.0% Packages/com.unity.inputsystem/InputSystem/State/InputStateBuffers.cs
 0.1 kb	 0.0% Packages/com.unity.inputsystem/InputSystem/State/IInputStateTypeInfo.cs
 0.1 kb	 0.0% Packages/com.unity.inputsystem/InputSystem/Plugins/iOS/InputSettingsiOSProvider.cs
 0.1 kb	 0.0% Packages/com.unity.inputsystem/InputSystem/Plugins/Users/InputUserSettings.cs
 0.1 kb	 0.0% Packages/com.unity.inputsystem/InputSystem/Plugins/PlayerInput/PlayerInputEditor.cs
 0.1 kb	 0.0% Packages/com.unity.inputsystem/InputSystem/Plugins/EnhancedTouch/TouchSimulation.cs
 0.1 kb	 0.0% Packages/com.unity.inputsystem/InputSystem/NativeInputRuntime.cs
 0.1 kb	 0.0% Packages/com.unity.inputsystem/InputSystem/Events/InputEventListener.cs
 0.1 kb	 0.0% Packages/com.unity.inputsystem/InputSystem/Events/IMECompositionEvent.cs
 0.1 kb	 0.0% Packages/com.unity.inputsystem/InputSystem/Events/IInputEventTypeInfo.cs
 0.1 kb	 0.0% Packages/com.unity.inputsystem/InputSystem/Events/DeviceRemoveEvent.cs
 0.1 kb	 0.0% Packages/com.unity.inputsystem/InputSystem/Editor/UITKAssetEditor/Views/MatchingControlPaths.cs
 0.1 kb	 0.0% Packages/com.unity.inputsystem/InputSystem/Editor/UITKAssetEditor/Views/IViewStateCollection.cs
 0.1 kb	 0.0% Packages/com.unity.inputsystem/InputSystem/Editor/UITKAssetEditor/Views/ControlSchemesView.cs
 0.1 kb	 0.0% Packages/com.unity.inputsystem/InputSystem/Editor/UITKAssetEditor/Views/ActionPropertiesView.cs
 0.1 kb	 0.0% Packages/com.unity.inputsystem/InputSystem/Editor/UITKAssetEditor/EnumerableExtensions.cs
 0.1 kb	 0.0% Packages/com.unity.inputsystem/InputSystem/Editor/PropertyDrawers/InputActionMapDrawer.cs
 0.1 kb	 0.0% Packages/com.unity.inputsystem/InputSystem/Editor/PropertyDrawers/InputActionDrawer.cs
 0.1 kb	 0.0% Packages/com.unity.inputsystem/InputSystem/Editor/Internal/InputEventTreeView.cs
 0.1 kb	 0.0% Packages/com.unity.inputsystem/InputSystem/Editor/Internal/InputControlTreeView.cs
 0.1 kb	 0.0% Packages/com.unity.inputsystem/InputSystem/Editor/Internal/BuildProviderHelpers.cs
 0.1 kb	 0.0% Packages/com.unity.inputsystem/InputSystem/Editor/Internal/AdvancedDropdown/MultiLevelDataSource.cs
 0.1 kb	 0.0% Packages/com.unity.inputsystem/InputSystem/Editor/Internal/AdvancedDropdown/CallbackDataSource.cs
 0.1 kb	 0.0% Packages/com.unity.inputsystem/InputSystem/Editor/Internal/AdvancedDropdown/AdvancedDropdownItem.cs
 0.1 kb	 0.0% Packages/com.unity.inputsystem/InputSystem/Editor/Internal/AdvancedDropdown/AdvancedDropdownGUI.cs
 0.1 kb	 0.0% Packages/com.unity.inputsystem/InputSystem/Editor/InputParameterEditor.cs
 0.1 kb	 0.0% Packages/com.unity.inputsystem/InputSystem/Editor/DeviceSimulator/InputSystemPlugin.cs
 0.1 kb	 0.0% Packages/com.unity.inputsystem/InputSystem/Editor/Debugger/InputDebuggerWindow.cs
 0.1 kb	 0.0% Packages/com.unity.inputsystem/InputSystem/Editor/ControlPicker/InputControlPicker.cs
 0.1 kb	 0.0% Packages/com.unity.inputsystem/InputSystem/Editor/BuildPipeline/LinkFileGenerator.cs
 0.1 kb	 0.0% Packages/com.unity.inputsystem/InputSystem/Editor/AssetImporter/InputActionImporter.cs
 0.1 kb	 0.0% Packages/com.unity.inputsystem/InputSystem/Editor/AssetEditor/PropertiesViewBase.cs
 0.1 kb	 0.0% Packages/com.unity.inputsystem/InputSystem/Editor/AssetEditor/InputActionTreeView.cs
 0.1 kb	 0.0% Packages/com.unity.inputsystem/InputSystem/Editor/Analytics/InputEditorAnalytics.cs
 0.1 kb	 0.0% Packages/com.unity.inputsystem/InputSystem/Editor/Analytics/InputBuildAnalytic.cs
 0.1 kb	 0.0% Packages/com.unity.inputsystem/InputSystem/Devices/InputDeviceMatcher.cs
 0.1 kb	 0.0% Packages/com.unity.inputsystem/InputSystem/Devices/InputDeviceBuilder.cs
 0.1 kb	 0.0% Packages/com.unity.inputsystem/InputSystem/Devices/ITextInputReceiver.cs
 0.1 kb	 0.0% Packages/com.unity.inputsystem/InputSystem/Devices/IEventPreProcessor.cs
 0.1 kb	 0.0% Packages/com.unity.inputsystem/InputSystem/Devices/ICustomDeviceReset.cs
 0.1 kb	 0.0% Packages/com.unity.inputsystem/InputSystem/Devices/Commands/RequestSyncCommand.cs
 0.1 kb	 0.0% Packages/com.unity.inputsystem/InputSystem/Devices/Commands/RequestResetCommand.cs
 0.1 kb	 0.0% Packages/com.unity.inputsystem/InputSystem/Devices/Commands/QueryUserIdCommand.cs
 0.1 kb	 0.0% Packages/com.unity.inputsystem/InputSystem/Devices/Commands/QueryKeyNameCommand.cs
 0.1 kb	 0.0% Packages/com.unity.inputsystem/InputSystem/Devices/Commands/InputDeviceCommand.cs
 0.1 kb	 0.0% Packages/com.unity.inputsystem/InputSystem/Devices/Commands/EnableDeviceCommand.cs
 0.1 kb	 0.0% Packages/com.unity.inputsystem/InputSystem/Devices/Commands/DisableDeviceCommand.cs
 0.1 kb	 0.0% Packages/com.unity.inputsystem/InputSystem/Controls/TouchPressControl.cs
 0.1 kb	 0.0% Packages/com.unity.inputsystem/InputSystem/Controls/TouchPhaseControl.cs
 0.1 kb	 0.0% Packages/com.unity.inputsystem/InputSystem/Controls/QuaternionControl.cs
 0.1 kb	 0.0% Packages/com.unity.inputsystem/InputSystem/Controls/InputControlLayout.cs
 0.1 kb	 0.0% Packages/com.unity.inputsystem/InputSystem/Controls/InputControlExtensions.cs
 0.1 kb	 0.0% Packages/com.unity.inputsystem/InputSystem/Actions/InputInteractionContext.cs
 0.1 kb	 0.0% Packages/com.unity.inputsystem/InputSystem/Actions/InputBindingComposite.cs
 0.1 kb	 0.0% Packages/com.unity.inputsystem/InputSystem/Actions/IInputActionCollection.cs
 0.1 kb	 0.0% Packages/com.unity.collections/Unity.Collections/NativeNotBurstCompatible.cs
 0.1 kb	 0.0% Packages/com.unity.cloud.gltfast/Runtime/Scripts/Animations/AnimationModuleProcessorFactory.cs
 0.1 kb	 0.0% Assets/Scripts/Presentation/UnitRenderer/Token2DMeshGenerator.cs
 0.1 kb	 0.0% Packages/com.unity.ugui/Runtime/UGUI/EventSystem/InputModules/StandaloneInputModule.cs
 0.1 kb	 0.0% Packages/com.unity.transport/Runtime/PacketProcessor.cs
 0.1 kb	 0.0% Packages/com.unity.transport/Runtime/PacketMetadata.cs
 0.1 kb	 0.0% Packages/com.unity.transport/Runtime/OperationResult.cs
 0.1 kb	 0.0% Packages/com.unity.transport/Runtime/NetworkSettings.cs
 0.1 kb	 0.0% Packages/com.unity.transport/Runtime/NetworkPipeline.cs
 0.1 kb	 0.0% Packages/com.unity.transport/Runtime/NetworkEndpoint.cs
 0.1 kb	 0.0% Packages/com.unity.transport/Runtime/NetworkDriver.cs
 0.1 kb	 0.0% Packages/com.unity.transport/Runtime/Layers/WebSocketLayer.cs
 0.1 kb	 0.0% Packages/com.unity.transport/Runtime/Layers/SimulatorLayer.cs
 0.1 kb	 0.0% Packages/com.unity.transport/Runtime/INetworkLayer.cs
 0.1 kb	 0.0% Packages/com.unity.transport/Runtime/ConnectionToken.cs
 0.1 kb	 0.0% Packages/com.unity.transport/Runtime/ConnectionList.cs
 0.1 kb	 0.0% Packages/com.unity.services.wire/Runtime/Utils/BackoffStrategy.cs
 0.1 kb	 0.0% Packages/com.unity.services.wire/Runtime/Configuration.cs
 0.1 kb	 0.0% Packages/com.unity.services.wire/Runtime/Centrifuge/CommandManager.cs
 0.1 kb	 0.0% Packages/com.unity.services.vivox/Runtime/VivoxUnity/Private/DirectedMessageResult.cs
 0.1 kb	 0.0% Packages/com.unity.services.vivox/Runtime/VivoxUnity/Private/ChatHistoryQueryResult.cs
 0.1 kb	 0.0% Packages/com.unity.services.vivox/Runtime/VivoxUnity/IPresenceSubscription.cs
 0.1 kb	 0.0% Packages/com.unity.services.vivox/Runtime/VivoxUnity/IParticipantProperties.cs
 0.1 kb	 0.0% Packages/com.unity.services.vivox/Runtime/VivoxUnity/IDirectedMessageResult.cs
 0.1 kb	 0.0% Packages/com.unity.services.vivox/Runtime/VivoxUnity/IChatHistoryQueryResult.cs
 0.1 kb	 0.0% Packages/com.unity.services.vivox/Runtime/VivoxPackageInitializer.cs
 0.1 kb	 0.0% Packages/com.unity.services.vivox/Runtime/SWIG/vx_state_sessiongroup_t.cs
 0.1 kb	 0.0% Packages/com.unity.services.vivox/Runtime/SWIG/vx_state_participant_t.cs
 0.1 kb	 0.0% Packages/com.unity.services.vivox/Runtime/SWIG/vx_state_buddy_group_t.cs
 0.1 kb	 0.0% Packages/com.unity.services.vivox/Runtime/SWIG/vx_state_buddy_contact_t.cs
 0.1 kb	 0.0% Packages/com.unity.services.vivox/Runtime/SWIG/vx_resp_session_create_t.cs
 0.1 kb	 0.0% Packages/com.unity.services.vivox/Runtime/SWIG/vx_resp_account_logout_t.cs
 0.1 kb	 0.0% Packages/com.unity.services.vivox/Runtime/SWIG/vx_resp_account_login_t.cs
 0.1 kb	 0.0% Packages/com.unity.services.vivox/Runtime/SWIG/vx_req_session_create_t.cs
 0.1 kb	 0.0% Packages/com.unity.services.vivox/Runtime/SWIG/vx_req_account_logout_t.cs
 0.1 kb	 0.0% Packages/com.unity.services.vivox/Runtime/SWIG/vx_req_account_login_t.cs
 0.1 kb	 0.0% Packages/com.unity.services.vivox/Runtime/SWIG/vx_generic_credentials.cs
 0.1 kb	 0.0% Packages/com.unity.services.vivox/Runtime/SWIG/vx_evt_user_app_data_t.cs
 0.1 kb	 0.0% Packages/com.unity.services.vivox/Runtime/SWIG/vx_evt_subscription_t.cs
 0.1 kb	 0.0% Packages/com.unity.services.vivox/Runtime/SWIG/vx_evt_session_updated_t.cs
 0.1 kb	 0.0% Packages/com.unity.services.vivox/Runtime/SWIG/vx_evt_session_removed_t.cs
 0.1 kb	 0.0% Packages/com.unity.services.vivox/Runtime/SWIG/vx_evt_session_added_t.cs
 0.1 kb	 0.0% Packages/com.unity.services.vivox/Runtime/SWIG/vx_evt_server_app_data_t.cs
 0.1 kb	 0.0% Packages/com.unity.services.vivox/Runtime/SWIG/vx_evt_network_message_t.cs
 0.1 kb	 0.0% Packages/com.unity.services.vivox/Runtime/SWIG/vx_evt_keyboard_mouse_t.cs
 0.1 kb	 0.0% Packages/com.unity.services.vivox/Runtime/SWIG/vx_evt_buddy_presence_t.cs
 0.1 kb	 0.0% Packages/com.unity.services.vivox/Runtime/SWIG/vx_evt_buddy_changed_t.cs
 0.1 kb	 0.0% Packages/com.unity.services.vivox/Runtime/SWIG/vx_auto_accept_rule_t.cs
 0.1 kb	 0.0% Packages/com.unity.services.vivox/Runtime/SWIG/VivoxCoreInstancePINVOKE.cs
 0.1 kb	 0.0% Packages/com.unity.services.vivox/Runtime/SWIG/SWIGTYPE_p_p_vx_group.cs
 0.1 kb	 0.0% Packages/com.unity.services.vivox/Runtime/SWIG/SWIGTYPE_p_p_vx_device.cs
 0.1 kb	 0.0% Packages/com.unity.services.vivox/Runtime/SWIG/SWIGTYPE_p_p_vx_channel.cs
 0.1 kb	 0.0% Packages/com.unity.services.vivox/Runtime/SWIG/SWIGTYPE_p_p_vx_buddy.cs
 0.1 kb	 0.0% Packages/com.unity.services.vivox/Runtime/SWIG/SWIGTYPE_p_p_vx_account.cs
 0.1 kb	 0.0% Packages/com.unity.services.vivox/Runtime/SWIG/SWIGTYPE_p_p_p_vx_group.cs
 0.1 kb	 0.0% Packages/com.unity.services.vivox/Runtime/SWIG/SWIGTYPE_p_p_p_vx_device.cs
 0.1 kb	 0.0% Packages/com.unity.services.vivox/Runtime/SWIG/SWIGTYPE_p_p_p_vx_buddy.cs
 0.1 kb	 0.0% Packages/com.unity.services.vivox/Runtime/SWIG/SWIGTYPE_p_f_void__int.cs
 0.1 kb	 0.0% Packages/com.unity.services.vivox/Runtime/SWIG/SWIGTYPE_p_f_int__void.cs
 0.1 kb	 0.0% Packages/com.unity.services.vivox/Runtime/SDK/Options/ConversationQueryOptions.cs
 0.1 kb	 0.0% Packages/com.unity.services.vivox/Runtime/SDK/Options/ChatHistoryQueryOptions.cs
 0.1 kb	 0.0% Packages/com.unity.services.vivox/Runtime/SDK/Models/VivoxGlobalAudioSettings.cs
 0.1 kb	 0.0% Packages/com.unity.services.vivox/Runtime/SDK/Core/VivoxServicesExtensions.cs
 0.1 kb	 0.0% Packages/com.unity.services.vivox/Runtime/IVivoxServiceInternal.cs
 0.1 kb	 0.0% Packages/com.unity.services.qos/Runtime/v2/Models/QosServerAnnotations.cs
 0.1 kb	 0.0% Packages/com.unity.services.qos/Runtime/v2/Models/ErrorResponseBody.cs
 0.1 kb	 0.0% Packages/com.unity.services.qos/Runtime/v2/Http/JsonObjectConverter.cs
 0.1 kb	 0.0% Packages/com.unity.services.qos/Runtime/v2/Http/IsolatedJsonConvert.cs
 0.1 kb	 0.0% Packages/com.unity.services.qos/Runtime/v2/Http/HttpClientResponse.cs
 0.1 kb	 0.0% Packages/com.unity.services.qos/Runtime/UnityServicesExtensions.cs
 0.1 kb	 0.0% Packages/com.unity.services.qos/Runtime/Scheduler/EngineStateHelper.cs
 0.1 kb	 0.0% Packages/com.unity.services.qos/Runtime/Runner/QosAnnotatedResult.cs
 0.1 kb	 0.0% Packages/com.unity.services.qos/Runtime/QosPackageInitializer.cs
 0.1 kb	 0.0% Packages/com.unity.services.qos/Runtime/Models/ErrorResponseBody.cs
 0.1 kb	 0.0% Packages/com.unity.services.qos/Runtime/ErrorMitigation/RetryPolicy.cs
 0.1 kb	 0.0% Packages/com.unity.services.qos/Runtime/ErrorMitigation/IRetryPolicy.cs
 0.1 kb	 0.0% Packages/com.unity.services.multiplayer/Runtime/Relay/SDK/WrappedRelayService.cs
 0.1 kb	 0.0% Packages/com.unity.services.multiplayer/Runtime/Relay/Models/ResponseLinks.cs
 0.1 kb	 0.0% Packages/com.unity.services.multiplayer/Runtime/Relay/Models/JoinResponseBody.cs
 0.1 kb	 0.0% Packages/com.unity.services.multiplayer/Runtime/Relay/Models/JoinCodeRequest.cs
 0.1 kb	 0.0% Packages/com.unity.services.multiplayer/Runtime/Relay/Models/JoinAllocation.cs
 0.1 kb	 0.0% Packages/com.unity.services.multiplayer/Runtime/Relay/Models/AllocationUtils.cs
 0.1 kb	 0.0% Packages/com.unity.services.multiplayer/Runtime/Relay/Models/AllocationData.cs
 0.1 kb	 0.0% Packages/com.unity.services.multiplayer/Runtime/Relay/InternalRelayService.cs
 0.1 kb	 0.0% Packages/com.unity.services.multiplayer/Runtime/Relay/Http/ResponseHandler.cs
 0.1 kb	 0.0% Packages/com.unity.services.multiplayer/Runtime/Relay/Http/IDeserializable.cs
 0.1 kb	 0.0% Packages/com.unity.services.multiplayer/Runtime/Relay/Http/HttpException.cs
 0.1 kb	 0.0% Packages/com.unity.services.multiplayer/Runtime/Relay/Http/BaseApiClient.cs
 0.1 kb	 0.0% Packages/com.unity.services.multiplayer/Runtime/Multiplayer/Utils/JWT/DateTimeWrapper.cs
 0.1 kb	 0.0% Packages/com.unity.services.multiplayer/Runtime/Multiplayer/Utils/Compatibility.cs
 0.1 kb	 0.0% Packages/com.unity.services.multiplayer/Runtime/Multiplayer/SessionBrowser/SessionBrowser.cs
 0.1 kb	 0.0% Packages/com.unity.services.multiplayer/Runtime/Multiplayer/Session/SessionObserver.cs
 0.1 kb	 0.0% Packages/com.unity.services.multiplayer/Runtime/Multiplayer/Session/SessionManager.cs
 0.1 kb	 0.0% Packages/com.unity.services.multiplayer/Runtime/Multiplayer/Session/SessionHandler.cs
 0.1 kb	 0.0% Packages/com.unity.services.multiplayer/Runtime/Multiplayer/Session/Options/SessionOptions.cs
 0.1 kb	 0.0% Packages/com.unity.services.multiplayer/Runtime/Multiplayer/Session/Models/SessionProperty.cs
 0.1 kb	 0.0% Packages/com.unity.services.multiplayer/Runtime/Multiplayer/Session/Models/Player/PlayerProperty.cs
 0.1 kb	 0.0% Packages/com.unity.services.multiplayer/Runtime/Multiplayer/Session/Models/Player/IReadOnlyPlayer.cs
 0.1 kb	 0.0% Packages/com.unity.services.multiplayer/Runtime/Multiplayer/Session/Models/IValueProperty.cs
 0.1 kb	 0.0% Packages/com.unity.services.multiplayer/Runtime/Multiplayer/Operation/SessionException.cs
 0.1 kb	 0.0% Packages/com.unity.services.multiplayer/Runtime/Multiplayer/Modules/PlayerName/PlayerNameModule.cs
 0.1 kb	 0.0% Packages/com.unity.services.multiplayer/Runtime/Multiplayer/Modules/Network/NetworkProvider.cs
 0.1 kb	 0.0% Packages/com.unity.services.multiplayer/Runtime/Multiplayer/Modules/Network/NetworkModule.cs
 0.1 kb	 0.0% Packages/com.unity.services.multiplayer/Runtime/Multiplayer/Modules/Network/Models/NetworkMetadata.cs
 0.1 kb	 0.0% Packages/com.unity.services.multiplayer/Runtime/Multiplayer/Modules/Network/Handlers/NetworkHandler/NetworkBuilder.cs
 0.1 kb	 0.0% Packages/com.unity.services.multiplayer/Runtime/Multiplayer/Modules/Network/Handlers/NetworkHandler/INetworkHandler.cs
 0.1 kb	 0.0% Packages/com.unity.services.multiplayer/Runtime/Multiplayer/Modules/ModuleRegistry.cs
 0.1 kb	 0.0% Packages/com.unity.services.multiplayer/Runtime/Multiplayer/Modules/Matchmaker/MatchmakerModule.cs
 0.1 kb	 0.0% Packages/com.unity.services.multiplayer/Runtime/Multiplayer/Modules/IModuleRegistry.cs
 0.1 kb	 0.0% Packages/com.unity.services.multiplayer/Runtime/Multiplayer/Modules/IModuleProvider.cs
 0.1 kb	 0.0% Packages/com.unity.services.multiplayer/Runtime/Multiplayer/Modules/IModuleOption.cs
 0.1 kb	 0.0% Packages/com.unity.services.multiplayer/Runtime/Multiplayer/Matchmaking/QuickJoinOptions.cs
 0.1 kb	 0.0% Packages/com.unity.services.multiplayer/Runtime/Multiplayer/Matchmaking/QosCalculator.cs
 0.1 kb	 0.0% Packages/com.unity.services.multiplayer/Runtime/Multiplayer/Lobby/LobbySettings.cs
 0.1 kb	 0.0% Packages/com.unity.services.multiplayer/Runtime/Multiplayer/Lobby/LobbyConverter.cs
 0.1 kb	 0.0% Packages/com.unity.services.multiplayer/Runtime/Matchmaker/Scheduler/ThreadHelper.cs
 0.1 kb	 0.0% Packages/com.unity.services.multiplayer/Runtime/Matchmaker/Overrides/IABAnalytics.cs
 0.1 kb	 0.0% Packages/com.unity.services.multiplayer/Runtime/Matchmaker/Overrides/ABAnalytics.cs
 0.1 kb	 0.0% Packages/com.unity.services.multiplayer/Runtime/Matchmaker/Http/AsyncOpRetry.cs
 0.1 kb	 0.0% Packages/com.unity.services.multiplayer/Runtime/Matchmaker/Configuration/Configuration.cs
 0.1 kb	 0.0% Packages/com.unity.services.multiplayer/Runtime/Lobbies/Http/ResponseHandler.cs
 0.1 kb	 0.0% Packages/com.unity.services.multiplayer/Runtime/Lobbies/Http/IDeserializable.cs
 0.1 kb	 0.0% Packages/com.unity.services.multiplayer/Runtime/Lobbies/Http/HttpException.cs
 0.1 kb	 0.0% Packages/com.unity.services.multiplayer/Runtime/Lobbies/Http/BaseApiClient.cs
 0.1 kb	 0.0% Packages/com.unity.services.multiplayer/Runtime/Lobbies/Apis/LobbyApi.cs
 0.1 kb	 0.0% Packages/com.unity.services.multiplayer/Runtime/DistributedAuthority/Models/Session.cs
 0.1 kb	 0.0% Packages/com.unity.services.core/Runtime/Telemetry/Metrics/Metrics.cs
 0.1 kb	 0.0% Packages/com.unity.services.core/Runtime/Device/InstallationId.cs
 0.1 kb	 0.0% Packages/com.unity.services.core/Runtime/Core/RequestFailedException.cs
 0.1 kb	 0.0% Packages/com.unity.services.core/Runtime/Core/Initialization/InitializationOptions.cs
 0.1 kb	 0.0% Packages/com.unity.services.core/Runtime/Core/ExternalUserIdProperty.cs
 0.1 kb	 0.0% Packages/com.unity.services.core/Runtime/Core.Internal/Telemetry/CoreDiagnostics.cs
 0.1 kb	 0.0% Packages/com.unity.services.core/Runtime/Core.Internal/Registry/ServiceRegistry/ServiceRegistry.cs
 0.1 kb	 0.0% Packages/com.unity.services.core/Runtime/Core.Internal/Registry/ServiceRegistry/IServiceRegistry.cs
 0.1 kb	 0.0% Packages/com.unity.services.core/Runtime/Core.Internal/Registry/PackageRegistry/PackageRegistry.cs
 0.1 kb	 0.0% Packages/com.unity.services.core/Runtime/Core.Internal/Registry/PackageRegistry/IPackageRegistry.cs
 0.1 kb	 0.0% Packages/com.unity.services.core/Runtime/Core.Internal/Registry/MissingComponent.cs
 0.1 kb	 0.0% Packages/com.unity.services.core/Runtime/Core.Internal/Registry/HashExceptions.cs
 0.1 kb	 0.0% Packages/com.unity.services.core/Runtime/Core.Internal/Registry/DependencyTree.cs
 0.1 kb	 0.0% Packages/com.unity.services.core/Runtime/Core.Internal/Registry/CoreRegistration.cs
 0.1 kb	 0.0% Packages/com.unity.services.core/Runtime/Core.Internal/AsyncOperation/IAsyncOperation.cs
 0.1 kb	 0.0% Packages/com.unity.services.core/Runtime/Core.Internal/AsyncOperation/AsyncOperation.cs
 0.1 kb	 0.0% Packages/com.unity.services.authentication/Runtime/Utilities/Jwt/JwtDecoder.cs
 0.1 kb	 0.0% Packages/com.unity.services.authentication/Runtime/Utilities/Jwt/IJwtDecoder.cs
 0.1 kb	 0.0% Packages/com.unity.services.authentication/Runtime/Network/WebRequest.cs
 0.1 kb	 0.0% Packages/com.unity.services.authentication/Runtime/Models/Security/AccessToken.cs
 0.1 kb	 0.0% Packages/com.unity.services.authentication/Runtime/Models/Responses/UsernameInfo.cs
 0.1 kb	 0.0% Packages/com.unity.services.authentication/Runtime/Models/Responses/LinkResponse.cs
 0.1 kb	 0.0% Packages/com.unity.services.authentication/Runtime/Models/Requests/SteamConfig.cs
 0.1 kb	 0.0% Packages/com.unity.services.authentication/Runtime/Models/Requests/OculusConfig.cs
 0.1 kb	 0.0% Packages/com.unity.services.authentication/Runtime/Models/PlayerInfo.cs
 0.1 kb	 0.0% Packages/com.unity.services.authentication/Runtime/Models/Notification.cs
 0.1 kb	 0.0% Packages/com.unity.services.authentication/Runtime/Models/LinkOptions.cs
 0.1 kb	 0.0% Packages/com.unity.services.authentication/Runtime/Generated/PlayerNames/Model/Player.cs
 0.1 kb	 0.0% Packages/com.unity.services.authentication/Runtime/Generated/PlayerNames/Model/Detail.cs
 0.1 kb	 0.0% Packages/com.unity.netcode.gameobjects/Runtime/Serialization/NetworkObjectReference.cs
 0.1 kb	 0.0% Packages/com.unity.netcode.gameobjects/Runtime/Serialization/BufferSerializerWriter.cs
 0.1 kb	 0.0% Packages/com.unity.netcode.gameobjects/Runtime/Serialization/BufferSerializerReader.cs
 0.1 kb	 0.0% Packages/com.unity.netcode.gameobjects/Runtime/NetworkVariable/Serialization/TypedSerializerImplementations.cs
 0.1 kb	 0.0% Packages/com.unity.netcode.gameobjects/Runtime/Metrics/NetworkObjectProvider.cs
 0.1 kb	 0.0% Packages/com.unity.netcode.gameobjects/Runtime/Metrics/NetworkMetricsManager.cs
 0.1 kb	 0.0% Packages/com.unity.netcode.gameobjects/Runtime/Messaging/RpcTargets/NotAuthorityRpcTarget.cs
 0.1 kb	 0.0% Packages/com.unity.netcode.gameobjects/Runtime/Messaging/RpcTargets/ClientsAndHostRpcTarget.cs
 0.1 kb	 0.0% Packages/com.unity.netcode.gameobjects/Runtime/Messaging/NetworkMessageManager.cs
 0.1 kb	 0.0% Packages/com.unity.netcode.gameobjects/Runtime/Messaging/Messages/NetworkTransformMessage.cs
 0.1 kb	 0.0% Packages/com.unity.netcode.gameobjects/Runtime/Messaging/Messages/DisconnectReasonMessage.cs
 0.1 kb	 0.0% Packages/com.unity.netcode.gameobjects/Runtime/Messaging/Messages/ConnectionRequestMessage.cs
 0.1 kb	 0.0% Packages/com.unity.netcode.gameobjects/Runtime/Messaging/Messages/ClientConnectedMessage.cs
 0.1 kb	 0.0% Packages/com.unity.netcode.gameobjects/Runtime/Messaging/Messages/ChangeOwnershipMessage.cs
 0.1 kb	 0.0% Packages/com.unity.netcode.gameobjects/Runtime/Messaging/INetworkMessageSender.cs
 0.1 kb	 0.0% Packages/com.unity.netcode.gameobjects/Runtime/Messaging/INetworkMessageProvider.cs
 0.1 kb	 0.0% Packages/com.unity.netcode.gameobjects/Runtime/Messaging/DeferredMessageManager.cs
 0.1 kb	 0.0% Packages/com.unity.netcode.gameobjects/Runtime/Exceptions/NotListeningException.cs
 0.1 kb	 0.0% Packages/com.unity.netcode.gameobjects/Runtime/Exceptions/InvalidParentException.cs
 0.1 kb	 0.0% Packages/com.unity.netcode.gameobjects/Runtime/Core/NetworkObjectRefreshTool.cs
 0.1 kb	 0.0% Packages/com.unity.netcode.gameobjects/Runtime/Core/NetworkBehaviourUpdater.cs
 0.1 kb	 0.0% Packages/com.unity.netcode.gameobjects/Runtime/Connection/NetworkConnectionManager.cs
 0.1 kb	 0.0% Packages/com.unity.netcode.gameobjects/Runtime/Components/NetworkRigidbody2D.cs
 0.1 kb	 0.0% Packages/com.unity.netcode.gameobjects/Runtime/Components/NetworkRigidBodyBase.cs
 0.1 kb	 0.0% Packages/com.unity.netcode.gameobjects/Runtime/Components/NetworkDeltaPosition.cs
 0.1 kb	 0.0% Packages/com.unity.netcode.gameobjects/Runtime/Components/Helpers/ComponentController.cs
 0.1 kb	 0.0% Packages/com.unity.netcode.gameobjects/Runtime/Components/Helpers/AttachableBehaviour.cs
 0.1 kb	 0.0% Packages/com.unity.multiplayer.widgets/Runtime/Session/Widgets/ShowJoinCode.cs
 0.1 kb	 0.0% Packages/com.unity.multiplayer.widgets/Runtime/Session/Widgets/SessionList.cs
 0.1 kb	 0.0% Packages/com.unity.multiplayer.widgets/Runtime/Session/Widgets/SessionItem.cs
 0.1 kb	 0.0% Packages/com.unity.multiplayer.widgets/Runtime/Session/Widgets/LeaveSession.cs
 0.1 kb	 0.0% Packages/com.unity.multiplayer.tools/NetStats/Runtime/Units/BaseUnits.cs
 0.1 kb	 0.0% Packages/com.unity.multiplayer.tools/NetStats/Runtime/Serialization/MetricHeader.cs
 0.1 kb	 0.0% Packages/com.unity.multiplayer.tools/NetStats/Runtime/Serialization/Cloned/BitWriter.cs
 0.1 kb	 0.0% Packages/com.unity.multiplayer.tools/NetStats/Runtime/Serialization/Cloned/BitReader.cs
 0.1 kb	 0.0% Packages/com.unity.multiplayer.tools/NetStats/Runtime/Metrics/TimerFactory.cs
 0.1 kb	 0.0% Packages/com.unity.multiplayer.tools/NetStats/Runtime/Metrics/IResettable.cs
 0.1 kb	 0.0% Packages/com.unity.multiplayer.tools/NetStats/Runtime/Metrics/IEventMetric.cs
 0.1 kb	 0.0% Packages/com.unity.multiplayer.tools/NetStats/Runtime/Metrics/GaugeFactory.cs
 0.1 kb	 0.0% Packages/com.unity.multiplayer.tools/MetricTypes/Runtime/MetricTypes/RpcEvent.cs
 0.1 kb	 0.0% Packages/com.unity.multiplayer.tools/Common/Runtime/Extensions/StringUtil.cs
 0.1 kb	 0.0% Packages/com.unity.multiplayer.tools/Common/Runtime/Extensions/DebugUtils.cs
 0.1 kb	 0.0% Packages/com.unity.multiplayer.tools/Common/Runtime/Data/MinAndMax.cs
 0.1 kb	 0.0% Packages/com.unity.multiplayer.tools/Common/Runtime/Compiler/RuntimeUtils.cs
 0.1 kb	 0.0% Packages/com.unity.multiplayer.tools/Adapters/Metadata/PackageInfo.cs
 0.1 kb	 0.0% Packages/com.unity.multiplayer.tools/Adapters/Components/Queries/IGetRpcCount.cs
 0.1 kb	 0.0% Packages/com.unity.multiplayer.tools/Adapters/Components/Queries/IGetPriority.cs
 0.1 kb	 0.0% Packages/com.unity.multiplayer.tools/Adapters/Components/Queries/IGetInterest.cs
 0.1 kb	 0.0% Packages/com.unity.multiplayer.tools/Adapters/Components/Queries/IGetClientId.cs
 0.1 kb	 0.0% Packages/com.unity.multiplayer.playmode/Workflow/Runtime/CurrentPlayer.cs
 0.1 kb	 0.0% Packages/com.unity.multiplayer.center/Common/AnswerData.cs
 0.1 kb	 0.0% Packages/com.unity.inputsystem/InputSystem/Utilities/StringHelpers.cs
 0.1 kb	 0.0% Packages/com.unity.inputsystem/InputSystem/Utilities/SpriteUtilities.cs
 0.1 kb	 0.0% Packages/com.unity.inputsystem/InputSystem/Utilities/PrimitiveValue.cs
 0.1 kb	 0.0% Packages/com.unity.inputsystem/InputSystem/Utilities/PredictiveParser.cs
 0.1 kb	 0.0% Packages/com.unity.inputsystem/InputSystem/Utilities/NumberHelpers.cs
 0.1 kb	 0.0% Packages/com.unity.inputsystem/InputSystem/Utilities/MemoryHelpers.cs
 0.1 kb	 0.0% Packages/com.unity.inputsystem/InputSystem/Utilities/InternedString.cs
 0.1 kb	 0.0% Packages/com.unity.inputsystem/InputSystem/Utilities/ExceptionHelpers.cs
 0.1 kb	 0.0% Packages/com.unity.inputsystem/InputSystem/Utilities/DelegateHelpers.cs
 0.1 kb	 0.0% Packages/com.unity.inputsystem/InputSystem/Plugins/iOS/iOSStepCounter.cs
 0.1 kb	 0.0% Packages/com.unity.inputsystem/InputSystem/Plugins/XR/TrackedPoseDriver.cs
 0.1 kb	 0.0% Packages/com.unity.inputsystem/InputSystem/Plugins/XR/Haptics/BufferedRumble.cs
 0.1 kb	 0.0% Packages/com.unity.inputsystem/InputSystem/Plugins/UI/VirtualMouseInput.cs
 0.1 kb	 0.0% Packages/com.unity.inputsystem/InputSystem/Plugins/UI/INavigationEventData.cs
 0.1 kb	 0.0% Packages/com.unity.inputsystem/InputSystem/Plugins/UI/BaseInputOverride.cs
 0.1 kb	 0.0% Packages/com.unity.inputsystem/InputSystem/Plugins/DualShock/DualShockSupport.cs
 0.1 kb	 0.0% Packages/com.unity.inputsystem/InputSystem/Plugins/DualShock/DualShockGamepad.cs
 0.1 kb	 0.0% Packages/com.unity.inputsystem/InputSystem/Controls/Processors/ScaleProcessor.cs
 0.1 kb	 0.0% Packages/com.unity.inputsystem/InputSystem/Controls/Processors/InvertProcessor.cs
 0.1 kb	 0.0% Packages/com.unity.inputsystem/InputSystem/Controls/Processors/ClampProcessor.cs
 0.1 kb	 0.0% Packages/com.unity.inputsystem/InputSystem/Actions/Interactions/TapInteraction.cs
 0.1 kb	 0.0% Packages/com.unity.inputsystem/InputSystem/Actions/Interactions/PressInteraction.cs
 0.1 kb	 0.0% Packages/com.unity.inputsystem/InputSystem/Actions/Interactions/HoldInteraction.cs
 0.1 kb	 0.0% Packages/com.unity.inputsystem/InputSystem/Actions/InputActionTrace.cs
 0.1 kb	 0.0% Packages/com.unity.inputsystem/InputSystem/Actions/Composites/Vector3Composite.cs
 0.1 kb	 0.0% Packages/com.unity.inputsystem/InputSystem/Actions/Composites/Vector2Composite.cs
 0.1 kb	 0.0% Packages/com.unity.inputsystem/InputSystem/Actions/Composites/AxisComposite.cs
 0.1 kb	 0.0% Packages/com.unity.collections/Unity.Collections/UnsafeBitArray.cs
 0.1 kb	 0.0% Packages/com.unity.collections/Unity.Collections/UTF8ArrayUnsafeUtility.cs
 0.1 kb	 0.0% Packages/com.unity.collections/Unity.Collections/StreamCompressionModel.cs
 0.1 kb	 0.0% Packages/com.unity.collections/Unity.Collections/NativeArrayExtensions.cs
 0.1 kb	 0.0% Packages/com.unity.collections/Unity.Collections/FixedStringInternalMethods.cs
 0.1 kb	 0.0% Packages/com.unity.collections/Unity.Collections/FixedStringFormatMethods.gen.cs
 0.1 kb	 0.0% Packages/com.unity.cloud.gltfast/Runtime/Scripts/Newtonsoft/Schema/TextureExtensions.cs
 0.1 kb	 0.0% Packages/com.unity.cloud.gltfast/Runtime/Scripts/Newtonsoft/Schema/PbrMetallicRoughness.cs
 0.1 kb	 0.0% Packages/com.unity.cloud.gltfast/Runtime/Scripts/Newtonsoft/Schema/OcclusionTextureInfo.cs
 0.1 kb	 0.0% Packages/com.unity.cloud.gltfast/Runtime/Scripts/Newtonsoft/Schema/NormalTextureInfo.cs
 0.1 kb	 0.0% Packages/com.unity.cloud.gltfast/Runtime/Scripts/Newtonsoft/Schema/MaterialExtensions.cs
 0.1 kb	 0.0% Packages/com.unity.cloud.gltfast/Runtime/Scripts/Newtonsoft/Schema/CameraPerspective.cs
 0.1 kb	 0.0% Packages/com.unity.cloud.gltfast/Runtime/Scripts/Newtonsoft/Schema/CameraOrthographic.cs
 0.1 kb	 0.0% Packages/com.unity.cloud.gltfast/Runtime/Scripts/Newtonsoft/Schema/BufferViewExtensions.cs
 0.1 kb	 0.0% Packages/com.unity.cloud.gltfast/Runtime/Scripts/Newtonsoft/Schema/AccessorSparseValues.cs
 0.1 kb	 0.0% Packages/com.unity.cloud.gltfast/Runtime/Scripts/MaterialsVariants/MultiMaterialsVariantsSlotInstances.cs
 0.1 kb	 0.0% Packages/com.unity.cloud.gltfast/Runtime/Scripts/ImportAddons/ImportAddonInstanceCollection.cs
 0.1 kb	 0.0% Packages/com.unity.cloud.gltfast/Runtime/Scripts/ImportAddons/IPostBeginSceneInstanceApplier.cs
 0.1 kb	 0.0% Packages/com.unity.cloud.gltfast/Runtime/Scripts/Export/StandardMaterialExportBase.cs
 0.1 kb	 0.0% Packages/com.unity.cloud.gltfast/Runtime/Scripts/Export/MetaMaterialExportBuiltIn.cs
 0.1 kb	 0.0% Packages/com.unity.cloud.gltfast/Runtime/Scripts/Export/GltfUnlitMaterialExporter.cs
 0.1 kb	 0.0% Packages/com.unity.cloud.gltfast/Runtime/DocExamples/SimpleExport.cs
 0.1 kb	 0.0% Packages/com.unity.cloud.gltfast/Runtime/DocExamples/ExtraData.cs
 0.1 kb	 0.0% Packages/com.unity.burst/Runtime/CompilerServices/SkipLocalsInitAttribute.cs
 0.1 kb	 0.0% Packages/com.unity.burst/Runtime/CompilerServices/IgnoreWarningAttribute.cs
 0.1 kb	 0.0% Packages/com.unity.ugui/Runtime/TMP/TMP_ScrollbarEventHandler.cs
 0.1 kb	 0.0% Packages/com.unity.ugui/Runtime/TMP/TMP_PackageResourceImporter.cs
 0.1 kb	 0.0% Packages/com.unity.transport/Runtime/Relay/RelayHMACKey.cs
 0.1 kb	 0.0% Packages/com.unity.services.wire/Runtime/Utils/NetworkUtility.cs
 0.1 kb	 0.0% Packages/com.unity.services.wire/Runtime/Centrifuge/ProtocolSchema/Reply.cs
 0.1 kb	 0.0% Packages/com.unity.services.wire/Runtime/Centrifuge/ProtocolSchema/Error.cs
 0.1 kb	 0.0% Packages/com.unity.services.wire/Runtime/Centrifuge/ProtocolSchema/Command.cs
 0.1 kb	 0.0% Packages/com.unity.services.vivox/Runtime/AudioTaps/VivoxAudioTap.cs
 0.1 kb	 0.0% Packages/com.unity.services.qos/Runtime/Http/JsonObjectConverter.cs
 0.1 kb	 0.0% Packages/com.unity.services.qos/Runtime/Http/HttpClientResponse.cs
 0.1 kb	 0.0% Packages/com.unity.services.multiplayer/Runtime/Relay/Scheduler/ThreadHelper.cs
 0.1 kb	 0.0% Packages/com.unity.services.multiplayer/Runtime/Relay/SDK/Exceptions/ApiErrorsExtenders.cs
 0.1 kb	 0.0% Packages/com.unity.services.multiplayer/Runtime/Matchmaker/Models/QoSResult.cs
 0.1 kb	 0.0% Packages/com.unity.services.multiplayer/Runtime/Matchmaker/Models/MatchmakerIOneOf.cs
 0.1 kb	 0.0% Packages/com.unity.services.multiplayer/Runtime/Matchmaker/Http/JsonObject.cs
 0.1 kb	 0.0% Packages/com.unity.services.multiplayer/Runtime/Matchmaker/Http/JsonHelpers.cs
 0.1 kb	 0.0% Packages/com.unity.services.multiplayer/Runtime/Matchmaker/Http/IHttpClient.cs
 0.1 kb	 0.0% Packages/com.unity.services.multiplayer/Runtime/Matchmaker/Http/HttpClient.cs
 0.1 kb	 0.0% Packages/com.unity.services.multiplayer/Runtime/Lobbies/Scheduler/ThreadHelper.cs
 0.1 kb	 0.0% Packages/com.unity.services.multiplayer/Runtime/Lobbies/SDK/LobbyUpdates/Internal/LobbyChannel.cs
 0.1 kb	 0.0% Packages/com.unity.services.multiplayer/Runtime/Lobbies/SDK/LobbyUpdates/ILobbyChanges.cs
 0.1 kb	 0.0% Packages/com.unity.services.multiplayer/Runtime/Lobbies/SDK/ILobbyService.cs
 0.1 kb	 0.0% Packages/com.unity.services.multiplayer/Runtime/Lobbies/Models/TokenRequest.cs
 0.1 kb	 0.0% Packages/com.unity.services.multiplayer/Runtime/Lobbies/Models/TokenData.cs
 0.1 kb	 0.0% Packages/com.unity.services.multiplayer/Runtime/Lobbies/Models/QueryRequest.cs
 0.1 kb	 0.0% Packages/com.unity.services.multiplayer/Runtime/Lobbies/Models/QueryOrder.cs
 0.1 kb	 0.0% Packages/com.unity.services.multiplayer/Runtime/Lobbies/Models/QueryFilter.cs
 0.1 kb	 0.0% Packages/com.unity.services.multiplayer/Runtime/Lobbies/Models/ErrorStatus.cs
 0.1 kb	 0.0% Packages/com.unity.services.multiplayer/Runtime/Lobbies/Models/DataObject.cs
 0.1 kb	 0.0% Packages/com.unity.services.multiplayer/Runtime/Lobbies/LobbyServiceSdk.cs
 0.1 kb	 0.0% Packages/com.unity.services.multiplayer/Runtime/Lobbies/Http/AsyncOpRetry.cs
 0.1 kb	 0.0% Packages/com.unity.services.multiplayer/Runtime/Lobbies/Configuration/Configuration.cs
 0.1 kb	 0.0% Packages/com.unity.services.multiplayer/Runtime/DistributedAuthority/Http/Responses.cs
 0.1 kb	 0.0% Packages/com.unity.services.core/Runtime/Core.Internal/Components/Telemetry/IMetrics.cs
 0.1 kb	 0.0% Packages/com.unity.services.authentication/Runtime/Generated/Shared/ApiUtils.cs
 0.1 kb	 0.0% Packages/com.unity.profiling.core/Runtime/ProfilerMarkerExtensions.cs
 0.1 kb	 0.0% Packages/com.unity.netcode.gameobjects/Runtime/Transports/UTP/UnityTransport.cs
 0.1 kb	 0.0% Packages/com.unity.netcode.gameobjects/Runtime/Transports/UTP/BatchedSendQueue.cs
 0.1 kb	 0.0% Packages/com.unity.netcode.gameobjects/Runtime/Messaging/CustomMessageManager.cs
 0.1 kb	 0.0% Packages/com.unity.multiplayer.widgets/Runtime/Vivox/Widgets/Text Chat/TextMessage.cs
 0.1 kb	 0.0% Packages/com.unity.multiplayer.widgets/Runtime/Vivox/VivoxManager.cs
 0.1 kb	 0.0% Packages/com.unity.multiplayer.widgets/Runtime/Core/Base/CoreData.cs
 0.1 kb	 0.0% Packages/com.unity.multiplayer.widgets/Runtime/Core/Base/ChatService/Interfaces/IChatService.cs
 0.1 kb	 0.0% Packages/com.unity.multiplayer.widgets/Runtime/Core/Base/ChatService/Interfaces/IChatMessage.cs
 0.1 kb	 0.0% Packages/com.unity.multiplayer.widgets/Runtime/Core/Base/ChatService/Interfaces/IAudioDevice.cs
 0.1 kb	 0.0% Packages/com.unity.mathematics/Unity.Mathematics/PropertyAttributes.cs
 0.1 kb	 0.0% Packages/com.unity.inputsystem/InputSystem/State/InputStateBlock.cs
 0.1 kb	 0.0% Packages/com.unity.inputsystem/InputSystem/Plugins/iOS/iOSPostProcessBuild.cs
 0.1 kb	 0.0% Packages/com.unity.inputsystem/InputSystem/Plugins/XInput/XInputSupport.cs
 0.1 kb	 0.0% Packages/com.unity.inputsystem/InputSystem/Plugins/XInput/XInputController.cs
 0.1 kb	 0.0% Packages/com.unity.inputsystem/InputSystem/Plugins/XInput/IXboxOneRumble.cs
 0.1 kb	 0.0% Packages/com.unity.inputsystem/InputSystem/Plugins/WebGL/WebGLJoystick.cs
 0.1 kb	 0.0% Packages/com.unity.inputsystem/InputSystem/Plugins/UnityRemote/UnityRemoteSupport.cs
 0.1 kb	 0.0% Packages/com.unity.inputsystem/InputSystem/Plugins/Switch/SwitchSupportHID.cs
 0.1 kb	 0.0% Packages/com.unity.inputsystem/InputSystem/Plugins/PlayerInput/PlayerInputManager.cs
 0.1 kb	 0.0% Packages/com.unity.inputsystem/InputSystem/Plugins/PlayerInput/DefaultInputActions.cs
 0.1 kb	 0.0% Packages/com.unity.inputsystem/InputSystem/Plugins/OnScreen/OnScreenSupport.cs
 0.1 kb	 0.0% Packages/com.unity.inputsystem/InputSystem/Plugins/OnScreen/OnScreenStick.cs
 0.1 kb	 0.0% Packages/com.unity.inputsystem/InputSystem/Plugins/OnScreen/OnScreenControl.cs
 0.1 kb	 0.0% Packages/com.unity.inputsystem/InputSystem/Plugins/OnScreen/OnScreenButton.cs
 0.1 kb	 0.0% Packages/com.unity.inputsystem/InputSystem/Plugins/Linux/SDLDeviceBuilder.cs
 0.1 kb	 0.0% Packages/com.unity.inputsystem/InputSystem/Plugins/EnhancedTouch/TouchHistory.cs
 0.1 kb	 0.0% Packages/com.unity.inputsystem/InputSystem/Plugins/Android/AndroidSupport.cs
 0.1 kb	 0.0% Packages/com.unity.inputsystem/InputSystem/InputSystemObject.cs
 0.1 kb	 0.0% Packages/com.unity.inputsystem/InputSystem/InputManagerStateMonitors.cs
 0.1 kb	 0.0% Packages/com.unity.inputsystem/InputSystem/InputFeatureNames.cs
 0.1 kb	 0.0% Packages/com.unity.inputsystem/InputSystem/IInputRuntime.cs
 0.1 kb	 0.0% Packages/com.unity.inputsystem/InputSystem/IInputDiagnostics.cs
 0.1 kb	 0.0% Packages/com.unity.inputsystem/InputSystem/Events/InputEventTrace.cs
 0.1 kb	 0.0% Packages/com.unity.inputsystem/InputSystem/Events/InputEventStream.cs
 0.1 kb	 0.0% Packages/com.unity.inputsystem/InputSystem/Events/InputEventPtr.cs
 0.1 kb	 0.0% Packages/com.unity.inputsystem/InputSystem/Events/InputEventBuffer.cs
 0.1 kb	 0.0% Packages/com.unity.inputsystem/InputSystem/Events/DeviceResetEvent.cs
 0.1 kb	 0.0% Packages/com.unity.inputsystem/InputSystem/Events/DeltaStateEvent.cs
 0.1 kb	 0.0% Packages/com.unity.inputsystem/InputSystem/Editor/UITKAssetEditor/Views/PropertiesView.cs
 0.1 kb	 0.0% Packages/com.unity.inputsystem/InputSystem/Editor/UITKAssetEditor/Views/DropManipulator.cs
 0.1 kb	 0.0% Packages/com.unity.inputsystem/InputSystem/Editor/UITKAssetEditor/Views/CopyPasteHelper.cs
 0.1 kb	 0.0% Packages/com.unity.inputsystem/InputSystem/Editor/UITKAssetEditor/Views/ActionsTreeView.cs
 0.1 kb	 0.0% Packages/com.unity.inputsystem/InputSystem/Editor/UITKAssetEditor/Views/ActionMapsView.cs
 0.1 kb	 0.0% Packages/com.unity.inputsystem/InputSystem/Editor/UITKAssetEditor/StateContainer.cs
 0.1 kb	 0.0% Packages/com.unity.inputsystem/InputSystem/Editor/UITKAssetEditor/ExpressionUtils.cs
 0.1 kb	 0.0% Packages/com.unity.inputsystem/InputSystem/Editor/Internal/TreeViewHelpers.cs
 0.1 kb	 0.0% Packages/com.unity.inputsystem/InputSystem/Editor/Internal/InputStateWindow.cs
 0.1 kb	 0.0% Packages/com.unity.inputsystem/InputSystem/Editor/Internal/EditorHelpers.cs
 0.1 kb	 0.0% Packages/com.unity.inputsystem/InputSystem/Editor/Internal/AdvancedDropdown/AdvancedDropdown.cs
 0.1 kb	 0.0% Packages/com.unity.inputsystem/InputSystem/Editor/InputDiagnostics.cs
 0.1 kb	 0.0% Packages/com.unity.inputsystem/InputSystem/Devices/Haptics/IDualMotorRumble.cs
 0.1 kb	 0.0% Packages/com.unity.inputsystem/InputSystem/Devices/Haptics/DualMotorRumble.cs
 0.1 kb	 0.0% Packages/com.unity.inputsystem/InputSystem/Controls/Vector3Control.cs
 0.1 kb	 0.0% Packages/com.unity.inputsystem/InputSystem/Controls/Vector2Control.cs
 0.1 kb	 0.0% Packages/com.unity.inputsystem/InputSystem/Controls/IntegerControl.cs
 0.1 kb	 0.0% Packages/com.unity.inputsystem/InputSystem/Controls/DoubleControl.cs
 0.1 kb	 0.0% Packages/com.unity.inputsystem/InputSystem/Controls/ButtonControl.cs
 0.1 kb	 0.0% Packages/com.unity.inputsystem/InputSystem/Controls/AnyKeyControl.cs
 0.1 kb	 0.0% Packages/com.unity.inputsystem/InputSystem/Actions/InputControlScheme.cs
 0.1 kb	 0.0% Packages/com.unity.inputsystem/InputSystem/Actions/InputBindingResolver.cs
 0.1 kb	 0.0% Packages/com.unity.inputsystem/InputSystem/Actions/InputActionReference.cs
 0.1 kb	 0.0% Packages/com.unity.inputsystem/InputSystem/Actions/InputActionProperty.cs
 0.1 kb	 0.0% Packages/com.unity.inputsystem/InputSystem/Actions/IInputInteraction.cs
 0.1 kb	 0.0% Packages/com.unity.collections/Unity.Collections/UnsafeList.cs
 0.1 kb	 0.0% Packages/com.unity.collections/Unity.Collections/FixedStringParseMethods.cs
 0.1 kb	 0.0% Packages/com.unity.collections/Unity.Collections/FixedStringAppendMethods.cs
 0.1 kb	 0.0% Packages/com.unity.cloud.gltfast/Runtime/Scripts/Schema/MaterialsVariantsExtension.cs
 0.1 kb	 0.0% Packages/com.unity.cloud.gltfast/Runtime/Scripts/Export/VertexAttributeUsage.cs
 0.1 kb	 0.0% Packages/com.unity.cloud.gltfast/Runtime/Scripts/Animations/IAnimationProcessorFactory.cs
 0.1 kb	 0.0% Assets/Scripts/Presentation/UnitRenderer/MeshSimplifier.cs
 0.1 kb	 0.0% Assets/Scripts/Presentation/UnitRenderer/MarchingCubes.cs
 0.1 kb	 0.0% Assets/Scripts/Core/Items/ForceFieldGeneratorItem.cs
 0.1 kb	 0.0% Packages/com.unity.ugui/Runtime/UGUI/UI/Core/Utility/ReflectionMethodsCache.cs
 0.1 kb	 0.0% Packages/com.unity.ugui/Runtime/UGUI/UI/Core/MultipleDisplayUtilities.cs
 0.1 kb	 0.0% Packages/com.unity.ugui/Runtime/UGUI/UI/Core/Layout/HorizontalLayoutGroup.cs
 0.1 kb	 0.0% Packages/com.unity.ugui/Runtime/UGUI/UI/Core/IGraphicEnabledDisabled.cs
 0.1 kb	 0.0% Packages/com.unity.ugui/Runtime/UGUI/UI/Core/GraphicRebuildTracker.cs
 0.1 kb	 0.0% Packages/com.unity.ugui/Runtime/UGUI/UI/Core/Culling/RectangularVertexClipper.cs
 0.1 kb	 0.0% Packages/com.unity.ugui/Runtime/UGUI/EventSystem/UIElements/PanelEventHandler.cs
 0.1 kb	 0.0% Packages/com.unity.ugui/Runtime/UGUI/EventSystem/Raycasters/Physics2DRaycaster.cs
 0.1 kb	 0.0% Packages/com.unity.ugui/Runtime/UGUI/EventSystem/InputModules/PointerInputModule.cs
 0.1 kb	 0.0% Packages/com.unity.transport/Runtime/WebSocket/WebSocket.cs
 0.1 kb	 0.0% Packages/com.unity.transport/Runtime/PacketsQueue.cs
 0.1 kb	 0.0% Packages/com.unity.transport/Runtime/PacketBuffer.cs
 0.1 kb	 0.0% Packages/com.unity.transport/Runtime/NetworkStack.cs
 0.1 kb	 0.0% Packages/com.unity.transport/Runtime/Layers/RelayLayer.cs
 0.1 kb	 0.0% Packages/com.unity.transport/Runtime/Layers/DTLSLayer.cs
 0.1 kb	 0.0% Packages/com.unity.transport/Runtime/Layers/BottomLayer.cs
 0.1 kb	 0.0% Packages/com.unity.transport/Runtime/IPCManager.cs
 0.1 kb	 0.0% Packages/com.unity.transport/Runtime/HMACSHA256.cs
 0.1 kb	 0.0% Packages/com.unity.transport/Runtime/ConnectionId.cs
 0.1 kb	 0.0% Packages/com.unity.services.wire/Runtime/WebSocket.cs
 0.1 kb	 0.0% Packages/com.unity.services.wire/Runtime/Centrifuge/WireMessage.cs
 0.1 kb	 0.0% Packages/com.unity.services.wire/Runtime/Centrifuge/Subscription.cs
 0.1 kb	 0.0% Packages/com.unity.services.vivox/Runtime/VivoxUnity/VivoxApiException.cs
 0.1 kb	 0.0% Packages/com.unity.services.vivox/Runtime/VivoxUnity/Private/PresenceSubscription.cs
 0.1 kb	 0.0% Packages/com.unity.services.vivox/Runtime/VivoxUnity/Private/ChannelParticipant.cs
 0.1 kb	 0.0% Packages/com.unity.services.vivox/Runtime/VivoxUnity/Private/AudioOutputDevices.cs
 0.1 kb	 0.0% Packages/com.unity.services.vivox/Runtime/VivoxUnity/Private/AudioInputDevices.cs
 0.1 kb	 0.0% Packages/com.unity.services.vivox/Runtime/VivoxUnity/Private/ArchiveQueryResult.cs
 0.1 kb	 0.0% Packages/com.unity.services.vivox/Runtime/VivoxUnity/IPresenceLocation.cs
 0.1 kb	 0.0% Packages/com.unity.services.vivox/Runtime/VivoxUnity/IArchiveQueryResult.cs
 0.1 kb	 0.0% Packages/com.unity.services.vivox/Runtime/VivoxUnity/IAccessTokenServer.cs
 0.1 kb	 0.0% Packages/com.unity.services.vivox/Runtime/VivoxUnity/Channel3DProperties.cs
 0.1 kb	 0.0% Packages/com.unity.services.vivox/Runtime/VivoxServiceInternal.cs
 0.1 kb	 0.0% Packages/com.unity.services.vivox/Runtime/SWIG/vx_user_channel_t.cs
 0.1 kb	 0.0% Packages/com.unity.services.vivox/Runtime/SWIG/vx_tts_voice_list_t.cs
 0.1 kb	 0.0% Packages/com.unity.services.vivox/Runtime/SWIG/vx_tts_utterance_t.cs
 0.1 kb	 0.0% Packages/com.unity.services.vivox/Runtime/SWIG/vx_system_stats_t.cs
 0.1 kb	 0.0% Packages/com.unity.services.vivox/Runtime/SWIG/vx_state_session_t.cs
 0.1 kb	 0.0% Packages/com.unity.services.vivox/Runtime/SWIG/vx_state_connector_t.cs
 0.1 kb	 0.0% Packages/com.unity.services.vivox/Runtime/SWIG/vx_state_account_t.cs
 0.1 kb	 0.0% Packages/com.unity.services.vivox/Runtime/SWIG/vx_name_value_pair_t.cs
 0.1 kb	 0.0% Packages/com.unity.services.vivox/Runtime/SWIG/vx_message_base_t.cs
 0.1 kb	 0.0% Packages/com.unity.services.vivox/Runtime/SWIG/vx_evt_stt_failed_t.cs
 0.1 kb	 0.0% Packages/com.unity.services.vivox/Runtime/SWIG/vx_conversation_t.cs
 0.1 kb	 0.0% Packages/com.unity.services.vivox/Runtime/SWIG/VivoxCoreInstance.cs
 0.1 kb	 0.0% Packages/com.unity.services.vivox/Runtime/SWIG/SWIGTYPE_p_time_t.cs
 0.1 kb	 0.0% Packages/com.unity.services.vivox/Runtime/SWIG/SWIGTYPE_p_size_t.cs
 0.1 kb	 0.0% Packages/com.unity.services.vivox/Runtime/SWIG/SWIGTYPE_p_p_vx_vxd.cs
 0.1 kb	 0.0% Packages/com.unity.services.vivox/Runtime/SWIG/SWIGTYPE_p_p_void.cs
 0.1 kb	 0.0% Packages/com.unity.services.vivox/Runtime/SWIG/SWIGTYPE_p_p_short.cs
 0.1 kb	 0.0% Packages/com.unity.services.vivox/Runtime/SWIG/SWIGTYPE_p_p_p_char.cs
 0.1 kb	 0.0% Packages/com.unity.services.vivox/Runtime/SWIG/SWIGTYPE_p_p_char.cs
 0.1 kb	 0.0% Packages/com.unity.services.vivox/Runtime/SWIG/SWIGTYPE_p_double.cs
 0.1 kb	 0.0% Packages/com.unity.services.vivox/Runtime/SDK/Models/VivoxOutputDevice.cs
 0.1 kb	 0.0% Packages/com.unity.services.vivox/Runtime/SDK/Models/VivoxConversation.cs
 0.1 kb	 0.0% Packages/com.unity.services.vivox/Runtime/SDK/Models/IVivoxAudioDevice.cs
 0.1 kb	 0.0% Packages/com.unity.services.vivox/Runtime/IVivoxTokenProvider.cs
 0.1 kb	 0.0% Packages/com.unity.services.qos/Runtime/v2/Models/QosServersList.cs
 0.1 kb	 0.0% Packages/com.unity.services.qos/Runtime/v2/Http/ResponseHandler.cs
 0.1 kb	 0.0% Packages/com.unity.services.qos/Runtime/v2/Http/IDeserializable.cs
 0.1 kb	 0.0% Packages/com.unity.services.qos/Runtime/v2/Http/HttpException.cs
 0.1 kb	 0.0% Packages/com.unity.services.qos/Runtime/v2/Http/BaseApiClient.cs
 0.1 kb	 0.0% Packages/com.unity.services.qos/Runtime/WrappedQosService.cs
 0.1 kb	 0.0% Packages/com.unity.services.qos/Runtime/Runner/InternalQosResult.cs
 0.1 kb	 0.0% Packages/com.unity.services.qos/Runtime/Runner/BaselibQosRunner.cs
 0.1 kb	 0.0% Packages/com.unity.services.qos/Runtime/QosServiceProvider.cs
 0.1 kb	 0.0% Packages/com.unity.services.qos/Runtime/Models/QosServiceServer.cs
 0.1 kb	 0.0% Packages/com.unity.services.qos/Runtime/Models/QosServersList.cs
 0.1 kb	 0.0% Packages/com.unity.services.multiplayer/Runtime/Relay/SDK/IRelayService.cs
 0.1 kb	 0.0% Packages/com.unity.services.multiplayer/Runtime/Relay/RelayServiceSdk.cs
 0.1 kb	 0.0% Packages/com.unity.services.multiplayer/Runtime/Relay/Models/ResponseMeta.cs
 0.1 kb	 0.0% Packages/com.unity.services.multiplayer/Runtime/Relay/Models/RelayServer.cs
 0.1 kb	 0.0% Packages/com.unity.services.multiplayer/Runtime/Relay/Models/RegionsData.cs
 0.1 kb	 0.0% Packages/com.unity.services.multiplayer/Runtime/Relay/Models/KeyValuePair.cs
 0.1 kb	 0.0% Packages/com.unity.services.multiplayer/Runtime/Relay/Models/JoinRequest.cs
 0.1 kb	 0.0% Packages/com.unity.services.multiplayer/Runtime/Relay/Models/JoinCodeData.cs
 0.1 kb	 0.0% Packages/com.unity.services.multiplayer/Runtime/Relay/Models/Allocation.cs
 0.1 kb	 0.0% Packages/com.unity.services.multiplayer/Runtime/Relay/Http/JsonObject.cs
 0.1 kb	 0.0% Packages/com.unity.services.multiplayer/Runtime/Relay/Http/JsonHelpers.cs
 0.1 kb	 0.0% Packages/com.unity.services.multiplayer/Runtime/Relay/Http/IHttpClient.cs
 0.1 kb	 0.0% Packages/com.unity.services.multiplayer/Runtime/Relay/Http/HttpClient.cs
 0.1 kb	 0.0% Packages/com.unity.services.multiplayer/Runtime/Relay/Http/AsyncOpRetry.cs
 0.1 kb	 0.0% Packages/com.unity.services.multiplayer/Runtime/Relay/Configuration/Configuration.cs
 0.1 kb	 0.0% Packages/com.unity.services.multiplayer/Runtime/Multiplayer/Utils/MPConstants.cs
 0.1 kb	 0.0% Packages/com.unity.services.multiplayer/Runtime/Multiplayer/Utils/JWT/JwtDecoder.cs
 0.1 kb	 0.0% Packages/com.unity.services.multiplayer/Runtime/Multiplayer/Utils/IServiceID.cs
 0.1 kb	 0.0% Packages/com.unity.services.multiplayer/Runtime/Multiplayer/SessionBrowser/SortOption.cs
 0.1 kb	 0.0% Packages/com.unity.services.multiplayer/Runtime/Multiplayer/SessionBrowser/SessionInfo.cs
 0.1 kb	 0.0% Packages/com.unity.services.multiplayer/Runtime/Multiplayer/SessionBrowser/FilterOption.cs
 0.1 kb	 0.0% Packages/com.unity.services.multiplayer/Runtime/Multiplayer/Modules/Network/Models/NetworkInfo.cs
 0.1 kb	 0.0% Packages/com.unity.services.multiplayer/Runtime/Multiplayer/Modules/Network/Handlers/Relay/RelayHandler.cs
 0.1 kb	 0.0% Packages/com.unity.services.multiplayer/Runtime/Multiplayer/Modules/Network/Handlers/NetworkHandler/NetcodeUtils.cs
 0.1 kb	 0.0% Packages/com.unity.services.multiplayer/Runtime/Multiplayer/Modules/Network/Handlers/DistributedAuthority/DaHandler.cs
 0.1 kb	 0.0% Packages/com.unity.services.multiplayer/Runtime/Multiplayer/Matchmaking/Matchmaker.cs
 0.1 kb	 0.0% Packages/com.unity.services.multiplayer/Runtime/Multiplayer/Lobby/LobbyHandler.cs
 0.1 kb	 0.0% Packages/com.unity.services.multiplayer/Runtime/Lobbies/Http/JsonObject.cs
 0.1 kb	 0.0% Packages/com.unity.services.multiplayer/Runtime/Lobbies/Http/JsonHelpers.cs
 0.1 kb	 0.0% Packages/com.unity.services.multiplayer/Runtime/Lobbies/Http/IHttpClient.cs
 0.1 kb	 0.0% Packages/com.unity.services.multiplayer/Runtime/Lobbies/Http/HttpClient.cs
 0.1 kb	 0.0% Packages/com.unity.services.multiplayer/Runtime/Lobbies/Http/CommonErrors.cs
 0.1 kb	 0.0% Packages/com.unity.services.multiplayer/Runtime/Lobbies/Http/BasicError.cs
 0.1 kb	 0.0% Packages/com.unity.services.core/Runtime/Core/UnityServicesBuilder.cs
 0.1 kb	 0.0% Packages/com.unity.services.core/Runtime/Core.Internal/Telemetry/CoreMetrics.cs
 0.1 kb	 0.0% Packages/com.unity.services.core/Runtime/Core.Internal/Registry/CoreRegistry.cs
 0.1 kb	 0.0% Packages/com.unity.services.core/Runtime/Core.Internal/Logging/CoreLogger.cs
 0.1 kb	 0.0% Packages/com.unity.services.core/Runtime/Core.Internal/Components/Wire/ChannelToken.cs
 0.1 kb	 0.0% Packages/com.unity.services.core/Runtime/Core.Internal/Components/Qos/IQosResults.cs
 0.1 kb	 0.0% Packages/com.unity.services.authentication/Runtime/Utilities/Logger.cs
 0.1 kb	 0.0% Packages/com.unity.services.authentication/Runtime/Utilities/Cache/ICache.cs
 0.1 kb	 0.0% Packages/com.unity.services.authentication/Runtime/Models/Security/BaseJwt.cs
 0.1 kb	 0.0% Packages/com.unity.services.authentication/Runtime/Models/Identity.cs
 0.1 kb	 0.0% Packages/com.unity.services.authentication/Runtime/Models/Components/Profile/IProfile.cs
 0.1 kb	 0.0% Packages/com.unity.netcode.gameobjects/Runtime/Timing/NetworkTimeSystem.cs
 0.1 kb	 0.0% Packages/com.unity.netcode.gameobjects/Runtime/Timing/NetworkTickSystem.cs
 0.1 kb	 0.0% Packages/com.unity.netcode.gameobjects/Runtime/Timing/IRealTimeProvider.cs
 0.1 kb	 0.0% Packages/com.unity.netcode.gameobjects/Runtime/Timing/AnticipationSystem.cs
 0.1 kb	 0.0% Packages/com.unity.netcode.gameobjects/Runtime/Spawning/ReleasedNetworkId.cs
 0.1 kb	 0.0% Packages/com.unity.netcode.gameobjects/Runtime/Spawning/NetworkSpawnManager.cs
 0.1 kb	 0.0% Packages/com.unity.netcode.gameobjects/Runtime/Spawning/NetworkPrefabHandler.cs
 0.1 kb	 0.0% Packages/com.unity.netcode.gameobjects/Runtime/Serialization/INetworkSerializable.cs
 0.1 kb	 0.0% Packages/com.unity.netcode.gameobjects/Runtime/SceneManagement/SceneEventProgress.cs
 0.1 kb	 0.0% Packages/com.unity.netcode.gameobjects/Runtime/SceneManagement/NetworkSceneManager.cs
 0.1 kb	 0.0% Packages/com.unity.netcode.gameobjects/Runtime/SceneManagement/NetworkSceneHandle.cs
 0.1 kb	 0.0% Packages/com.unity.netcode.gameobjects/Runtime/SceneManagement/ISceneManagerHandler.cs
 0.1 kb	 0.0% Packages/com.unity.netcode.gameobjects/Runtime/NetworkVariable/Serialization/ResizableBitVector.cs
 0.1 kb	 0.0% Packages/com.unity.netcode.gameobjects/Runtime/NetworkVariable/NetworkVariableBase.cs
 0.1 kb	 0.0% Packages/com.unity.netcode.gameobjects/Runtime/Metrics/NullNetworkMetrics.cs
 0.1 kb	 0.0% Packages/com.unity.netcode.gameobjects/Runtime/Messaging/RpcTargets/ProxyRpcTargetGroup.cs
 0.1 kb	 0.0% Packages/com.unity.netcode.gameobjects/Runtime/Messaging/RpcTargets/NotServerRpcTarget.cs
 0.1 kb	 0.0% Packages/com.unity.netcode.gameobjects/Runtime/Messaging/RpcTargets/NotOwnerRpcTarget.cs
 0.1 kb	 0.0% Packages/com.unity.netcode.gameobjects/Runtime/Messaging/RpcTargets/LocalSendRpcTarget.cs
 0.1 kb	 0.0% Packages/com.unity.netcode.gameobjects/Runtime/Messaging/RpcTargets/IIndividualRpcTarget.cs
 0.1 kb	 0.0% Packages/com.unity.netcode.gameobjects/Runtime/Messaging/RpcTargets/EveryoneRpcTarget.cs
 0.1 kb	 0.0% Packages/com.unity.netcode.gameobjects/Runtime/Messaging/RpcTargets/DirectSendRpcTarget.cs
 0.1 kb	 0.0% Packages/com.unity.netcode.gameobjects/Runtime/Messaging/RpcTargets/AuthorityRpcTarget.cs
 0.1 kb	 0.0% Packages/com.unity.netcode.gameobjects/Runtime/Messaging/NetworkMessageHeader.cs
 0.1 kb	 0.0% Packages/com.unity.netcode.gameobjects/Runtime/Messaging/NetworkManagerHooks.cs
 0.1 kb	 0.0% Packages/com.unity.netcode.gameobjects/Runtime/Messaging/NetworkBatchHeader.cs
 0.1 kb	 0.0% Packages/com.unity.netcode.gameobjects/Runtime/Messaging/Messages/SessionOwnerMessage.cs
 0.1 kb	 0.0% Packages/com.unity.netcode.gameobjects/Runtime/Messaging/Messages/SceneEventMessage.cs
 0.1 kb	 0.0% Packages/com.unity.netcode.gameobjects/Runtime/Messaging/Messages/ParentSyncMessage.cs
 0.1 kb	 0.0% Packages/com.unity.netcode.gameobjects/Runtime/Messaging/Messages/DestroyObjectMessage.cs
 0.1 kb	 0.0% Packages/com.unity.netcode.gameobjects/Runtime/Messaging/Messages/CreateObjectMessage.cs
 0.1 kb	 0.0% Packages/com.unity.netcode.gameobjects/Runtime/Messaging/ILPPMessageProvider.cs
 0.1 kb	 0.0% Packages/com.unity.netcode.gameobjects/Runtime/Messaging/DefaultMessageSender.cs
 0.1 kb	 0.0% Packages/com.unity.netcode.gameobjects/Runtime/Exceptions/SpawnStateException.cs
 0.1 kb	 0.0% Packages/com.unity.netcode.gameobjects/Runtime/Exceptions/NotServerException.cs
 0.1 kb	 0.0% Packages/com.unity.netcode.gameobjects/Runtime/Core/NetworkUpdateLoop.cs
 0.1 kb	 0.0% Packages/com.unity.netcode.gameobjects/Runtime/Configuration/NetworkPrefabsList.cs
 0.1 kb	 0.0% Packages/com.unity.netcode.gameobjects/Runtime/Components/QuaternionCompressor.cs
 0.1 kb	 0.0% Packages/com.unity.netcode.gameobjects/Runtime/Components/NetworkTransform.cs
 0.1 kb	 0.0% Packages/com.unity.netcode.gameobjects/Runtime/Components/NetworkRigidbody.cs
 0.1 kb	 0.0% Packages/com.unity.netcode.gameobjects/Runtime/Components/NetworkAnimator.cs
 0.1 kb	 0.0% Packages/com.unity.multiplayer.tools/NetStats/Runtime/Serialization/Cloned/ByteBool.cs
 0.1 kb	 0.0% Packages/com.unity.multiplayer.tools/NetStats/Runtime/Metrics/Timer.cs
 0.1 kb	 0.0% Packages/com.unity.multiplayer.tools/NetStats/Runtime/Metrics/MetricId/MetricId.cs
 0.1 kb	 0.0% Packages/com.unity.multiplayer.tools/NetStats/Runtime/Metrics/IMetric.cs
 0.1 kb	 0.0% Packages/com.unity.multiplayer.tools/NetStats/Runtime/Metrics/Gauge.cs
 0.1 kb	 0.0% Packages/com.unity.multiplayer.tools/NetStats/Runtime/Metrics/Counter.cs
 0.1 kb	 0.0% Packages/com.unity.multiplayer.tools/Common/Runtime/Extensions/ListUtil.cs
 0.1 kb	 0.0% Packages/com.unity.multiplayer.tools/Common/Runtime/Extensions/EnumUtil.cs
 0.1 kb	 0.0% Packages/com.unity.multiplayer.tools/Common/Runtime/Context/Context.cs
 0.1 kb	 0.0% Packages/com.unity.inputsystem/InputSystem/Utilities/TypeTable.cs
 0.1 kb	 0.0% Packages/com.unity.inputsystem/InputSystem/Utilities/TypeHelpers.cs
 0.1 kb	 0.0% Packages/com.unity.inputsystem/InputSystem/Utilities/Substring.cs
 0.1 kb	 0.0% Packages/com.unity.inputsystem/InputSystem/Utilities/SavedState.cs
 0.1 kb	 0.0% Packages/com.unity.inputsystem/InputSystem/Utilities/Observables/Observable.cs
 0.1 kb	 0.0% Packages/com.unity.inputsystem/InputSystem/Utilities/NamedValue.cs
 0.1 kb	 0.0% Packages/com.unity.inputsystem/InputSystem/Utilities/MiscHelpers.cs
 0.1 kb	 0.0% Packages/com.unity.inputsystem/InputSystem/Utilities/JsonParser.cs
 0.1 kb	 0.0% Packages/com.unity.inputsystem/InputSystem/Utilities/ArrayHelpers.cs
 0.1 kb	 0.0% Packages/com.unity.inputsystem/InputSystem/Plugins/iOS/InputSettingsiOS.cs
 0.1 kb	 0.0% Packages/com.unity.inputsystem/InputSystem/Plugins/XR/XRLayoutBuilder.cs
 0.1 kb	 0.0% Packages/com.unity.inputsystem/InputSystem/Plugins/UI/NavigationModel.cs
 0.1 kb	 0.0% Packages/com.unity.inputsystem/InputSystem/InputUpdateType.cs
 0.1 kb	 0.0% Packages/com.unity.collections/Unity.Collections/UnsafeText.cs
 0.1 kb	 0.0% Packages/com.unity.collections/Unity.Collections/UnsafeStream.cs
 0.1 kb	 0.0% Packages/com.unity.collections/Unity.Collections/RewindableAllocator.cs
 0.1 kb	 0.0% Packages/com.unity.collections/Unity.Collections/FixedStringMethods.cs
 0.1 kb	 0.0% Packages/com.unity.collections/Unity.Collections/AutoFreeAllocator.cs
 0.1 kb	 0.0% Packages/com.unity.cloud.gltfast/Runtime/Scripts/UninterruptedDefaultDeferAgent.cs
 0.1 kb	 0.0% Packages/com.unity.cloud.gltfast/Runtime/Scripts/Newtonsoft/Schema/UnclassifiedData.cs
 0.1 kb	 0.0% Packages/com.unity.cloud.gltfast/Runtime/Scripts/Newtonsoft/Schema/RootExtensions.cs
 0.1 kb	 0.0% Packages/com.unity.cloud.gltfast/Runtime/Scripts/Newtonsoft/Schema/NodeExtensions.cs
 0.1 kb	 0.0% Packages/com.unity.cloud.gltfast/Runtime/Scripts/Newtonsoft/Schema/MeshPrimitive.cs
 0.1 kb	 0.0% Packages/com.unity.cloud.gltfast/Runtime/Scripts/Newtonsoft/Schema/AnimationSampler.cs
 0.1 kb	 0.0% Packages/com.unity.cloud.gltfast/Runtime/Scripts/Newtonsoft/Schema/AnimationChannel.cs
 0.1 kb	 0.0% Packages/com.unity.cloud.gltfast/Runtime/Scripts/Newtonsoft/Schema/AccessorSparse.cs
 0.1 kb	 0.0% Packages/com.unity.cloud.gltfast/Runtime/Scripts/MaterialsVariants/MaterialsVariantsSlotInstances.cs
 0.1 kb	 0.0% Packages/com.unity.cloud.gltfast/Runtime/Scripts/MaterialsVariants/IMaterialsVariantsSlotInstance.cs
 0.1 kb	 0.0% Packages/com.unity.cloud.gltfast/Runtime/Scripts/Loading/CustomHeaderDownloadProvider.cs
 0.1 kb	 0.0% Packages/com.unity.cloud.gltfast/Runtime/Scripts/ImportAddons/IDataInstanceApplierFactory.cs
 0.1 kb	 0.0% Packages/com.unity.cloud.gltfast/Runtime/Scripts/Export/StandardMaterialExport.cs
 0.1 kb	 0.0% Packages/com.unity.cloud.gltfast/Runtime/Scripts/Export/MeshMaterialCombination.cs
 0.1 kb	 0.0% Packages/com.unity.cloud.gltfast/Runtime/Scripts/Export/GameObjectExportSettings.cs
 0.1 kb	 0.0% Packages/com.unity.burst/Runtime/CompilerServices/AssumeRangeAttribute.cs
 0.1 kb	 0.0% Assets/Resources/Mat.mat
 0.1 kb	 0.0% Packages/com.unity.ugui/Runtime/UGUI/UI/Animation/CoroutineTween.cs
 0.1 kb	 0.0% Packages/com.unity.ugui/Runtime/UGUI/EventSystem/EventInterfaces.cs
 0.1 kb	 0.0% Packages/com.unity.ugui/Runtime/TMP/TMPro_ExtensionMethods.cs
 0.1 kb	 0.0% Packages/com.unity.ugui/Runtime/TMP/TMP_TextParsingUtilities.cs
 0.1 kb	 0.0% Packages/com.unity.ugui/Runtime/TMP/TMP_TextElement_Legacy.cs
 0.1 kb	 0.0% Packages/com.unity.ugui/Runtime/TMP/TMP_FontAssetUtilities.cs
 0.1 kb	 0.0% Packages/com.unity.ugui/Runtime/TMP/MaterialReferenceManager.cs
 0.1 kb	 0.0% Packages/com.unity.ugui/Runtime/TMP/FontFeatureCommonGSUB.cs
 0.1 kb	 0.0% Packages/com.unity.services.wire/Runtime/Centrifuge/ProtocolSchema/Push.cs
 0.1 kb	 0.0% Packages/com.unity.services.qos/Runtime/v2/Scheduler/ThreadHelper.cs
 0.1 kb	 0.0% Packages/com.unity.services.qos/Runtime/v2/Models/QosDiscoveryIOneOf.cs
 0.1 kb	 0.0% Packages/com.unity.services.qos/Runtime/v2/Http/AsyncOpRetry.cs
 0.1 kb	 0.0% Packages/com.unity.services.qos/Runtime/v2/Configuration/Configuration.cs
 0.1 kb	 0.0% Packages/com.unity.services.qos/Runtime/Models/QosDiscoveryIOneOf.cs
 0.1 kb	 0.0% Packages/com.unity.services.qos/Runtime/Http/ResponseHandler.cs
 0.1 kb	 0.0% Packages/com.unity.services.qos/Runtime/Http/IDeserializable.cs
 0.1 kb	 0.0% Packages/com.unity.services.qos/Runtime/Http/HttpException.cs
 0.1 kb	 0.0% Packages/com.unity.services.qos/Runtime/Http/BaseApiClient.cs
 0.1 kb	 0.0% Packages/com.unity.services.multiplayer/Runtime/Relay/Models/RelayIOneOf.cs
 0.1 kb	 0.0% Packages/com.unity.services.multiplayer/Runtime/Matchmaker/Models/Player.cs
 0.1 kb	 0.0% Packages/com.unity.services.multiplayer/Runtime/Matchmaker/Models/Override.cs
 0.1 kb	 0.0% Packages/com.unity.services.multiplayer/Runtime/Matchmaker/Http/Responses.cs
 0.1 kb	 0.0% Packages/com.unity.services.multiplayer/Runtime/Lobbies/SDK/LobbyUpdates/LobbyValue.cs
 0.1 kb	 0.0% Packages/com.unity.services.multiplayer/Runtime/Lobbies/SDK/LobbyUpdates/ILobbyEvents.cs
 0.1 kb	 0.0% Packages/com.unity.services.multiplayer/Runtime/Lobbies/SDK/LobbyService.cs
 0.1 kb	 0.0% Packages/com.unity.services.multiplayer/Runtime/Lobbies/SDK/LobbyCacher/LobbyCacher.cs
 0.1 kb	 0.0% Packages/com.unity.services.multiplayer/Runtime/Lobbies/Models/Player.cs
 0.1 kb	 0.0% Packages/com.unity.services.multiplayer/Runtime/Lobbies/Models/Lobby.cs
 0.1 kb	 0.0% Packages/com.unity.services.multiplayer/Runtime/Lobbies/Models/IOneOf.cs
 0.1 kb	 0.0% Packages/com.unity.services.multiplayer/Runtime/Lobbies/Models/Detail.cs
 0.1 kb	 0.0% Packages/com.unity.services.core/Runtime/Core.Internal/Components/Vivox/IVivox.cs
 0.1 kb	 0.0% Packages/com.unity.netcode.gameobjects/Runtime/Messaging/Messages/MessageMetadata.cs
 0.1 kb	 0.0% Packages/com.unity.multiplayer.widgets/Runtime/Vivox/Widgets/Text Chat/TextChat.cs
 0.1 kb	 0.0% Packages/com.unity.multiplayer.widgets/Runtime/Core/Base/Widget/Interfaces/IWidget.cs
 0.1 kb	 0.0% Packages/com.unity.inputsystem/InputSystem/Utilities/DynamicBitfield.cs
 0.1 kb	 0.0% Packages/com.unity.inputsystem/InputSystem/State/InputState.cs
 0.1 kb	 0.0% Packages/com.unity.inputsystem/InputSystem/Plugins/WebGL/WebGLSupport.cs
 0.1 kb	 0.0% Packages/com.unity.inputsystem/InputSystem/Plugins/WebGL/WebGLGamepad.cs
 0.1 kb	 0.0% Packages/com.unity.inputsystem/InputSystem/Plugins/Users/InputUser.cs
 0.1 kb	 0.0% Packages/com.unity.inputsystem/InputSystem/Plugins/Linux/LinuxSupport.cs
 0.1 kb	 0.0% Packages/com.unity.inputsystem/InputSystem/Plugins/EnhancedTouch/Touch.cs
 0.1 kb	 0.0% Packages/com.unity.inputsystem/InputSystem/Plugins/EnhancedTouch/Finger.cs
 0.1 kb	 0.0% Packages/com.unity.inputsystem/InputSystem/InputSettings.cs
 0.1 kb	 0.0% Packages/com.unity.inputsystem/InputSystem/InputMetrics.cs
 0.1 kb	 0.0% Packages/com.unity.inputsystem/InputSystem/InputExtensions.cs
 0.1 kb	 0.0% Packages/com.unity.inputsystem/InputSystem/InputAnalytics.cs
 0.1 kb	 0.0% Packages/com.unity.inputsystem/InputSystem/Events/TextEvent.cs
 0.1 kb	 0.0% Packages/com.unity.inputsystem/InputSystem/Events/StateEvent.cs
 0.1 kb	 0.0% Packages/com.unity.inputsystem/InputSystem/Events/InputEvent.cs
 0.1 kb	 0.0% Packages/com.unity.inputsystem/InputSystem/Events/ActionEvent.cs
 0.1 kb	 0.0% Packages/com.unity.inputsystem/InputSystem/Editor/UITKAssetEditor/Views/Selectors.cs
 0.1 kb	 0.0% Packages/com.unity.inputsystem/InputSystem/Editor/UITKAssetEditor/Views/ContextMenu.cs
 0.1 kb	 0.0% Packages/com.unity.inputsystem/InputSystem/Editor/Internal/GUIHelpers.cs
 0.1 kb	 0.0% Packages/com.unity.inputsystem/InputSystem/Devices/TrackedDevice.cs
 0.1 kb	 0.0% Packages/com.unity.inputsystem/InputSystem/Devices/Remote/InputRemoting.cs
 0.1 kb	 0.0% Packages/com.unity.inputsystem/InputSystem/Devices/Precompiled/FastTouchscreen.cs
 0.1 kb	 0.0% Packages/com.unity.inputsystem/InputSystem/Devices/Precompiled/FastMouse.partial.cs
 0.1 kb	 0.0% Packages/com.unity.inputsystem/InputSystem/Devices/IEventMerger.cs
 0.1 kb	 0.0% Packages/com.unity.inputsystem/InputSystem/Controls/TouchControl.cs
 0.1 kb	 0.0% Packages/com.unity.inputsystem/InputSystem/Controls/StickControl.cs
 0.1 kb	 0.0% Packages/com.unity.inputsystem/InputSystem/Controls/KeyControl.cs
 0.1 kb	 0.0% Packages/com.unity.inputsystem/InputSystem/Controls/InputProcessor.cs
 0.1 kb	 0.0% Packages/com.unity.inputsystem/InputSystem/Controls/InputControlPath.cs
 0.1 kb	 0.0% Packages/com.unity.inputsystem/InputSystem/Controls/DpadControl.cs
 0.1 kb	 0.0% Packages/com.unity.inputsystem/InputSystem/Controls/DeltaControl.cs
 0.1 kb	 0.0% Packages/com.unity.inputsystem/InputSystem/Controls/AxisControl.cs
 0.1 kb	 0.0% Packages/com.unity.inputsystem/InputSystem/Actions/InputActionState.cs
 0.1 kb	 0.0% Packages/com.unity.inputsystem/InputSystem/Actions/InputActionMap.cs
 0.1 kb	 0.0% Packages/com.unity.inputsystem/InputSystem/Actions/InputActionAsset.cs
 0.1 kb	 0.0% Packages/com.unity.collections/Unity.Collections/UnsafeQueue.cs
 0.1 kb	 0.0% Packages/com.unity.collections/Unity.Collections/NativeHashMap.cs
 0.1 kb	 0.0% Packages/com.unity.collections/Unity.Collections/FixedStringFormat.gen.cs
 0.1 kb	 0.0% Packages/com.unity.collections/Unity.Collections/FixedString.gen.cs
 0.1 kb	 0.0% Packages/com.unity.cloud.gltfast/Runtime/Scripts/Newtonsoft/Schema/GltfAnimation.cs
 0.1 kb	 0.0% Packages/com.unity.cloud.gltfast/Runtime/Scripts/Material/BuiltInMaterialGenerator.cs
 0.1 kb	 0.0% Packages/com.unity.cloud.gltfast/Runtime/Scripts/Animations/AnimationModuleProcessor.cs
 0.1 kb	 0.0% Packages/com.unity.cloud.gltfast/Runtime/Scripts/Animations/AnimationInstanceApplier.cs
 0.1 kb	 0.0% Assets/Scripts/Presentation/UnitRenderer/VoxelGrid.cs
 0.1 kb	 0.0% Assets/Scripts/Presentation/UnitRenderer/UnitRenderer.cs
 0.1 kb	 0.0% Assets/Scripts/Presentation/UnitRenderer/MeshSmoother.cs
 0.1 kb	 0.0% Assets/Scripts/Presentation/UnitRenderer/MeshCache.cs
 0.1 kb	 0.0% Assets/Scripts/Persistence/MockProfileService.cs
 0.1 kb	 0.0% Assets/Scripts/Networking/NetworkedGameState.cs
 0.1 kb	 0.0% Assets/Scripts/Networking/GameNetworkManager.cs
 0.1 kb	 0.0% Packages/com.unity.ugui/Runtime/UGUI/UI/Core/SetPropertyUtility.cs
 0.1 kb	 0.0% Packages/com.unity.ugui/Runtime/UGUI/UI/Core/MaterialModifiers/IMaterialModifier.cs
 0.1 kb	 0.0% Packages/com.unity.ugui/Runtime/UGUI/UI/Core/Layout/VerticalLayoutGroup.cs
 0.1 kb	 0.0% Packages/com.unity.ugui/Runtime/UGUI/UI/Core/Layout/ContentSizeFitter.cs
 0.1 kb	 0.0% Packages/com.unity.ugui/Runtime/UGUI/UI/Core/Layout/AspectRatioFitter.cs
 0.1 kb	 0.0% Packages/com.unity.ugui/Runtime/UGUI/UI/Core/FontUpdateTracker.cs
 0.1 kb	 0.0% Packages/com.unity.ugui/Runtime/UGUI/UI/Core/CanvasUpdateRegistry.cs
 0.1 kb	 0.0% Packages/com.unity.ugui/Runtime/UGUI/UI/Core/AnimationTriggers.cs
 0.1 kb	 0.0% Packages/com.unity.ugui/Runtime/UGUI/EventSystem/UIElements/PanelRaycaster.cs
 0.1 kb	 0.0% Packages/com.unity.ugui/Runtime/UGUI/EventSystem/Raycasters/PhysicsRaycaster.cs
 0.1 kb	 0.0% Packages/com.unity.ugui/Runtime/UGUI/EventSystem/Raycasters/BaseRaycaster.cs
 0.1 kb	 0.0% Packages/com.unity.ugui/Runtime/UGUI/EventSystem/RaycasterManager.cs
 0.1 kb	 0.0% Packages/com.unity.ugui/Runtime/UGUI/EventSystem/RaycastResult.cs
 0.1 kb	 0.0% Packages/com.unity.ugui/Runtime/UGUI/EventSystem/InputModules/TouchInputModule.cs
 0.1 kb	 0.0% Packages/com.unity.ugui/Runtime/UGUI/EventSystem/InputModules/BaseInputModule.cs
 0.1 kb	 0.0% Packages/com.unity.ugui/Runtime/UGUI/EventSystem/ExecuteEvents.cs
 0.1 kb	 0.0% Packages/com.unity.ugui/Runtime/UGUI/EventSystem/EventData/PointerEventData.cs
 0.1 kb	 0.0% Packages/com.unity.ugui/Runtime/UGUI/EventSystem/EventData/BaseEventData.cs
 0.1 kb	 0.0% Packages/com.unity.ugui/Runtime/UGUI/EventSystem/EventData/AxisEventData.cs
 0.1 kb	 0.0% Packages/com.unity.ugui/Runtime/TMP/TMP_TextProcessingStack.cs
 0.1 kb	 0.0% Packages/com.unity.ugui/Runtime/TMP/TMP_FontFeaturesCommon.cs
 0.1 kb	 0.0% Packages/com.unity.transport/Runtime/SHA256.cs
 0.1 kb	 0.0% Packages/com.unity.transport/Runtime/Layers/TopLayer.cs
 0.1 kb	 0.0% Packages/com.unity.transport/Runtime/Layers/TLSLayer.cs
 0.1 kb	 0.0% Packages/com.unity.transport/Runtime/Layers/LogLayer.cs
 0.1 kb	 0.0% Packages/com.unity.services.wire/Runtime/Utils/Logger.cs
 0.1 kb	 0.0% Packages/com.unity.services.wire/Runtime/Centrifuge/Client.cs
 0.1 kb	 0.0% Packages/com.unity.services.vivox/Runtime/VivoxUnity/VxUnityInterop.cs
 0.1 kb	 0.0% Packages/com.unity.services.vivox/Runtime/VivoxUnity/Private/TextMessage.cs
 0.1 kb	 0.0% Packages/com.unity.services.vivox/Runtime/VivoxUnity/Private/PresenceLocation.cs
 0.1 kb	 0.0% Packages/com.unity.services.vivox/Runtime/VivoxUnity/Private/ChannelSession.cs
 0.1 kb	 0.0% Packages/com.unity.services.vivox/Runtime/VivoxUnity/ITextToSpeech.cs
 0.1 kb	 0.0% Packages/com.unity.services.vivox/Runtime/VivoxUnity/ILoginSession.cs
 0.1 kb	 0.0% Packages/com.unity.services.vivox/Runtime/VivoxUnity/IChannelSession.cs
 0.1 kb	 0.0% Packages/com.unity.services.vivox/Runtime/VivoxUnity/IAudioDevices.cs
 0.1 kb	 0.0% Packages/com.unity.services.vivox/Runtime/SWIG/vx_voice_font_t.cs
 0.1 kb	 0.0% Packages/com.unity.services.vivox/Runtime/SWIG/vx_tts_voice_t.cs
 0.1 kb	 0.0% Packages/com.unity.services.vivox/Runtime/SWIG/vx_state_buddy_t.cs
 0.1 kb	 0.0% Packages/com.unity.services.vivox/Runtime/SWIG/vx_stat_thread_t.cs
 0.1 kb	 0.0% Packages/com.unity.services.vivox/Runtime/SWIG/vx_stat_sample_t.cs
 0.1 kb	 0.0% Packages/com.unity.services.vivox/Runtime/SWIG/vx_sdk_config_t.cs
 0.1 kb	 0.0% Packages/com.unity.services.vivox/Runtime/SWIG/vx_resp_base_t.cs
 0.1 kb	 0.0% Packages/com.unity.services.vivox/Runtime/SWIG/vx_req_base_t.cs
 0.1 kb	 0.0% Packages/com.unity.services.vivox/Runtime/SWIG/vx_participant_t.cs
 0.1 kb	 0.0% Packages/com.unity.services.vivox/Runtime/SWIG/vx_evt_message_t.cs
 0.1 kb	 0.0% Packages/com.unity.services.vivox/Runtime/SWIG/vx_evt_base_t.cs
 0.1 kb	 0.0% Packages/com.unity.services.vivox/Runtime/SWIG/vx_call_stats_t.cs
 0.1 kb	 0.0% Packages/com.unity.services.vivox/Runtime/SWIG/vx_block_rule_t.cs
 0.1 kb	 0.0% Packages/com.unity.services.vivox/Runtime/SWIG/SWIGTYPE_p_void.cs
 0.1 kb	 0.0% Packages/com.unity.services.vivox/Runtime/SWIG/SWIGTYPE_p_short.cs
 0.1 kb	 0.0% Packages/com.unity.services.vivox/Runtime/SWIG/SWIGTYPE_p_int.cs
 0.1 kb	 0.0% Packages/com.unity.services.vivox/Runtime/SDK/Options/ChannelOptions.cs
 0.1 kb	 0.0% Packages/com.unity.services.vivox/Runtime/SDK/Models/VivoxParticipant.cs
 0.1 kb	 0.0% Packages/com.unity.services.vivox/Runtime/SDK/Models/VivoxInputDevice.cs
 0.1 kb	 0.0% Packages/com.unity.services.vivox/Runtime/SDK/Exceptions/MintException.cs
 0.1 kb	 0.0% Packages/com.unity.services.vivox/Runtime/SDK/Core/VivoxComponent.cs
 0.1 kb	 0.0% Packages/com.unity.services.vivox/Runtime/Options/MessageOptions.cs
 0.1 kb	 0.0% Packages/com.unity.services.vivox/Runtime/IVivoxService.cs
 0.1 kb	 0.0% Packages/com.unity.services.vivox/Runtime/AudioTapBridge.cs
 0.1 kb	 0.0% Packages/com.unity.services.qos/Runtime/v2/Models/QosServer.cs
 0.1 kb	 0.0% Packages/com.unity.services.qos/Runtime/v2/Http/JsonObject.cs
 0.1 kb	 0.0% Packages/com.unity.services.qos/Runtime/v2/Http/JsonHelpers.cs
 0.1 kb	 0.0% Packages/com.unity.services.qos/Runtime/v2/Http/IHttpClient.cs
 0.1 kb	 0.0% Packages/com.unity.services.qos/Runtime/v2/Http/HttpClient.cs
 0.1 kb	 0.0% Packages/com.unity.services.qos/Runtime/Scheduler/ThreadHelper.cs
 0.1 kb	 0.0% Packages/com.unity.services.qos/Runtime/Runner/NetworkEndPoint.cs
 0.1 kb	 0.0% Packages/com.unity.services.qos/Runtime/Runner/IQosRunner.cs
 0.1 kb	 0.0% Packages/com.unity.services.qos/Runtime/Models/QosServer.cs
 0.1 kb	 0.0% Packages/com.unity.services.qos/Runtime/Models/KeyValuePair.cs
 0.1 kb	 0.0% Packages/com.unity.services.qos/Runtime/Http/AsyncOpRetry.cs
 0.1 kb	 0.0% Packages/com.unity.services.qos/Runtime/Configuration/Configuration.cs
 0.1 kb	 0.0% Packages/com.unity.services.multiplayer/Runtime/Relay/SDK/RelayService.cs
 0.1 kb	 0.0% Packages/com.unity.services.multiplayer/Runtime/Relay/Models/Region.cs
 0.1 kb	 0.0% Packages/com.unity.services.multiplayer/Runtime/Relay/Models/JoinData.cs
 0.1 kb	 0.0% Packages/com.unity.services.multiplayer/Runtime/Multiplayer/Utils/Logger.cs
 0.1 kb	 0.0% Packages/com.unity.services.multiplayer/Runtime/Multiplayer/Utils/JWT/BaseJwt.cs
 0.1 kb	 0.0% Packages/com.unity.services.multiplayer/Runtime/Multiplayer/Session/Models/Player/Player.cs
 0.1 kb	 0.0% Packages/com.unity.services.multiplayer/Runtime/Multiplayer/Session/Models/Player/IPlayer.cs
 0.1 kb	 0.0% Packages/com.unity.services.multiplayer/Runtime/Multiplayer/Modules/IModule.cs
 0.1 kb	 0.0% Packages/com.unity.services.multiplayer/Runtime/Lobbies/Http/Responses.cs
 0.1 kb	 0.0% Packages/com.unity.services.multiplayer/Runtime/Lobbies/Http/IError.cs
 0.1 kb	 0.0% Packages/com.unity.services.core/Runtime/Core/Utils/UnityThreadUtils.cs
 0.1 kb	 0.0% Packages/com.unity.services.core/Runtime/Core/UnityServices.cs
 0.1 kb	 0.0% Packages/com.unity.services.core/Runtime/Core/IUnityServices.cs
 0.1 kb	 0.0% Packages/com.unity.services.core/Runtime/Core/CommonErrorCodes.cs
 0.1 kb	 0.0% Packages/com.unity.services.core/Runtime/Core.Internal/Components/Wire/IWire.cs
 0.1 kb	 0.0% Packages/com.unity.services.core/Runtime/Core.Internal/Components/Wire/IChannel.cs
 0.1 kb	 0.0% Packages/com.unity.services.authentication/Runtime/Models/Responses/User.cs
 0.1 kb	 0.0% Packages/com.unity.netcode.gameobjects/Runtime/Transports/NetworkTransport.cs
 0.1 kb	 0.0% Packages/com.unity.netcode.gameobjects/Runtime/Timing/RealTimeProvider.cs
 0.1 kb	 0.0% Packages/com.unity.netcode.gameobjects/Runtime/Serialization/IReaderWriter.cs
 0.1 kb	 0.0% Packages/com.unity.netcode.gameobjects/Runtime/Serialization/FastBufferWriter.cs
 0.1 kb	 0.0% Packages/com.unity.netcode.gameobjects/Runtime/Serialization/FastBufferReader.cs
 0.1 kb	 0.0% Packages/com.unity.netcode.gameobjects/Runtime/SceneManagement/SceneEventData.cs
 0.1 kb	 0.0% Packages/com.unity.netcode.gameobjects/Runtime/Profiling/ProfilingHooks.cs
 0.1 kb	 0.0% Packages/com.unity.netcode.gameobjects/Runtime/Metrics/NetworkMetrics.cs
 0.1 kb	 0.0% Packages/com.unity.netcode.gameobjects/Runtime/Metrics/INetworkMetrics.cs
 0.1 kb	 0.0% Packages/com.unity.netcode.gameobjects/Runtime/Messaging/RpcTargets/ServerRpcTarget.cs
 0.1 kb	 0.0% Packages/com.unity.netcode.gameobjects/Runtime/Messaging/RpcTargets/RpcTargetGroup.cs
 0.1 kb	 0.0% Packages/com.unity.netcode.gameobjects/Runtime/Messaging/RpcTargets/ProxyRpcTarget.cs
 0.1 kb	 0.0% Packages/com.unity.netcode.gameobjects/Runtime/Messaging/RpcTargets/OwnerRpcTarget.cs
 0.1 kb	 0.0% Packages/com.unity.netcode.gameobjects/Runtime/Messaging/RpcTargets/NotMeRpcTarget.cs
 0.1 kb	 0.0% Packages/com.unity.netcode.gameobjects/Runtime/Messaging/RpcTargets/IGroupRpcTarget.cs
 0.1 kb	 0.0% Packages/com.unity.netcode.gameobjects/Runtime/Messaging/RpcTargets/BaseRpcTarget.cs
 0.1 kb	 0.0% Packages/com.unity.netcode.gameobjects/Runtime/Messaging/NetworkContext.cs
 0.1 kb	 0.0% Packages/com.unity.netcode.gameobjects/Runtime/Messaging/Messages/UnnamedMessage.cs
 0.1 kb	 0.0% Packages/com.unity.netcode.gameobjects/Runtime/Messaging/Messages/TimeSyncMessage.cs
 0.1 kb	 0.0% Packages/com.unity.netcode.gameobjects/Runtime/Messaging/Messages/ServerLogMessage.cs
 0.1 kb	 0.0% Packages/com.unity.netcode.gameobjects/Runtime/Messaging/Messages/RpcMessages.cs
 0.1 kb	 0.0% Packages/com.unity.netcode.gameobjects/Runtime/Messaging/INetworkMessage.cs
 0.1 kb	 0.0% Packages/com.unity.netcode.gameobjects/Runtime/Messaging/INetworkHooks.cs
 0.1 kb	 0.0% Packages/com.unity.netcode.gameobjects/Runtime/Core/NetworkObject.cs
 0.1 kb	 0.0% Packages/com.unity.netcode.gameobjects/Runtime/Core/NetworkManager.cs
 0.1 kb	 0.0% Packages/com.unity.netcode.gameobjects/Runtime/Core/NetworkBehaviour.cs
 0.1 kb	 0.0% Packages/com.unity.netcode.gameobjects/Runtime/Core/ComponentFactory.cs
 0.1 kb	 0.0% Packages/com.unity.netcode.gameobjects/Runtime/Connection/PendingClient.cs
 0.1 kb	 0.0% Packages/com.unity.netcode.gameobjects/Runtime/Connection/NetworkClient.cs
 0.1 kb	 0.0% Packages/com.unity.netcode.gameobjects/Runtime/Configuration/SessionConfig.cs
 0.1 kb	 0.0% Packages/com.unity.netcode.gameobjects/Runtime/Configuration/NetworkPrefabs.cs
 0.1 kb	 0.0% Packages/com.unity.netcode.gameobjects/Runtime/Configuration/NetworkPrefab.cs
 0.1 kb	 0.0% Packages/com.unity.netcode.gameobjects/Runtime/Configuration/NetworkConstants.cs
 0.1 kb	 0.0% Packages/com.unity.netcode.gameobjects/Runtime/Configuration/NetworkConfig.cs
 0.1 kb	 0.0% Packages/com.unity.netcode.gameobjects/Runtime/Components/HalfVector4.cs
 0.1 kb	 0.0% Packages/com.unity.netcode.gameobjects/Runtime/Components/HalfVector3.cs
 0.1 kb	 0.0% Packages/com.unity.mathematics/Unity.Mathematics/rigid_transform.cs
 0.1 kb	 0.0% Packages/com.unity.mathematics/Unity.Mathematics/math_unity_conversion.cs
 0.1 kb	 0.0% Packages/com.unity.mathematics/Unity.Mathematics/affine_transform.cs
 0.1 kb	 0.0% Packages/com.unity.mathematics/Unity.Mathematics/Geometry/MinMaxAABB.cs
 0.1 kb	 0.0% Packages/com.unity.inputsystem/InputSystem/Utilities/FourCC.cs
 0.1 kb	 0.0% Packages/com.unity.inputsystem/InputSystem/Plugins/iOS/iOSSupport.cs
 0.1 kb	 0.0% Packages/com.unity.inputsystem/InputSystem/Plugins/XR/XRSupport.cs
 0.1 kb	 0.0% Packages/com.unity.inputsystem/InputSystem/Plugins/XR/GenericXRDevice.cs
 0.1 kb	 0.0% Packages/com.unity.inputsystem/InputSystem/Plugins/XR/Devices/WindowsMR.cs
 0.1 kb	 0.0% Packages/com.unity.inputsystem/InputSystem/Plugins/XR/Controls/PoseControl.cs
 0.1 kb	 0.0% Packages/com.unity.inputsystem/InputSystem/Plugins/UI/PointerModel.cs
 0.1 kb	 0.0% Packages/com.unity.inputsystem/InputSystem/Plugins/OSX/OSXSupport.cs
 0.1 kb	 0.0% Packages/com.unity.inputsystem/InputSystem/Plugins/HID/HIDSupport.cs
 0.1 kb	 0.0% Packages/com.unity.inputsystem/InputSystem/Plugins/HID/HIDParser.cs
 0.1 kb	 0.0% Packages/com.unity.collections/Unity.Collections/xxHash3.StreamingState.cs
 0.1 kb	 0.0% Packages/com.unity.collections/Unity.Collections/NativeSort.cs
 0.1 kb	 0.0% Packages/com.unity.collections/Unity.Collections/NativeBitArray.cs
 0.1 kb	 0.0% Packages/com.unity.collections/Unity.Collections/ListExtensions.cs
 0.1 kb	 0.0% Packages/com.unity.collections/Unity.Collections/Jobs/IJobParallelForDefer.cs
 0.1 kb	 0.0% Packages/com.unity.collections/Unity.Collections/Jobs/IJobParallelForBatch.cs
 0.1 kb	 0.0% Packages/com.unity.collections/Unity.Collections/FixedStringUtils.cs
 0.1 kb	 0.0% Packages/com.unity.collections/Unity.Collections/DataStreamWriter.cs
 0.1 kb	 0.0% Packages/com.unity.collections/Unity.Collections/DataStreamReader.cs
 0.1 kb	 0.0% Packages/com.unity.collections/Unity.Collections/ConcurrentMask.cs
 0.1 kb	 0.0% Packages/com.unity.collections/Unity.Collections/CollectionHelper.cs
 0.1 kb	 0.0% Packages/com.unity.collections/Unity.Collections/AllocatorManager.cs
 0.1 kb	 0.0% Packages/com.unity.cloud.gltfast/Runtime/Scripts/VertexBufferGeneratorBase.cs
 0.1 kb	 0.0% Packages/com.unity.cloud.gltfast/Runtime/Scripts/TimeBudgetPerFrameDeferAgent.cs
 0.1 kb	 0.0% Packages/com.unity.cloud.gltfast/Runtime/Scripts/Schema/TextureInfoExtensions.cs
 0.1 kb	 0.0% Packages/com.unity.cloud.gltfast/Runtime/Scripts/Schema/PbrSpecularGlossiness.cs
 0.1 kb	 0.0% Packages/com.unity.cloud.gltfast/Runtime/Scripts/Schema/MaterialPbrMetallicRoughness.cs
 0.1 kb	 0.0% Packages/com.unity.cloud.gltfast/Runtime/Scripts/Schema/AnimationChannelTarget.cs
 0.1 kb	 0.0% Packages/com.unity.cloud.gltfast/Runtime/Scripts/Schema/AccessorSparseIndices.cs
 0.1 kb	 0.0% Packages/com.unity.cloud.gltfast/Runtime/Scripts/Newtonsoft/Schema/TextureInfo.cs
 0.1 kb	 0.0% Packages/com.unity.cloud.gltfast/Runtime/Scripts/Newtonsoft/Schema/MeshExtras.cs
 0.1 kb	 0.0% Packages/com.unity.cloud.gltfast/Runtime/Scripts/Newtonsoft/Schema/IJsonObject.cs
 0.1 kb	 0.0% Packages/com.unity.cloud.gltfast/Runtime/Scripts/Newtonsoft/Schema/BufferView.cs
 0.1 kb	 0.0% Packages/com.unity.cloud.gltfast/Runtime/Scripts/MaterialsVariants/MaterialsVariantsComponent.cs
 0.1 kb	 0.0% Packages/com.unity.cloud.gltfast/Runtime/Scripts/Loading/DefaultDownloadProvider.cs
 0.1 kb	 0.0% Packages/com.unity.cloud.gltfast/Runtime/Scripts/ImportAddons/IPostJsonDeserialization.cs
 0.1 kb	 0.0% Packages/com.unity.cloud.gltfast/Runtime/Scripts/ImportAddons/IInstanceApplierFactory.cs
 0.1 kb	 0.0% Packages/com.unity.cloud.gltfast/Runtime/Scripts/ImageConversionImageLoader.cs
 0.1 kb	 0.0% Packages/com.unity.cloud.gltfast/Runtime/Scripts/IMaterialsVariantsProvider.cs
 0.1 kb	 0.0% Packages/com.unity.cloud.gltfast/Runtime/Scripts/IDefaultImageFormatLoader.cs
 0.1 kb	 0.0% Packages/com.unity.cloud.gltfast/Runtime/Scripts/GameObjectBoundsInstantiator.cs
 0.1 kb	 0.0% Packages/com.unity.cloud.gltfast/Runtime/Scripts/Export/NormalImageExport.cs
 0.1 kb	 0.0% Packages/com.unity.cloud.gltfast/Runtime/Scripts/Export/MaterialExportBase.cs
 0.1 kb	 0.0% Packages/com.unity.cloud.gltfast/Runtime/Scripts/Export/KhrLightsPunctual.cs
 0.1 kb	 0.0% Packages/com.unity.cloud.gltfast/Runtime/Scripts/Export/GltfMaterialExporter.cs
 0.1 kb	 0.0% Packages/com.unity.cloud.gltfast/Runtime/Scripts/Export/DracoExportSettings.cs
 0.1 kb	 0.0% Packages/com.unity.cloud.gltfast/Runtime/Scripts/CancellationTokenExtension.cs
 0.1 kb	 0.0% Packages/com.unity.cloud.gltfast/Runtime/DocExamples/WebP.cs
 0.1 kb	 0.0% Packages/com.unity.burst/Runtime/SafeStringArrayHelper.cs
 0.1 kb	 0.0% Packages/com.unity.burst/Runtime/Editor/BurstEditorOptions.cs
 0.1 kb	 0.0% Packages/com.unity.burst/Runtime/Editor/BurstCompileTarget.cs
 0.1 kb	 0.0% Packages/com.unity.burst/Runtime/Editor/BurstAssemblyDisable.cs
 0.1 kb	 0.0% Packages/com.unity.burst/Runtime/BurstCompileAttribute.cs
 0.1 kb	 0.0% Assets/Scripts/Presentation/CameraController.cs
 0.1 kb	 0.0% Assets/Scripts/Presentation/BoardRenderer.cs
 0.1 kb	 0.0% Assets/Scripts/Core/Factories/PiecesFactory.cs
 0.1 kb	 0.0% Packages/com.unity.ugui/Runtime/TMP/TMPro_EventManager.cs
 0.1 kb	 0.0% Packages/com.unity.ugui/Runtime/TMP/TMP_UpdateRegistery.cs
 0.1 kb	 0.0% Packages/com.unity.ugui/Runtime/TMP/TMP_UpdateManager.cs
 0.1 kb	 0.0% Packages/com.unity.ugui/Runtime/TMP/TMP_TextUtilities.cs
 0.1 kb	 0.0% Packages/com.unity.ugui/Runtime/TMP/TMP_TextProcessingCommon.cs
 0.1 kb	 0.0% Packages/com.unity.ugui/Runtime/TMP/TMP_SpriteCharacter.cs
 0.1 kb	 0.0% Packages/com.unity.ugui/Runtime/TMP/TMP_SpriteAnimator.cs
 0.1 kb	 0.0% Packages/com.unity.ugui/Runtime/TMP/TMP_SelectionCaret.cs
 0.1 kb	 0.0% Packages/com.unity.ugui/Runtime/TMP/TMP_ResourcesManager.cs
 0.1 kb	 0.0% Packages/com.unity.ugui/Runtime/TMP/TMP_MaterialManager.cs
 0.1 kb	 0.0% Packages/com.unity.ugui/Runtime/TMP/TMP_InputValidator.cs
 0.1 kb	 0.0% Packages/com.unity.ugui/Runtime/TMP/TMP_FontFeatureTable.cs
 0.1 kb	 0.0% Packages/com.unity.ugui/Runtime/TMP/TMP_DefaultControls.cs
 0.1 kb	 0.0% Packages/com.unity.ugui/Runtime/TMP/TMP_Compatibility.cs
 0.1 kb	 0.0% Packages/com.unity.ugui/Runtime/TMP/TMP_ColorGradient.cs
 0.1 kb	 0.0% Packages/com.unity.ugui/Runtime/TMP/TMP_CharacterInfo.cs
 0.1 kb	 0.0% Packages/com.unity.ugui/Runtime/TMP/ITextPreProcessor.cs
 0.1 kb	 0.0% Packages/com.unity.ugui/Runtime/TMP/FontFeatureCommonGPOS.cs
 0.1 kb	 0.0% Packages/com.unity.services.vivox/Runtime/VivoxUnity/AsyncResult.cs
 0.1 kb	 0.0% Packages/com.unity.services.qos/Runtime/Runner/InternalQosServer.cs
 0.1 kb	 0.0% Packages/com.unity.services.qos/Runtime/Http/JsonObject.cs
 0.1 kb	 0.0% Packages/com.unity.services.qos/Runtime/Http/JsonHelpers.cs
 0.1 kb	 0.0% Packages/com.unity.services.qos/Runtime/Http/IHttpClient.cs
 0.1 kb	 0.0% Packages/com.unity.services.qos/Runtime/Http/HttpClient.cs
 0.1 kb	 0.0% Packages/com.unity.services.multiplayer/Runtime/Relay/Http/Responses.cs
 0.1 kb	 0.0% Packages/com.unity.services.multiplayer/Runtime/Matchmaker/Models/Team.cs
 0.1 kb	 0.0% Packages/com.unity.services.multiplayer/Runtime/Lobbies/SDK/LobbyUpdates/LobbyEventCallbacks.cs
 0.1 kb	 0.0% Packages/com.unity.profiling.core/Runtime/ProfilerUtility.cs
 0.1 kb	 0.0% Packages/com.unity.netcode.gameobjects/Runtime/Messaging/RpcAttributes.cs
 0.1 kb	 0.0% Packages/com.unity.mathematics/Unity.Mathematics/double4x4.gen.cs
 0.1 kb	 0.0% Packages/com.unity.mathematics/Unity.Mathematics/double4x3.gen.cs
 0.1 kb	 0.0% Packages/com.unity.mathematics/Unity.Mathematics/double4x2.gen.cs
 0.1 kb	 0.0% Packages/com.unity.mathematics/Unity.Mathematics/double3x4.gen.cs
 0.1 kb	 0.0% Packages/com.unity.mathematics/Unity.Mathematics/double3x3.gen.cs
 0.1 kb	 0.0% Packages/com.unity.mathematics/Unity.Mathematics/double3x2.gen.cs
 0.1 kb	 0.0% Packages/com.unity.mathematics/Unity.Mathematics/double2x4.gen.cs
 0.1 kb	 0.0% Packages/com.unity.mathematics/Unity.Mathematics/double2x3.gen.cs
 0.1 kb	 0.0% Packages/com.unity.mathematics/Unity.Mathematics/double2x2.gen.cs
 0.1 kb	 0.0% Packages/com.unity.inputsystem/InputSystem/Plugins/PlayerInput/PlayerInput.cs
 0.1 kb	 0.0% Packages/com.unity.inputsystem/InputSystem/Plugins/PlayerInput/InputValue.cs
 0.1 kb	 0.0% Packages/com.unity.inputsystem/InputSystem/InputSystem.cs
 0.1 kb	 0.0% Packages/com.unity.inputsystem/InputSystem/InputManager.cs
 0.1 kb	 0.0% Packages/com.unity.inputsystem/InputSystem/Editor/UITKAssetEditor/Commands/Commands.cs
 0.1 kb	 0.0% Packages/com.unity.inputsystem/InputSystem/Editor/Dialog.cs
 0.1 kb	 0.0% Packages/com.unity.inputsystem/InputSystem/Devices/Touchscreen.cs
 0.1 kb	 0.0% Packages/com.unity.inputsystem/InputSystem/Devices/Precompiled/FastMouse.cs
 0.1 kb	 0.0% Packages/com.unity.inputsystem/InputSystem/Devices/Precompiled/FastKeyboard.cs
 0.1 kb	 0.0% Packages/com.unity.inputsystem/InputSystem/Devices/InputDevice.cs
 0.1 kb	 0.0% Packages/com.unity.inputsystem/InputSystem/Devices/Haptics/IHaptics.cs
 0.1 kb	 0.0% Packages/com.unity.inputsystem/InputSystem/Controls/InputControl.cs
 0.1 kb	 0.0% Packages/com.unity.inputsystem/InputSystem/Controls/CommonUsages.cs
 0.1 kb	 0.0% Packages/com.unity.inputsystem/InputSystem/AssemblyInfo.cs
 0.1 kb	 0.0% Packages/com.unity.inputsystem/InputSystem/Actions/InputBinding.cs
 0.1 kb	 0.0% Packages/com.unity.inputsystem/InputSystem/Actions/InputAction.cs
 0.1 kb	 0.0% Packages/com.unity.collections/Unity.Collections/NativeText.gen.cs
 0.1 kb	 0.0% Packages/com.unity.collections/Unity.Collections/FixedList.gen.cs
 0.1 kb	 0.0% Packages/com.unity.cloud.gltfast/Runtime/Scripts/VertexBufferTexCoords.cs
 0.1 kb	 0.0% Packages/com.unity.cloud.gltfast/Runtime/Scripts/Schema/FakeSchema/MaterialExtension.cs
 0.1 kb	 0.0% Packages/com.unity.cloud.gltfast/Runtime/Scripts/Newtonsoft/Schema/GltfCamera.cs
 0.1 kb	 0.0% Packages/com.unity.cloud.gltfast/Runtime/Scripts/Material/MaterialGenerator.cs
 0.1 kb	 0.0% Packages/com.unity.cloud.gltfast/Runtime/Scripts/Material/IMaterialGenerator.cs
 0.1 kb	 0.0% Packages/com.unity.cloud.gltfast/Runtime/Scripts/Animations/IAnimationProcessor.cs
 0.1 kb	 0.0% Assets/Settings/PC_Renderer.asset
 0.1 kb	 0.0% Assets/Scripts/Persistence/IProfileService.cs
 0.1 kb	 0.0% Assets/Scripts/Core/Units/UnitDefinition.cs
 0.1 kb	 0.0% Assets/Scripts/Core/Units/MovementPattern.cs
 0.1 kb	 0.0% Assets/Scripts/Core/Skills/ForcefieldSkill.cs
 0.1 kb	 0.0% Assets/Scripts/Core/Rules/MoveValidator.cs
 0.1 kb	 0.0% Assets/Scripts/Core/Board/BoardDefinition.cs
 0.1 kb	 0.0% Assets/Scripts/Core/Armies/ArmyDefinition.cs
 0.1 kb	 0.0% Packages/com.unity.ugui/Runtime/UGUI/UI/Core/VertexModifiers/PositionAsUV1.cs
 0.1 kb	 0.0% Packages/com.unity.ugui/Runtime/UGUI/UI/Core/VertexModifiers/IMeshModifier.cs
 0.1 kb	 0.0% Packages/com.unity.ugui/Runtime/UGUI/UI/Core/VertexModifiers/BaseMeshEffect.cs
 0.1 kb	 0.0% Packages/com.unity.ugui/Runtime/UGUI/UI/Core/StencilMaterial.cs
 0.1 kb	 0.0% Packages/com.unity.ugui/Runtime/UGUI/UI/Core/MaskableGraphic.cs
 0.1 kb	 0.0% Packages/com.unity.ugui/Runtime/UGUI/UI/Core/MaskUtilities.cs
 0.1 kb	 0.0% Packages/com.unity.ugui/Runtime/UGUI/UI/Core/Layout/LayoutUtility.cs
 0.1 kb	 0.0% Packages/com.unity.ugui/Runtime/UGUI/UI/Core/Layout/LayoutRebuilder.cs
 0.1 kb	 0.0% Packages/com.unity.ugui/Runtime/UGUI/UI/Core/Layout/LayoutElement.cs
 0.1 kb	 0.0% Packages/com.unity.ugui/Runtime/UGUI/UI/Core/Layout/ILayoutElement.cs
 0.1 kb	 0.0% Packages/com.unity.ugui/Runtime/UGUI/UI/Core/Layout/GridLayoutGroup.cs
 0.1 kb	 0.0% Packages/com.unity.ugui/Runtime/UGUI/UI/Core/GraphicRegistry.cs
 0.1 kb	 0.0% Packages/com.unity.ugui/Runtime/UGUI/UI/Core/GraphicRaycaster.cs
 0.1 kb	 0.0% Packages/com.unity.ugui/Runtime/UGUI/UI/Core/DefaultControls.cs
 0.1 kb	 0.0% Packages/com.unity.ugui/Runtime/UGUI/UI/Core/Culling/ClipperRegistry.cs
 0.1 kb	 0.0% Packages/com.unity.ugui/Runtime/UGUI/EventSystem/UIBehaviour.cs
 0.1 kb	 0.0% Packages/com.unity.ugui/Runtime/UGUI/EventSystem/InputModules/BaseInput.cs
 0.1 kb	 0.0% Packages/com.unity.ugui/Runtime/UGUI/EventSystem/EventTrigger.cs
 0.1 kb	 0.0% Packages/com.unity.ugui/Runtime/UGUI/EventSystem/EventSystem.cs
 0.1 kb	 0.0% Packages/com.unity.ugui/Runtime/TMP/TMPro_MeshUtilities.cs
 0.1 kb	 0.0% Packages/com.unity.ugui/Runtime/TMP/TMP_ShaderUtilities.cs
 0.1 kb	 0.0% Packages/com.unity.ugui/Runtime/TMP/TMP_RichTextTagsCommon.cs
 0.1 kb	 0.0% Packages/com.unity.ugui/Runtime/TMP/TMP_FontAssetCommon.cs
 0.1 kb	 0.0% Packages/com.unity.services.vivox/Runtime/VivoxUnity/VxTokenGen.cs
 0.1 kb	 0.0% Packages/com.unity.services.vivox/Runtime/VivoxUnity/TTSMessage.cs
 0.1 kb	 0.0% Packages/com.unity.services.vivox/Runtime/VivoxUnity/Private/TextToSpeech.cs
 0.1 kb	 0.0% Packages/com.unity.services.vivox/Runtime/VivoxUnity/Private/LoginSession.cs
 0.1 kb	 0.0% Packages/com.unity.services.vivox/Runtime/VivoxUnity/Private/AudioDevice.cs
 0.1 kb	 0.0% Packages/com.unity.services.vivox/Runtime/VivoxUnity/MessagePump.cs
 0.1 kb	 0.0% Packages/com.unity.services.vivox/Runtime/VivoxUnity/ITextMessage.cs
 0.1 kb	 0.0% Packages/com.unity.services.vivox/Runtime/VivoxUnity/ITTSVoice.cs
 0.1 kb	 0.0% Packages/com.unity.services.vivox/Runtime/VivoxUnity/IParticipant.cs
 0.1 kb	 0.0% Packages/com.unity.services.vivox/Runtime/VivoxUnity/IAudioDevice.cs
 0.1 kb	 0.0% Packages/com.unity.services.vivox/Runtime/VivoxUnity/ChannelId.cs
 0.1 kb	 0.0% Packages/com.unity.services.vivox/Runtime/VivoxUnity/AccountId.cs
 0.1 kb	 0.0% Packages/com.unity.services.vivox/Runtime/VivoxService.cs
 0.1 kb	 0.0% Packages/com.unity.services.vivox/Runtime/SWIG/vx_group_t.cs
 0.1 kb	 0.0% Packages/com.unity.services.vivox/Runtime/SWIG/vx_device_t.cs
 0.1 kb	 0.0% Packages/com.unity.services.vivox/Runtime/SWIG/vx_channel_t.cs
 0.1 kb	 0.0% Packages/com.unity.services.vivox/Runtime/SWIG/vx_buddy_t.cs
 0.1 kb	 0.0% Packages/com.unity.services.vivox/Runtime/SWIG/vx_account_t.cs
 0.1 kb	 0.0% Packages/com.unity.services.vivox/Runtime/SDK/Utils/VivoxLogger.cs
 0.1 kb	 0.0% Packages/com.unity.services.vivox/Runtime/SDK/Utils/TaskUtils.cs
 0.1 kb	 0.0% Packages/com.unity.services.vivox/Runtime/SDK/Options/LoginOptions.cs
 0.1 kb	 0.0% Packages/com.unity.services.vivox/Runtime/SDK/Models/VivoxMessage.cs
 0.1 kb	 0.0% Packages/com.unity.services.qos/Runtime/v2/Http/Responses.cs
 0.1 kb	 0.0% Packages/com.unity.services.qos/Runtime/Runner/UcgQosServer.cs
 0.1 kb	 0.0% Packages/com.unity.services.qos/Runtime/Runner/QosResponse.cs
 0.1 kb	 0.0% Packages/com.unity.services.qos/Runtime/Runner/QosRequest.cs
 0.1 kb	 0.0% Packages/com.unity.services.qos/Runtime/Runner/QosHelper.cs
 0.1 kb	 0.0% Packages/com.unity.services.qos/Runtime/Runner/IQosJob.cs
 0.1 kb	 0.0% Packages/com.unity.services.qos/Runtime/QosService.cs
 0.1 kb	 0.0% Packages/com.unity.services.qos/Runtime/Core/QosResults.cs
 0.1 kb	 0.0% Packages/com.unity.netcode.gameobjects/Runtime/Timing/NetworkTime.cs
 0.1 kb	 0.0% Packages/com.unity.netcode.gameobjects/Runtime/Serialization/MemoryStructures/UIntFloat.cs
 0.1 kb	 0.0% Packages/com.unity.netcode.gameobjects/Runtime/Serialization/ByteUtility.cs
 0.1 kb	 0.0% Packages/com.unity.netcode.gameobjects/Runtime/Serialization/ByteUnpacker.cs
 0.1 kb	 0.0% Packages/com.unity.netcode.gameobjects/Runtime/Serialization/BytePacker.cs
 0.1 kb	 0.0% Packages/com.unity.netcode.gameobjects/Runtime/Serialization/BitWriter.cs
 0.1 kb	 0.0% Packages/com.unity.netcode.gameobjects/Runtime/Serialization/BitReader.cs
 0.1 kb	 0.0% Packages/com.unity.netcode.gameobjects/Runtime/Serialization/BitCounter.cs
 0.1 kb	 0.0% Packages/com.unity.netcode.gameobjects/Runtime/Serialization/Arithmetic.cs
 0.1 kb	 0.0% Packages/com.unity.netcode.gameobjects/Runtime/Metrics/MetricHooks.cs
 0.1 kb	 0.0% Packages/com.unity.netcode.gameobjects/Runtime/Messaging/RpcTargets/RpcTarget.cs
 0.1 kb	 0.0% Packages/com.unity.netcode.gameobjects/Runtime/Messaging/RpcParams.cs
 0.1 kb	 0.0% Packages/com.unity.netcode.gameobjects/Runtime/Messaging/Messages/ProxyMessage.cs
 0.1 kb	 0.0% Packages/com.unity.netcode.gameobjects/Runtime/Messaging/Messages/NamedMessage.cs
 0.1 kb	 0.0% Packages/com.unity.netcode.gameobjects/Runtime/Logging/NetworkLog.cs
 0.1 kb	 0.0% Packages/com.unity.netcode.gameobjects/Runtime/HelpUrls.cs
 0.1 kb	 0.0% Packages/com.unity.mathematics/Unity.Mathematics/quaternion.cs
 0.1 kb	 0.0% Packages/com.unity.mathematics/Unity.Mathematics/Noise/classicnoise4D.cs
 0.1 kb	 0.0% Packages/com.unity.mathematics/Unity.Mathematics/Noise/classicnoise3D.cs
 0.1 kb	 0.0% Packages/com.unity.mathematics/Unity.Mathematics/Noise/classicnoise2D.cs
 0.1 kb	 0.0% Packages/com.unity.mathematics/Unity.Mathematics/Noise/cellular2x2x2.cs
 0.1 kb	 0.0% Packages/com.unity.mathematics/Unity.Mathematics/Geometry/Plane.cs
 0.1 kb	 0.0% Packages/com.unity.inputsystem/InputSystem/Plugins/XR/Devices/Oculus.cs
 0.1 kb	 0.0% Packages/com.unity.collections/Unity.Collections/UIntFloat.cs
 0.1 kb	 0.0% Packages/com.unity.collections/Unity.Collections/NativeStream.cs
 0.1 kb	 0.0% Packages/com.unity.collections/Unity.Collections/Jobs/EarlyInitHelpers.cs
 0.1 kb	 0.0% Packages/com.unity.cloud.gltfast/Runtime/Scripts/VertexBufferDescriptor.cs
 0.1 kb	 0.0% Packages/com.unity.cloud.gltfast/Runtime/Scripts/UninterruptedDeferAgent.cs
 0.1 kb	 0.0% Packages/com.unity.cloud.gltfast/Runtime/Scripts/Schema/TextureExtensions.cs
 0.1 kb	 0.0% Packages/com.unity.cloud.gltfast/Runtime/Scripts/Schema/OcclusionTextureInfo.cs
 0.1 kb	 0.0% Packages/com.unity.cloud.gltfast/Runtime/Scripts/Schema/NormalTextureInfo.cs
 0.1 kb	 0.0% Packages/com.unity.cloud.gltfast/Runtime/Scripts/Schema/NodeLightsPunctual.cs
 0.1 kb	 0.0% Packages/com.unity.cloud.gltfast/Runtime/Scripts/Schema/MeshGpuInstancing.cs
 0.1 kb	 0.0% Packages/com.unity.cloud.gltfast/Runtime/Scripts/Schema/MaterialExtensions.cs
 0.1 kb	 0.0% Packages/com.unity.cloud.gltfast/Runtime/Scripts/Schema/BufferViewExtensions.cs
 0.1 kb	 0.0% Packages/com.unity.cloud.gltfast/Runtime/Scripts/Schema/AccessorSparseValues.cs
 0.1 kb	 0.0% Packages/com.unity.cloud.gltfast/Runtime/Scripts/ReadOnlyDisposableData.cs
 0.1 kb	 0.0% Packages/com.unity.cloud.gltfast/Runtime/Scripts/Newtonsoft/Schema/Texture.cs
 0.1 kb	 0.0% Packages/com.unity.cloud.gltfast/Runtime/Scripts/Newtonsoft/Schema/Scene.cs
 0.1 kb	 0.0% Packages/com.unity.cloud.gltfast/Runtime/Scripts/Newtonsoft/Schema/Sampler.cs
 0.1 kb	 0.0% Packages/com.unity.cloud.gltfast/Runtime/Scripts/Newtonsoft/Schema/Material.cs
 0.1 kb	 0.0% Packages/com.unity.cloud.gltfast/Runtime/Scripts/Newtonsoft/Schema/Image.cs
 0.1 kb	 0.0% Packages/com.unity.cloud.gltfast/Runtime/Scripts/Newtonsoft/Schema/Buffer.cs
 0.1 kb	 0.0% Packages/com.unity.cloud.gltfast/Runtime/Scripts/Newtonsoft/Schema/Asset.cs
 0.1 kb	 0.0% Packages/com.unity.cloud.gltfast/Runtime/Scripts/Newtonsoft/Schema/Accessor.cs
 0.1 kb	 0.0% Packages/com.unity.cloud.gltfast/Runtime/Scripts/Newtonsoft/GltfImport.cs
 0.1 kb	 0.0% Packages/com.unity.cloud.gltfast/Runtime/Scripts/NativeArrayExtensions.cs
 0.1 kb	 0.0% Packages/com.unity.cloud.gltfast/Runtime/Scripts/MorphTargetsGenerator.cs
 0.1 kb	 0.0% Packages/com.unity.cloud.gltfast/Runtime/Scripts/MaterialsVariants/MaterialsVariantsControl.cs
 0.1 kb	 0.0% Packages/com.unity.cloud.gltfast/Runtime/Scripts/MaterialsVariants/IMaterialsVariantsSlot.cs
 0.1 kb	 0.0% Packages/com.unity.cloud.gltfast/Runtime/Scripts/Loading/IDownloadProvider.cs
 0.1 kb	 0.0% Packages/com.unity.cloud.gltfast/Runtime/Scripts/LightPunctualExtension.cs
 0.1 kb	 0.0% Packages/com.unity.cloud.gltfast/Runtime/Scripts/InstantiationSettings.cs
 0.1 kb	 0.0% Packages/com.unity.cloud.gltfast/Runtime/Scripts/ImportAddons/ImportAddonRegistry.cs
 0.1 kb	 0.0% Packages/com.unity.cloud.gltfast/Runtime/Scripts/ImportAddons/ImportAddonInstance.cs
 0.1 kb	 0.0% Packages/com.unity.cloud.gltfast/Runtime/Scripts/ImageFormatExtensions.cs
 0.1 kb	 0.0% Packages/com.unity.cloud.gltfast/Runtime/Scripts/GltfJsonUtilityParser.cs
 0.1 kb	 0.0% Packages/com.unity.cloud.gltfast/Runtime/Scripts/GameObjectSceneInstance.cs
 0.1 kb	 0.0% Packages/com.unity.cloud.gltfast/Runtime/Scripts/GameObjectInstantiator.cs
 0.1 kb	 0.0% Packages/com.unity.cloud.gltfast/Runtime/Scripts/Export/TextureComparer.cs
 0.1 kb	 0.0% Packages/com.unity.cloud.gltfast/Runtime/Scripts/Export/OrmImageExport.cs
 0.1 kb	 0.0% Packages/com.unity.cloud.gltfast/Runtime/Scripts/Export/MaterialExport.cs
 0.1 kb	 0.0% Packages/com.unity.cloud.gltfast/Runtime/Scripts/Export/ImageExportBase.cs
 0.1 kb	 0.0% Packages/com.unity.cloud.gltfast/Runtime/Scripts/Export/IMaterialExport.cs
 0.1 kb	 0.0% Packages/com.unity.cloud.gltfast/Runtime/Scripts/Export/IGltfWritable.cs
 0.1 kb	 0.0% Packages/com.unity.cloud.gltfast/Runtime/Scripts/Export/GameObjectExport.cs
 0.1 kb	 0.0% Packages/com.unity.cloud.gltfast/Runtime/Scripts/Export/ExportSettings.cs
 0.1 kb	 0.0% Packages/com.unity.burst/Runtime/Intrinsics/SimdDebugViews.cs
 0.1 kb	 0.0% Packages/com.unity.burst/Runtime/Editor/BurstReflection.cs
 0.1 kb	 0.0% Packages/com.unity.burst/Runtime/BurstCompilerOptions.cs
 0.1 kb	 0.0% Assets/Scripts/Presentation/TileRenderer.cs
 0.1 kb	 0.0% Assets/Scripts/Presentation/ItemRenderer.cs
 0.1 kb	 0.0% Assets/Scripts/Presentation/InputHandler.cs
 0.1 kb	 0.0% Assets/Scripts/Core/Factories/ChessFactory.cs
 0.1 kb	 0.0% Assets/Scripts/Core/Factories/BoardFactory.cs
 0.1 kb	 0.0% Assets/Scripts/Core/Factories/ArmyFactory.cs
 0.1 kb	 0.0% Assets/Scripts/Core/Board/BoardNode.cs
 0.1 kb	 0.0% Assets/Scripts/Core/Board/BoardEdge.cs
 0.1 kb	 0.0% Packages/com.unity.ugui/Runtime/TMP/TextMeshProUGUI.cs
 0.1 kb	 0.0% Packages/com.unity.ugui/Runtime/TMP/TextContainer.cs
 0.1 kb	 0.0% Packages/com.unity.ugui/Runtime/TMP/TMP_TextElement.cs
 0.1 kb	 0.0% Packages/com.unity.ugui/Runtime/TMP/TMP_SubMeshUI.cs
 0.1 kb	 0.0% Packages/com.unity.ugui/Runtime/TMP/TMP_StyleSheet.cs
 0.1 kb	 0.0% Packages/com.unity.ugui/Runtime/TMP/TMP_SpriteGlyph.cs
 0.1 kb	 0.0% Packages/com.unity.ugui/Runtime/TMP/TMP_SpriteAsset.cs
 0.1 kb	 0.0% Packages/com.unity.ugui/Runtime/TMP/TMP_InputField.cs
 0.1 kb	 0.0% Packages/com.unity.ugui/Runtime/TMP/TMP_FontAsset.cs
 0.1 kb	 0.0% Packages/com.unity.ugui/Runtime/TMP/TMP_CoroutineTween.cs
 0.1 kb	 0.0% Packages/com.unity.ugui/Runtime/TMP/TMP_Character.cs
 0.1 kb	 0.0% Packages/com.unity.services.qos/Runtime/Http/Responses.cs
 0.1 kb	 0.0% Packages/com.unity.mathematics/Unity.Mathematics/uint4x4.gen.cs
 0.1 kb	 0.0% Packages/com.unity.mathematics/Unity.Mathematics/uint4x3.gen.cs
 0.1 kb	 0.0% Packages/com.unity.mathematics/Unity.Mathematics/uint4x2.gen.cs
 0.1 kb	 0.0% Packages/com.unity.mathematics/Unity.Mathematics/uint4.gen.cs
 0.1 kb	 0.0% Packages/com.unity.mathematics/Unity.Mathematics/uint3x4.gen.cs
 0.1 kb	 0.0% Packages/com.unity.mathematics/Unity.Mathematics/uint3x3.gen.cs
 0.1 kb	 0.0% Packages/com.unity.mathematics/Unity.Mathematics/uint3x2.gen.cs
 0.1 kb	 0.0% Packages/com.unity.mathematics/Unity.Mathematics/uint3.gen.cs
 0.1 kb	 0.0% Packages/com.unity.mathematics/Unity.Mathematics/uint2x4.gen.cs
 0.1 kb	 0.0% Packages/com.unity.mathematics/Unity.Mathematics/uint2x3.gen.cs
 0.1 kb	 0.0% Packages/com.unity.mathematics/Unity.Mathematics/uint2x2.gen.cs
 0.1 kb	 0.0% Packages/com.unity.mathematics/Unity.Mathematics/uint2.gen.cs
 0.1 kb	 0.0% Packages/com.unity.mathematics/Unity.Mathematics/int4x4.gen.cs
 0.1 kb	 0.0% Packages/com.unity.mathematics/Unity.Mathematics/int4x3.gen.cs
 0.1 kb	 0.0% Packages/com.unity.mathematics/Unity.Mathematics/int4x2.gen.cs
 0.1 kb	 0.0% Packages/com.unity.mathematics/Unity.Mathematics/int3x4.gen.cs
 0.1 kb	 0.0% Packages/com.unity.mathematics/Unity.Mathematics/int3x3.gen.cs
 0.1 kb	 0.0% Packages/com.unity.mathematics/Unity.Mathematics/int3x2.gen.cs
 0.1 kb	 0.0% Packages/com.unity.mathematics/Unity.Mathematics/int2x4.gen.cs
 0.1 kb	 0.0% Packages/com.unity.mathematics/Unity.Mathematics/int2x3.gen.cs
 0.1 kb	 0.0% Packages/com.unity.mathematics/Unity.Mathematics/int2x2.gen.cs
 0.1 kb	 0.0% Packages/com.unity.mathematics/Unity.Mathematics/half4.gen.cs
 0.1 kb	 0.0% Packages/com.unity.mathematics/Unity.Mathematics/half3.gen.cs
 0.1 kb	 0.0% Packages/com.unity.mathematics/Unity.Mathematics/half2.gen.cs
 0.1 kb	 0.0% Packages/com.unity.mathematics/Unity.Mathematics/float4x4.gen.cs
 0.1 kb	 0.0% Packages/com.unity.mathematics/Unity.Mathematics/float4x3.gen.cs
 0.1 kb	 0.0% Packages/com.unity.mathematics/Unity.Mathematics/float4x2.gen.cs
 0.1 kb	 0.0% Packages/com.unity.mathematics/Unity.Mathematics/float4.gen.cs
 0.1 kb	 0.0% Packages/com.unity.mathematics/Unity.Mathematics/float3x4.gen.cs
 0.1 kb	 0.0% Packages/com.unity.mathematics/Unity.Mathematics/float3x3.gen.cs
 0.1 kb	 0.0% Packages/com.unity.mathematics/Unity.Mathematics/float3x2.gen.cs
 0.1 kb	 0.0% Packages/com.unity.mathematics/Unity.Mathematics/float3.gen.cs
 0.1 kb	 0.0% Packages/com.unity.mathematics/Unity.Mathematics/float2x4.gen.cs
 0.1 kb	 0.0% Packages/com.unity.mathematics/Unity.Mathematics/float2x3.gen.cs
 0.1 kb	 0.0% Packages/com.unity.mathematics/Unity.Mathematics/float2x2.gen.cs
 0.1 kb	 0.0% Packages/com.unity.mathematics/Unity.Mathematics/float2.gen.cs
 0.1 kb	 0.0% Packages/com.unity.mathematics/Unity.Mathematics/double4.gen.cs
 0.1 kb	 0.0% Packages/com.unity.mathematics/Unity.Mathematics/double3.gen.cs
 0.1 kb	 0.0% Packages/com.unity.mathematics/Unity.Mathematics/double2.gen.cs
 0.1 kb	 0.0% Packages/com.unity.mathematics/Unity.Mathematics/bool4x4.gen.cs
 0.1 kb	 0.0% Packages/com.unity.mathematics/Unity.Mathematics/bool4x3.gen.cs
 0.1 kb	 0.0% Packages/com.unity.mathematics/Unity.Mathematics/bool4x2.gen.cs
 0.1 kb	 0.0% Packages/com.unity.mathematics/Unity.Mathematics/bool4.gen.cs
 0.1 kb	 0.0% Packages/com.unity.mathematics/Unity.Mathematics/bool3x4.gen.cs
 0.1 kb	 0.0% Packages/com.unity.mathematics/Unity.Mathematics/bool3x3.gen.cs
 0.1 kb	 0.0% Packages/com.unity.mathematics/Unity.Mathematics/bool3x2.gen.cs
 0.1 kb	 0.0% Packages/com.unity.mathematics/Unity.Mathematics/bool3.gen.cs
 0.1 kb	 0.0% Packages/com.unity.mathematics/Unity.Mathematics/bool2x4.gen.cs
 0.1 kb	 0.0% Packages/com.unity.mathematics/Unity.Mathematics/bool2x3.gen.cs
 0.1 kb	 0.0% Packages/com.unity.mathematics/Unity.Mathematics/bool2x2.gen.cs
 0.1 kb	 0.0% Packages/com.unity.mathematics/Unity.Mathematics/bool2.gen.cs
 0.1 kb	 0.0% Packages/com.unity.mathematics/Unity.Mathematics/Noise/psrdnoise2D.cs
 0.1 kb	 0.0% Packages/com.unity.mathematics/Unity.Mathematics/Noise/noise3Dgrad.cs
 0.1 kb	 0.0% Packages/com.unity.mathematics/Unity.Mathematics/Noise/cellular3D.cs
 0.1 kb	 0.0% Packages/com.unity.mathematics/Unity.Mathematics/Noise/cellular2x2.cs
 0.1 kb	 0.0% Packages/com.unity.mathematics/Unity.Mathematics/Noise/cellular2D.cs
 0.1 kb	 0.0% Packages/com.unity.inputsystem/InputSystem/Plugins/XR/Devices/GoogleVR.cs
 0.1 kb	 0.0% Packages/com.unity.inputsystem/InputSystem/Editor/DownloadableSample.cs
 0.1 kb	 0.0% Packages/com.unity.inputsystem/InputSystem/Devices/Sensor.cs
 0.1 kb	 0.0% Packages/com.unity.inputsystem/InputSystem/Devices/Pointer.cs
 0.1 kb	 0.0% Packages/com.unity.inputsystem/InputSystem/Devices/Mouse.cs
 0.1 kb	 0.0% Packages/com.unity.inputsystem/InputSystem/Devices/Keyboard.cs
 0.1 kb	 0.0% Packages/com.unity.inputsystem/InputSystem/Devices/Joystick.cs
 0.1 kb	 0.0% Packages/com.unity.inputsystem/InputSystem/Devices/Gamepad.cs
 0.1 kb	 0.0% Packages/com.unity.collections/Unity.Collections/xxHash3.AVX2.cs
 0.1 kb	 0.0% Packages/com.unity.cloud.gltfast/Runtime/Scripts/Schema/FakeSchema/MeshPrimitive.cs
 0.1 kb	 0.0% Packages/com.unity.cloud.gltfast/Runtime/Scripts/Material/MaterialProperty.cs
 0.1 kb	 0.0% Packages/com.unity.burst/Runtime/Intrinsics/Arm/NEON_AArch64_rdma.cs
 0.1 kb	 0.0% Packages/com.unity.burst/Runtime/Intrinsics/Arm/NEON_AArch64_dotprod.cs
 0.1 kb	 0.0% Packages/com.unity.burst/Runtime/Intrinsics/Arm/NEON_AArch64_crypto.cs
 0.1 kb	 0.0% Assets/Scripts/Core/Units/UnitState.cs
 0.1 kb	 0.0% Assets/Scripts/Core/Rules/GameState.cs
 0.1 kb	 0.0% Assets/Scripts/Core/Player/PlayerColors.cs
 0.1 kb	 0.0% Assets/Scripts/Core/Board/SpawnZone.cs
 0.1 kb	 0.0% Assets/Scripts/Core/Board/BoardState.cs
 0.1 kb	 0.0% Assets/Scripts/Core/Board/BoardSkins.cs
 0.1 kb	 0.0% Assets/Scripts/Core/Board/BoardGraph.cs
 0.1 kb	 0.0% Assets/Scripts/Core/Armies/ArmyPlacer.cs
 0.1 kb	 0.0% Packages/com.unity.ugui/Runtime/UGUI/UI/Core/Utility/VertexHelper.cs
 0.1 kb	 0.0% Packages/com.unity.ugui/Runtime/UGUI/UI/Core/ToggleGroup.cs
 0.1 kb	 0.0% Packages/com.unity.ugui/Runtime/UGUI/UI/Core/SpriteState.cs
 0.1 kb	 0.0% Packages/com.unity.ugui/Runtime/UGUI/UI/Core/Selectable.cs
 0.1 kb	 0.0% Packages/com.unity.ugui/Runtime/UGUI/UI/Core/Scrollbar.cs
 0.1 kb	 0.0% Packages/com.unity.ugui/Runtime/UGUI/UI/Core/ScrollRect.cs
 0.1 kb	 0.0% Packages/com.unity.ugui/Runtime/UGUI/UI/Core/RectMask2D.cs
 0.1 kb	 0.0% Packages/com.unity.ugui/Runtime/UGUI/UI/Core/Navigation.cs
 0.1 kb	 0.0% Packages/com.unity.ugui/Runtime/UGUI/UI/Core/Layout/LayoutGroup.cs
 0.1 kb	 0.0% Packages/com.unity.ugui/Runtime/UGUI/UI/Core/Layout/CanvasScaler.cs
 0.1 kb	 0.0% Packages/com.unity.ugui/Runtime/UGUI/UI/Core/InputField.cs
 0.1 kb	 0.0% Packages/com.unity.ugui/Runtime/UGUI/UI/Core/IMaskable.cs
 0.1 kb	 0.0% Packages/com.unity.ugui/Runtime/UGUI/UI/Core/ColorBlock.cs
 0.1 kb	 0.0% Packages/com.unity.services.vivox/Runtime/VivoxUnity/VxClient.cs
 0.1 kb	 0.0% Packages/com.unity.services.vivox/Runtime/VivoxUnity/Private/TTSVoice.cs
 0.1 kb	 0.0% Packages/com.unity.services.vivox/Runtime/VivoxUnity/Presence.cs
 0.1 kb	 0.0% Packages/com.unity.services.vivox/Runtime/VivoxUnity/Helper.cs
 0.1 kb	 0.0% Packages/com.unity.services.vivox/Runtime/VivoxUnity/Client.cs
 0.1 kb	 0.0% Packages/com.unity.services.vivox/Runtime/SWIG/vx_vxd_t.cs
 0.1 kb	 0.0% Packages/com.unity.services.qos/Runtime/Runner/QosJob.cs
 0.1 kb	 0.0% Packages/com.unity.services.core/Runtime/Core/IService.cs
 0.1 kb	 0.0% Packages/com.unity.netcode.gameobjects/Runtime/Serialization/MemoryStructures/ByteBool.cs
 0.1 kb	 0.0% Packages/com.unity.netcode.gameobjects/Runtime/Messaging/MessageDelivery.cs
 0.1 kb	 0.0% Packages/com.unity.netcode.gameobjects/Runtime/Hashing/XXHash.cs
 0.1 kb	 0.0% Packages/com.unity.netcode.gameobjects/Runtime/Components/Helpers/AttachableNode.cs
 0.1 kb	 0.0% Packages/com.unity.mathematics/Unity.Mathematics/random.cs
 0.1 kb	 0.0% Packages/com.unity.mathematics/Unity.Mathematics/matrix.gen.cs
 0.1 kb	 0.0% Packages/com.unity.mathematics/Unity.Mathematics/matrix.cs
 0.1 kb	 0.0% Packages/com.unity.mathematics/Unity.Mathematics/Noise/noise4D.cs
 0.1 kb	 0.0% Packages/com.unity.mathematics/Unity.Mathematics/Noise/noise3D.cs
 0.1 kb	 0.0% Packages/com.unity.mathematics/Unity.Mathematics/Noise/noise2D.cs
 0.1 kb	 0.0% Packages/com.unity.mathematics/Unity.Mathematics/Noise/common.cs
 0.1 kb	 0.0% Packages/com.unity.inputsystem/InputSystem/Plugins/XR/Devices/OpenVR.cs
 0.1 kb	 0.0% Packages/com.unity.inputsystem/InputSystem/Plugins/HID/HID.cs
 0.1 kb	 0.0% Packages/com.unity.collections/Unity.Collections/xxHash3.cs
 0.1 kb	 0.0% Packages/com.unity.collections/Unity.Collections/Unicode.cs
 0.1 kb	 0.0% Packages/com.unity.collections/Unity.Collections/Memory.cs
 0.1 kb	 0.0% Packages/com.unity.collections/Unity.Collections/Jobs/IJobFilter.cs
 0.1 kb	 0.0% Packages/com.unity.collections/Unity.Collections/BitField.cs
 0.1 kb	 0.0% Packages/com.unity.cloud.gltfast/Runtime/Scripts/VertexBufferColors.cs
 0.1 kb	 0.0% Packages/com.unity.cloud.gltfast/Runtime/Scripts/VertexBufferBones.cs
 0.1 kb	 0.0% Packages/com.unity.cloud.gltfast/Runtime/Scripts/SubMeshAssignment.cs
 0.1 kb	 0.0% Packages/com.unity.cloud.gltfast/Runtime/Scripts/Schema/TextureTransform.cs
 0.1 kb	 0.0% Packages/com.unity.cloud.gltfast/Runtime/Scripts/Schema/RootExtensions.cs
 0.1 kb	 0.0% Packages/com.unity.cloud.gltfast/Runtime/Scripts/Schema/MeshPrimitive.cs
 0.1 kb	 0.0% Packages/com.unity.cloud.gltfast/Runtime/Scripts/Schema/MaterialUnlit.cs
 0.1 kb	 0.0% Packages/com.unity.cloud.gltfast/Runtime/Scripts/Schema/MaterialTransmission.cs
 0.1 kb	 0.0% Packages/com.unity.cloud.gltfast/Runtime/Scripts/Schema/MaterialSpecular.cs
 0.1 kb	 0.0% Packages/com.unity.cloud.gltfast/Runtime/Scripts/Schema/MaterialClearCoat.cs
 0.1 kb	 0.0% Packages/com.unity.cloud.gltfast/Runtime/Scripts/Schema/LightsPunctual.cs
 0.1 kb	 0.0% Packages/com.unity.cloud.gltfast/Runtime/Scripts/Schema/LightPunctual.cs
 0.1 kb	 0.0% Packages/com.unity.cloud.gltfast/Runtime/Scripts/Schema/AnimationSampler.cs
 0.1 kb	 0.0% Packages/com.unity.cloud.gltfast/Runtime/Scripts/Schema/AnimationChannel.cs
 0.1 kb	 0.0% Packages/com.unity.cloud.gltfast/Runtime/Scripts/Schema/AccessorSparse.cs
 0.1 kb	 0.0% Packages/com.unity.cloud.gltfast/Runtime/Scripts/RenderPipelineUtils.cs
 0.1 kb	 0.0% Packages/com.unity.cloud.gltfast/Runtime/Scripts/PrimitivesComparer.cs
 0.1 kb	 0.0% Packages/com.unity.cloud.gltfast/Runtime/Scripts/PrimitiveComparer.cs
 0.1 kb	 0.0% Packages/com.unity.cloud.gltfast/Runtime/Scripts/NodeHierarchyInfo.cs
 0.1 kb	 0.0% Packages/com.unity.cloud.gltfast/Runtime/Scripts/Newtonsoft/Schema/Skin.cs
 0.1 kb	 0.0% Packages/com.unity.cloud.gltfast/Runtime/Scripts/Newtonsoft/Schema/Root.cs
 0.1 kb	 0.0% Packages/com.unity.cloud.gltfast/Runtime/Scripts/Newtonsoft/Schema/Node.cs
 0.1 kb	 0.0% Packages/com.unity.cloud.gltfast/Runtime/Scripts/Newtonsoft/Schema/Mesh.cs
 0.1 kb	 0.0% Packages/com.unity.cloud.gltfast/Runtime/Scripts/MeshGeneratorBase.cs
 0.1 kb	 0.0% Packages/com.unity.cloud.gltfast/Runtime/Scripts/Logging/ConsoleLogger.cs
 0.1 kb	 0.0% Packages/com.unity.cloud.gltfast/Runtime/Scripts/Logging/CollectingLogger.cs
 0.1 kb	 0.0% Packages/com.unity.cloud.gltfast/Runtime/Scripts/Loading/ITextureDownload.cs
 0.1 kb	 0.0% Packages/com.unity.cloud.gltfast/Runtime/Scripts/Loading/INativeDownload.cs
 0.1 kb	 0.0% Packages/com.unity.cloud.gltfast/Runtime/Scripts/ImportAddons/IInstanceApplier.cs
 0.1 kb	 0.0% Packages/com.unity.cloud.gltfast/Runtime/Scripts/ImageFormatDetection.cs
 0.1 kb	 0.0% Packages/com.unity.cloud.gltfast/Runtime/Scripts/ITextureImageLoader.cs
 0.1 kb	 0.0% Packages/com.unity.cloud.gltfast/Runtime/Scripts/INodeHierarchyInfo.cs
 0.1 kb	 0.0% Packages/com.unity.cloud.gltfast/Runtime/Scripts/IMaterialProvider.cs
 0.1 kb	 0.0% Packages/com.unity.cloud.gltfast/Runtime/Scripts/Export/ImageExport.cs
 0.1 kb	 0.0% Packages/com.unity.cloud.gltfast/Runtime/Scripts/Export/IMeshData.cs
 0.1 kb	 0.0% Packages/com.unity.cloud.gltfast/Runtime/Scripts/Export/GltfWriter.cs
 0.1 kb	 0.0% Packages/com.unity.cloud.gltfast/Runtime/Scripts/Export/ExportJobs.cs
 0.1 kb	 0.0% Packages/com.unity.cloud.gltfast/Runtime/Scripts/Export/Constants.cs
 0.1 kb	 0.0% Packages/com.unity.cloud.gltfast/Runtime/Scripts/DontDestroyOnLoad.cs
 0.1 kb	 0.0% Packages/com.unity.cloud.gltfast/Runtime/Scripts/DefaultDeferAgent.cs
 0.1 kb	 0.0% Packages/com.unity.burst/Runtime/NoAliasAttribute.cs
 0.1 kb	 0.0% Packages/com.unity.burst/Runtime/FunctionPointer.cs
 0.1 kb	 0.0% Packages/com.unity.burst/Runtime/Editor/BurstLoader.cs
 0.1 kb	 0.0% Packages/com.unity.burst/Runtime/CompilerServices/Constant.cs
 0.1 kb	 0.0% Packages/com.unity.burst/Runtime/CompilerServices/Aliasing.cs
 0.1 kb	 0.0% Packages/com.unity.burst/Runtime/BurstString.Float.cs
 0.1 kb	 0.0% Packages/com.unity.burst/Runtime/BurstCompiler.cs
 0.1 kb	 0.0% Assets/Scripts/Presentation/GameUI.cs
 0.1 kb	 0.0% Assets/Scripts/GameBootstrap.cs
 0.1 kb	 0.0% Packages/com.unity.ugui/Runtime/UGUI/UI/Core/Culling/IClipRegion.cs
 0.1 kb	 0.0% Packages/com.unity.ugui/Runtime/TMP/TextMeshPro.cs
 0.1 kb	 0.0% Packages/com.unity.ugui/Runtime/TMP/TMP_TextInfo.cs
 0.1 kb	 0.0% Packages/com.unity.ugui/Runtime/TMP/TMP_SubMesh.cs
 0.1 kb	 0.0% Packages/com.unity.ugui/Runtime/TMP/TMP_Style.cs
 0.1 kb	 0.0% Packages/com.unity.ugui/Runtime/TMP/TMP_Sprite.cs
 0.1 kb	 0.0% Packages/com.unity.ugui/Runtime/TMP/TMP_Settings.cs
 0.1 kb	 0.0% Packages/com.unity.ugui/Runtime/TMP/TMP_MeshInfo.cs
 0.1 kb	 0.0% Packages/com.unity.ugui/Runtime/TMP/TMP_LineInfo.cs
 0.1 kb	 0.0% Packages/com.unity.ugui/Runtime/TMP/TMP_Dropdown.cs
 0.1 kb	 0.0% Packages/com.unity.ugui/Runtime/TMP/TMP_Asset.cs
 0.1 kb	 0.0% Packages/com.unity.ugui/Runtime/TMP/FastAction.cs
 0.1 kb	 0.0% Packages/com.unity.services.multiplayer/Runtime/Lobbies/SDK/LobbyUpdates/Internal/LobbyPatcher.cs
 0.1 kb	 0.0% Packages/com.unity.mathematics/Unity.Mathematics/int4.gen.cs
 0.1 kb	 0.0% Packages/com.unity.mathematics/Unity.Mathematics/int3.gen.cs
 0.1 kb	 0.0% Packages/com.unity.mathematics/Unity.Mathematics/int2.gen.cs
 0.1 kb	 0.0% Packages/com.unity.inputsystem/InputSystem/Devices/Pen.cs
 0.1 kb	 0.0% Packages/com.unity.cloud.gltfast/Runtime/Scripts/VertexStructs.cs
 0.1 kb	 0.0% Packages/com.unity.cloud.gltfast/Runtime/Scripts/Schema/GltfAnimation.cs
 0.1 kb	 0.0% Packages/com.unity.cloud.gltfast/Runtime/Scripts/Schema/FakeSchema/NamedObject.cs
 0.1 kb	 0.0% Packages/com.unity.cloud.gltfast/Runtime/Scripts/Material/Constants.cs
 0.1 kb	 0.0% Packages/com.unity.cloud.gltfast/Runtime/Scripts/CachedFunction.cs
 0.1 kb	 0.0% Packages/com.unity.burst/Runtime/Intrinsics/Common.cs
 0.1 kb	 0.0% Packages/com.unity.burst/Runtime/Intrinsics/Arm/NEON_ctor.cs
 0.1 kb	 0.0% Packages/com.unity.burst/Runtime/Intrinsics/Arm/NEON_AArch64.cs
 0.1 kb	 0.0% Assets/Scripts/Core/Skills/Skill.cs
 0.1 kb	 0.0% Packages/com.unity.ugui/Runtime/UGUI/UI/Core/VertexModifiers/Shadow.cs
 0.1 kb	 0.0% Packages/com.unity.ugui/Runtime/UGUI/UI/Core/VertexModifiers/Outline.cs
 0.1 kb	 0.0% Packages/com.unity.ugui/Runtime/UGUI/UI/Core/Toggle.cs
 0.1 kb	 0.0% Packages/com.unity.ugui/Runtime/UGUI/UI/Core/Slider.cs
 0.1 kb	 0.0% Packages/com.unity.ugui/Runtime/UGUI/UI/Core/RawImage.cs
 0.1 kb	 0.0% Packages/com.unity.ugui/Runtime/UGUI/UI/Core/Image.cs
 0.1 kb	 0.0% Packages/com.unity.ugui/Runtime/UGUI/UI/Core/IMask.cs
 0.1 kb	 0.0% Packages/com.unity.ugui/Runtime/UGUI/UI/Core/Graphic.cs
 0.1 kb	 0.0% Packages/com.unity.ugui/Runtime/UGUI/UI/Core/FontData.cs
 0.1 kb	 0.0% Packages/com.unity.ugui/Runtime/UGUI/UI/Core/Dropdown.cs
 0.1 kb	 0.0% Packages/com.unity.ugui/Runtime/UGUI/UI/Core/Culling/Clipping.cs
 0.1 kb	 0.0% Packages/com.unity.ugui/Runtime/UGUI/UI/Core/Button.cs
 0.1 kb	 0.0% Packages/com.unity.mathematics/Unity.Mathematics/svd.cs
 0.1 kb	 0.0% Packages/com.unity.mathematics/Unity.Mathematics/math.cs
 0.1 kb	 0.0% Packages/com.unity.mathematics/Unity.Mathematics/half.cs
 0.1 kb	 0.0% Packages/com.unity.cloud.gltfast/Runtime/Scripts/StreamExtension.cs
 0.1 kb	 0.0% Packages/com.unity.cloud.gltfast/Runtime/Scripts/Schema/TextureInfo.cs
 0.1 kb	 0.0% Packages/com.unity.cloud.gltfast/Runtime/Scripts/Schema/SpotLight.cs
 0.1 kb	 0.0% Packages/com.unity.cloud.gltfast/Runtime/Scripts/Schema/NamedObject.cs
 0.1 kb	 0.0% Packages/com.unity.cloud.gltfast/Runtime/Scripts/Schema/MaterialSheen.cs
 0.1 kb	 0.0% Packages/com.unity.cloud.gltfast/Runtime/Scripts/Schema/MaterialIor.cs
 0.1 kb	 0.0% Packages/com.unity.cloud.gltfast/Runtime/Scripts/Schema/JsonWriter.cs
 0.1 kb	 0.0% Packages/com.unity.cloud.gltfast/Runtime/Scripts/Schema/IBufferView.cs
 0.1 kb	 0.0% Packages/com.unity.cloud.gltfast/Runtime/Scripts/Schema/Constants.cs
 0.1 kb	 0.0% Packages/com.unity.cloud.gltfast/Runtime/Scripts/Schema/BufferView.cs
 0.1 kb	 0.0% Packages/com.unity.cloud.gltfast/Runtime/Scripts/RootExtension.cs
 0.1 kb	 0.0% Packages/com.unity.cloud.gltfast/Runtime/Scripts/NodeExtension.cs
 0.1 kb	 0.0% Packages/com.unity.cloud.gltfast/Runtime/Scripts/NativeFileReader.cs
 0.1 kb	 0.0% Packages/com.unity.cloud.gltfast/Runtime/Scripts/MeshGenerator.cs
 0.1 kb	 0.0% Packages/com.unity.cloud.gltfast/Runtime/Scripts/MeshAssignment.cs
 0.1 kb	 0.0% Packages/com.unity.cloud.gltfast/Runtime/Scripts/Logging/LogMessages.cs
 0.1 kb	 0.0% Packages/com.unity.cloud.gltfast/Runtime/Scripts/Logging/ICodeLogger.cs
 0.1 kb	 0.0% Packages/com.unity.cloud.gltfast/Runtime/Scripts/Loading/IDownload.cs
 0.1 kb	 0.0% Packages/com.unity.cloud.gltfast/Runtime/Scripts/Jobs.cs
 0.1 kb	 0.0% Packages/com.unity.cloud.gltfast/Runtime/Scripts/ImportSettings.cs
 0.1 kb	 0.0% Packages/com.unity.cloud.gltfast/Runtime/Scripts/ImportContext.cs
 0.1 kb	 0.0% Packages/com.unity.cloud.gltfast/Runtime/Scripts/ImportAddons/ImportAddon.cs
 0.1 kb	 0.0% Packages/com.unity.cloud.gltfast/Runtime/Scripts/ImportAddons/IDataCache.cs
 0.1 kb	 0.0% Packages/com.unity.cloud.gltfast/Runtime/Scripts/IInstantiator.cs
 0.1 kb	 0.0% Packages/com.unity.cloud.gltfast/Runtime/Scripts/IGltfReadable.cs
 0.1 kb	 0.0% Packages/com.unity.cloud.gltfast/Runtime/Scripts/IGltfAccessors.cs
 0.1 kb	 0.0% Packages/com.unity.cloud.gltfast/Runtime/Scripts/GltfBoundsAsset.cs
 0.1 kb	 0.0% Packages/com.unity.cloud.gltfast/Runtime/Scripts/GltfAssetBase.cs
 0.1 kb	 0.0% Packages/com.unity.cloud.gltfast/Runtime/Scripts/AnimationUtils.cs
 0.1 kb	 0.0% Packages/com.unity.burst/Runtime/SharedStatic.cs
 0.1 kb	 0.0% Packages/com.unity.burst/Runtime/Intrinsics/x86/Ssse3.cs
 0.1 kb	 0.0% Packages/com.unity.burst/Runtime/Intrinsics/x86/Sse4_2.cs
 0.1 kb	 0.0% Packages/com.unity.burst/Runtime/Intrinsics/x86/Sse4_1.cs
 0.1 kb	 0.0% Packages/com.unity.burst/Runtime/Intrinsics/x86/Popcnt.cs
 0.1 kb	 0.0% Packages/com.unity.burst/Runtime/Intrinsics/x86/Common.cs
 0.1 kb	 0.0% Packages/com.unity.burst/Runtime/CompilerServices/Hint.cs
 0.1 kb	 0.0% Packages/com.unity.burst/Runtime/BurstString.cs
 0.1 kb	 0.0% Packages/com.unity.burst/Runtime/BurstRuntime.cs
 0.1 kb	 0.0% Assets/Scripts/GameManager.cs
 0.1 kb	 0.0% Packages/com.unity.ugui/Runtime/TMP/TMP_Text.cs
 0.1 kb	 0.0% Packages/com.unity.inputsystem/InputSystem/Plugins/UI/UISupport.cs
 0.1 kb	 0.0% Packages/com.unity.cloud.gltfast/Runtime/Scripts/Schema/GltfCamera.cs
 0.1 kb	 0.0% Packages/com.unity.cloud.gltfast/Runtime/Scripts/Schema/FakeSchema/Material.cs
 0.1 kb	 0.0% Packages/com.unity.cloud.gltfast/Runtime/Scripts/Extensions.cs
 0.1 kb	 0.0% Packages/com.unity.burst/Runtime/Intrinsics/x86/Sse3.cs
 0.1 kb	 0.0% Packages/com.unity.burst/Runtime/Intrinsics/x86/Sse2.cs
 0.1 kb	 0.0% Packages/com.unity.burst/Runtime/Intrinsics/x86/Sse.cs
 0.1 kb	 0.0% Packages/com.unity.burst/Runtime/Intrinsics/x86/Fma.cs
 0.1 kb	 0.0% Packages/com.unity.burst/Runtime/Intrinsics/x86/F16C.cs
 0.1 kb	 0.0% Packages/com.unity.burst/Runtime/Intrinsics/x86/Csr.cs
 0.1 kb	 0.0% Packages/com.unity.burst/Runtime/Intrinsics/x86/Bmi2.cs
 0.1 kb	 0.0% Packages/com.unity.burst/Runtime/Intrinsics/x86/Bmi1.cs
 0.1 kb	 0.0% Packages/com.unity.burst/Runtime/Intrinsics/x86/Avx2.cs
 0.1 kb	 0.0% Packages/com.unity.burst/Runtime/Intrinsics/x86/Avx.cs
 0.1 kb	 0.0% Packages/com.unity.burst/Runtime/Intrinsics/v64.cs
 0.1 kb	 0.0% Packages/com.unity.burst/Runtime/Intrinsics/v256.cs
 0.1 kb	 0.0% Packages/com.unity.burst/Runtime/Intrinsics/v128.cs
 0.1 kb	 0.0% Packages/com.unity.burst/Runtime/Intrinsics/Arm/NEON.cs
 0.1 kb	 0.0% Assets/Scripts/Core/Items/Item.cs
 0.1 kb	 0.0% Assets/Resources/UnityPlayerAccountSettings.asset
 0.1 kb	 0.0% Packages/com.unity.ugui/Runtime/UGUI/UI/Core/Text.cs
 0.1 kb	 0.0% Packages/com.unity.ugui/Runtime/UGUI/UI/Core/Misc.cs
 0.1 kb	 0.0% Packages/com.unity.ugui/Runtime/UGUI/UI/Core/Mask.cs
 0.1 kb	 0.0% Packages/com.unity.cloud.gltfast/Runtime/Scripts/UvTransform.cs
 0.1 kb	 0.0% Packages/com.unity.cloud.gltfast/Runtime/Scripts/UriHelper.cs
 0.1 kb	 0.0% Packages/com.unity.cloud.gltfast/Runtime/Scripts/Schema/Texture.cs
 0.1 kb	 0.0% Packages/com.unity.cloud.gltfast/Runtime/Scripts/Schema/Scene.cs
 0.1 kb	 0.0% Packages/com.unity.cloud.gltfast/Runtime/Scripts/Schema/Sampler.cs
 0.1 kb	 0.0% Packages/com.unity.cloud.gltfast/Runtime/Scripts/Schema/Material.cs
 0.1 kb	 0.0% Packages/com.unity.cloud.gltfast/Runtime/Scripts/Schema/Image.cs
 0.1 kb	 0.0% Packages/com.unity.cloud.gltfast/Runtime/Scripts/Schema/Buffer.cs
 0.1 kb	 0.0% Packages/com.unity.cloud.gltfast/Runtime/Scripts/Schema/Asset.cs
 0.1 kb	 0.0% Packages/com.unity.cloud.gltfast/Runtime/Scripts/Schema/Accessor.cs
 0.1 kb	 0.0% Packages/com.unity.cloud.gltfast/Runtime/Scripts/SamplerKey.cs
 0.1 kb	 0.0% Packages/com.unity.cloud.gltfast/Runtime/Scripts/PrimitiveSet.cs
 0.1 kb	 0.0% Packages/com.unity.cloud.gltfast/Runtime/Scripts/MeshSubset.cs
 0.1 kb	 0.0% Packages/com.unity.cloud.gltfast/Runtime/Scripts/MeshResult.cs
 0.1 kb	 0.0% Packages/com.unity.cloud.gltfast/Runtime/Scripts/MeshOrder.cs
 0.1 kb	 0.0% Packages/com.unity.cloud.gltfast/Runtime/Scripts/MeshComparer.cs
 0.1 kb	 0.0% Packages/com.unity.cloud.gltfast/Runtime/Scripts/Mathematics.cs
 0.1 kb	 0.0% Packages/com.unity.cloud.gltfast/Runtime/Scripts/IndicesData.cs
 0.1 kb	 0.0% Packages/com.unity.cloud.gltfast/Runtime/Scripts/ImageResult.cs
 0.1 kb	 0.0% Packages/com.unity.cloud.gltfast/Runtime/Scripts/ImageImport.cs
 0.1 kb	 0.0% Packages/com.unity.cloud.gltfast/Runtime/Scripts/IGltfBuffers.cs
 0.1 kb	 0.0% Packages/com.unity.cloud.gltfast/Runtime/Scripts/IDeferAgent.cs
 0.1 kb	 0.0% Packages/com.unity.cloud.gltfast/Runtime/Scripts/GltfImport.cs
 0.1 kb	 0.0% Packages/com.unity.cloud.gltfast/Runtime/Scripts/GltfGlobals.cs
 0.1 kb	 0.0% Packages/com.unity.cloud.gltfast/Runtime/Scripts/GltfAsset.cs
 0.1 kb	 0.0% Packages/com.unity.cloud.gltfast/Runtime/Scripts/GlbBinChunk.cs
 0.1 kb	 0.0% Packages/com.unity.cloud.gltfast/Runtime/Scripts/DestroyUtils.cs
 0.1 kb	 0.0% Packages/com.unity.cloud.gltfast/Runtime/Scripts/Schema/FakeSchema/Root.cs
 0.1 kb	 0.0% Packages/com.unity.cloud.gltfast/Runtime/Scripts/Schema/FakeSchema/Mesh.cs
 0.1 kb	 0.0% Packages/com.unity.cloud.gltfast/Runtime/Scripts/ushort3.cs
 0.1 kb	 0.0% Packages/com.unity.cloud.gltfast/Runtime/Scripts/short4.cs
 0.1 kb	 0.0% Packages/com.unity.cloud.gltfast/Runtime/Scripts/short3.cs
 0.1 kb	 0.0% Packages/com.unity.cloud.gltfast/Runtime/Scripts/sbyte4.cs
 0.1 kb	 0.0% Packages/com.unity.cloud.gltfast/Runtime/Scripts/sbyte3.cs
 0.1 kb	 0.0% Packages/com.unity.cloud.gltfast/Runtime/Scripts/byte3.cs
 0.1 kb	 0.0% Packages/com.unity.cloud.gltfast/Runtime/Scripts/Schema/Skin.cs
 0.1 kb	 0.0% Packages/com.unity.cloud.gltfast/Runtime/Scripts/Schema/Root.cs
 0.1 kb	 0.0% Packages/com.unity.cloud.gltfast/Runtime/Scripts/Schema/Node.cs
 0.1 kb	 0.0% Packages/com.unity.cloud.gltfast/Runtime/Scripts/Schema/Mesh.cs
 0.1 kb	 0.0% Packages/com.unity.cloud.gltfast/Runtime/Scripts/DataUri.cs
 0.1 kb	 0.0% Assets/DefaultNetworkPrefabs.asset
 0.1 kb	 0.0% Assets/Resources/PerformanceTestRunSettings.json
 0.0 kb	 0.0% Assets/Settings/PC_RPAsset.asset
-------------------------------------------------------------------------------
Unloading 0 Unused Serialized files (Serialized files now loaded: 0)
Unloading 331 unused Assets / (1.1 MB). Loaded Objects now: 7279.
Memory consumption went from 164.7 MB to 163.5 MB.
Total: 10.080300 ms (FindLiveObjects: 0.307500 ms CreateObjectMapping: 0.229100 ms MarkObjects: 8.952500 ms  DeleteObjects: 0.590200 ms)

DisplayProgressNotification: Build Successful
Build Finished, Result: Success.
Total cache size 272208431
Total cache size after purge 268144183, took 00:00:00.2452964
##utp:{"type":"PlayerBuildInfo","version":2,"phase":"Immediate","time":1788708826562,"processId":70172,"steps":[{"description":"Preprocess Player","duration":51},{"description":"Prepare For Build","duration":0},{"description":"ProducePlayerScriptAssemblies","duration":18189},{"description":"Verify Build setup","duration":35},{"description":"Prepare assets for target platform","duration":4193},{"description":"Prepare splash screen","duration":19},{"description":"Building scenes","duration":313},{"description":"Build scripts DLLs","duration":29},{"description":"Build GlobalGameManagers file","duration":123},{"description":"Writing asset files","duration":1428},{"description":"Building Resources/unity_builtin_extra","duration":2554},{"description":"Creating compressed player package","duration":1421},{"description":"Write data build dirty tracking information","duration":186},{"description":"Postprocess built player","duration":290129}],"duration":318670}
Unloading 0 Unused Serialized files (Serialized files now loaded: 0)
Loaded scene 'Temp/__Backupscenes/0.backup'
	Deserialize:            0.373 ms
	Integration:            163.757 ms
	Integration of assets:  0.002 ms
	Thread Wait Time:       0.013 ms
	Total Operation Time:   164.145 ms
Unloading 0 unused Assets / (7.7 KB). Loaded Objects now: 7272.
Memory consumption went from 154.2 MB to 154.2 MB.
Total: 7.994300 ms (FindLiveObjects: 0.265500 ms CreateObjectMapping: 0.193500 ms MarkObjects: 7.516900 ms  DeleteObjects: 0.017500 ms)

[WebGLBuilder] Build OK → C:\Repos\BizarreChess2\BuildWeb (142807088 bytes)
UnityEngine.Debug:ExtractStackTraceNoAlloc (byte*,int,string)
UnityEngine.StackTraceUtility:ExtractStackTrace ()
UnityEngine.DebugLogHandler:Internal_Log (UnityEngine.LogType,UnityEngine.LogOption,string,UnityEngine.Object)
UnityEngine.DebugLogHandler:LogFormat (UnityEngine.LogType,UnityEngine.Object,string,object[])
UnityEngine.Logger:Log (UnityEngine.LogType,object)
UnityEngine.Debug:Log (object)
BizarreChess.Editor.WebGLBuilder:Build () (at Assets/Scripts/Editor/WebGLBuilder.cs:60)

(Filename: Assets/Scripts/Editor/WebGLBuilder.cs Line: 60)

[websockify wrapper] OnUnload
[websockify wrapper] Process killed
[Physics::Module] Cleanup current backned.
[Physics::Module] Id: 0xf2b8ea05
Input System module state changed to: ShutdownInProgress.
Input System polling thread exited.
Input System module state changed to: Shutdown.
[Licensing::IpcConnector] LicenseClient-Orion-notifications channel disconnected successfully.
[Licensing::IpcConnector] LicenseClient-Orion channel disconnected successfully.
AcceleratorClientConnectionCallback - disconnected - :0
Cleanup mono
[websockify wrapper] OnUnload
Checking for leaked weakptr:
  Found no leaked weakptrs.
[Package Manager] Server process was shutdown
##utp:{"type":"MemoryLeaks","version":2,"phase":"Immediate","time":1788708827350,"processId":70172,"allocatedMemory":13185668,"memoryLabels":[{"Default":26813},{"Permanent":15412},{"NewDelete":69777},{"Thread":4230344},{"Manager":30586},{"VertexData":8},{"Geometry":816},{"VFX":-104},{"Texture":296},{"Shader":78821},{"Material":24},{"GfxDevice":55208},{"Animation":328},{"Audio":4040},{"Font":350245},{"FreeType":6860},{"FontEngine":256},{"Physics":1241},{"Serialization":880},{"Input":14824},{"JobScheduler":33808},{"TextLib":160},{"Mono":32},{"ScriptingNativeRuntime":155060},{"BaseObject":1624528},{"Resource":1304},{"Renderer":2928},{"Transform":4646},{"File":3941},{"WebCam":616},{"Culling":32},{"Terrain":11394},{"Wind":24},{"STL":40},{"String":345329},{"DynamicArray":98762},{"HashMap":105939},{"Utility":2665606},{"Curl":48},{"PoolAlloc":2152},{"AI":40},{"TypeTree":5005},{"ScriptManager":512},{"RuntimeInitializeOnLoadManager":64},{"SpriteAtlas":112},{"GI":7824},{"Director":8240},{"CloudService":100112},{"WebRequest":5809},{"VR":46058},{"SceneManager":496},{"Video":64},{"LazyScriptCache":32},{"NativeArray":8},{"Camera":17},{"Secure":1},{"SerializationCache":1576},{"APIUpdating":10320},{"Subsystems":336},{"VirtualTexturing":57888},{"StaticSafetyDebugInfo":278528},{"Analytics":560},{"Hierarchy":272},{"Gui":80},{"EditorUtility":83121},{"VersionControl":4},{"Undo":947},{"AssetDatabase":2578645},{"EditorGi":328},{"UnityConnect":24512},{"Upm":1972},{"DrivenProperties":72},{"ChannelService":384},{"LocalIPC":260},{"ProfilerEditor":9738},{"CoreBusinessMetrics":15019},{"Licensing":3624},{"AssetReference":32},{"IPCStream":32}]}
~StackAllocator(ALLOC_TEMP_MAIN) m_LastAlloc not NULL. Did you forget to call FreeAllStackAllocations()? To get more information, run app with -diag-temp-memory-leak-validation cmd line argument
